진료년도,주상병코드,의료기관종별,환자수,명세서청구건수,입내원일수,보험자부담금(선별포함),요양급여비용총액(선별포함)
2025,A00,상급종합병원,2 ,7 ,21 ,48977820 ,61961270 
2025,A00,종합병원,6 ,10 ,33 ,11331880 ,12684470 
2025,A00,치과병원,2 ,2 ,2 ,46410 ,77210 
2025,A00,의원,47 ,75 ,75 ,2526350 ,3422270 
2025,A00,보건지소,1 ,1 ,1 ,4850 ,5350 
2025,A00,병원,11 ,12 ,12 ,325020 ,427620 
2025,A00,보건소,2 ,2 ,2 ,11180 ,12180 
2025,A00,치과의원,16 ,16 ,16 ,405110 ,573610 
2025,A01,상급종합병원,11 ,20 ,49 ,19261500 ,23259120 
2025,A01,종합병원,54 ,106 ,466 ,132577120 ,158877700 
2025,A01,의원,17 ,25 ,30 ,1932640 ,2261960 
2025,A01,병원,21 ,26 ,142 ,27562290 ,33326720 
2025,A01,치과의원,2 ,2 ,2 ,49200 ,70100 
2025,A01,보건의료원,1 ,2 ,2 ,31170 ,32670 
2025,A01,정신병원,1 ,1 ,1 ,16390 ,20480 
2025,A02,상급종합병원,699 ,1208 ,4084 ,1896455370 ,2267998510 
2025,A02,종합병원,4210 ,6905 ,25131 ,6824468740 ,8461302690 
2025,A02,의원,2680 ,4142 ,5676 ,390338280 ,454931750 
2025,A02,보건지소,1 ,1 ,1 ,4850 ,5350 
2025,A02,병원,3288 ,4736 ,15653 ,2752030390 ,3266359520 
2025,A02,요양병원,6 ,22 ,212 ,20478110 ,27137390 
2025,A02,보건소,2 ,2 ,2 ,11180 ,12180 
2025,A03,상급종합병원,5 ,10 ,34 ,17837950 ,22082240 
2025,A03,종합병원,76 ,120 ,459 ,156250200 ,193312570 
2025,A03,의원,32 ,41 ,48 ,2801580 ,3629200 
2025,A03,병원,52 ,73 ,367 ,80680690 ,95532680 
2025,A03,요양병원,2 ,2 ,2 ,55470 ,85070 
2025,A04,상급종합병원,4560 ,8659 ,18025 ,6440644220 ,7985615150 
2025,A04,종합병원,32146 ,52608 ,149336 ,36354531560 ,46395362640 
2025,A04,한방병원,115 ,135 ,132 ,5447690 ,7545930 
2025,A04,치과병원,4 ,6 ,6 ,165500 ,275700 
2025,A04,의원,520134 ,718686 ,727115 ,15621906860 ,21097192030 
2025,A04,보건지소,30 ,43 ,43 ,407250 ,466850 
2025,A04,보건진료소,1 ,1 ,1 ,7960 ,8860 
2025,A04,병원,34893 ,49026 ,113953 ,17597894620 ,21237604810 
2025,A04,요양병원,688 ,1341 ,13086 ,1198359460 ,1564308980 
2025,A04,보건소,24 ,26 ,26 ,145340 ,158340 
2025,A04,보건의료원,68 ,104 ,104 ,3002250 ,4046050 
2025,A04,정신병원,50 ,71 ,544 ,96091770 ,114791560 
2025,A05,상급종합병원,48 ,69 ,86 ,16831460 ,20719040 
2025,A05,종합병원,1239 ,1812 ,4269 ,1029445800 ,1359354880 
2025,A05,한방병원,89 ,93 ,90 ,3057110 ,4096590 
2025,A05,의원,17312 ,22764 ,22843 ,377346800 ,508407140 
2025,A05,보건지소,20 ,21 ,21 ,199900 ,225200 
2025,A05,보건진료소,52 ,56 ,56 ,456600 ,527700 
2025,A05,병원,525 ,626 ,1894 ,207545390 ,276848590 
2025,A05,요양병원,31 ,42 ,124 ,9846580 ,12916750 
2025,A05,보건소,4 ,5 ,5 ,27350 ,30450 
2025,A05,보건의료원,20 ,20 ,20 ,585150 ,829450 
2025,A06,상급종합병원,84 ,295 ,393 ,105246480 ,142104920 
2025,A06,종합병원,113 ,258 ,506 ,98849930 ,136307120 
2025,A06,의원,2700 ,4457 ,4454 ,67586240 ,89059430 
2025,A06,보건지소,1 ,1 ,1 ,4850 ,5350 
2025,A06,병원,31 ,47 ,91 ,14318570 ,19253210 
2025,A06,요양병원,1 ,2 ,34 ,2389720 ,3265770 
2025,A07,상급종합병원,11 ,19 ,19 ,192140 ,671550 
2025,A07,종합병원,23 ,38 ,83 ,18486640 ,22685900 
2025,A07,한방병원,1 ,1 ,0 ,139840 ,174790 
2025,A07,의원,621 ,858 ,858 ,13495410 ,17876390 
2025,A07,병원,19 ,22 ,22 ,989730 ,1657580 
2025,A07,요양병원,1 ,1 ,1 ,2700 ,4400 
2025,A07,보건소,1 ,1 ,1 ,5590 ,6090 
2025,A08,상급종합병원,1378 ,1588 ,4037 ,1812041980 ,2075073630 
2025,A08,종합병원,17981 ,24680 ,59117 ,13580136940 ,15923629590 
2025,A08,한방병원,235 ,297 ,332 ,10324420 ,14784840 
2025,A08,치과병원,1 ,3 ,3 ,0 ,0 
2025,A08,의원,284135 ,398079 ,412557 ,9869472120 ,12314665080 
2025,A08,보건지소,69 ,79 ,79 ,769750 ,912550 
2025,A08,보건진료소,237 ,364 ,364 ,3292820 ,3703120 
2025,A08,병원,56328 ,79496 ,173955 ,28944134730 ,32430654680 
2025,A08,요양병원,692 ,1070 ,1128 ,22203830 ,29851420 
2025,A08,보건소,18 ,20 ,20 ,110600 ,121800 
2025,A08,치과의원,1 ,1 ,1 ,7750 ,10950 
2025,A08,보건의료원,43 ,46 ,46 ,1062760 ,1443600 
2025,A08,정신병원,34 ,42 ,130 ,5764920 ,8080110 
2025,A09,상급종합병원,21571 ,25133 ,39057 ,13716054830 ,17795427150 
2025,A09,종합병원,567679 ,777842 ,1187735 ,198778203740 ,274099324490 
2025,A09,한방병원,2034 ,2553 ,2785 ,152579120 ,215736570 
2025,A09,치과병원,169 ,232 ,232 ,3628700 ,6017700 
2025,A09,의원,3788879 ,5896807 ,5922341 ,119328926450 ,160751920160 
2025,A09,보건지소,3227 ,4143 ,4143 ,47069880 ,57774180 
2025,A09,보건진료소,12227 ,19271 ,19271 ,170398420 ,197560020 
2025,A09,병원,659414 ,1000622 ,1255740 ,86621567280 ,116557692660 
2025,A09,요양병원,4326 ,6655 ,22328 ,1313255060 ,1781221650 
2025,A09,보건소,2024 ,2454 ,2454 ,14131880 ,15596680 
2025,A09,치과의원,6 ,7 ,7 ,119490 ,167890 
2025,A09,보건의료원,7950 ,9641 ,9819 ,305813970 ,413248320 
2025,A09,정신병원,618 ,934 ,1374 ,120138320 ,161738860 
2025,A15,상급종합병원,4348 ,27431 ,39341 ,20441538820 ,21032142510 
2025,A15,종합병원,7965 ,46930 ,95718 ,32912135880 ,34104397290 
2025,A15,한방병원,3 ,10 ,109 ,13849870 ,18914410 
2025,A15,의원,652 ,2489 ,2536 ,207272090 ,220014970 
2025,A15,보건지소,2 ,2 ,2 ,8900 ,10700 
2025,A15,병원,1371 ,7505 ,39987 ,9035593410 ,9411853390 
2025,A15,요양병원,277 ,957 ,13830 ,1244015550 ,1452264290 
2025,A15,보건소,109 ,171 ,171 ,1129940 ,1291140 
2025,A15,보건의료원,48 ,120 ,120 ,5115300 ,5368400 
2025,A15,정신병원,4 ,52 ,69 ,13742650 ,13936310 
2025,A16,상급종합병원,4114 ,24688 ,33253 ,14446234310 ,14900908350 
2025,A16,종합병원,6535 ,37475 ,68089 ,21494636310 ,22412162730 
2025,A16,한방병원,4 ,10 ,13 ,9856440 ,11559640 
2025,A16,의원,1212 ,2069 ,2061 ,143106970 ,180759450 
2025,A16,병원,671 ,2485 ,8982 ,1912680250 ,2104016740 
2025,A16,요양병원,274 ,852 ,12738 ,1141908500 ,1342929600 
2025,A16,보건소,44 ,51 ,51 ,305590 ,369090 
2025,A16,보건의료원,6 ,6 ,6 ,242140 ,327640 
2025,A16,정신병원,1 ,1 ,5 ,716650 ,749100 
2025,A17,상급종합병원,146 ,648 ,3086 ,1803897930 ,1972774600 
2025,A17,종합병원,135 ,721 ,2447 ,1048044850 ,1187815370 
2025,A17,의원,4 ,4 ,4 ,1085620 ,1354190 
2025,A17,병원,17 ,198 ,1433 ,316564800 ,372911700 
2025,A17,요양병원,23 ,155 ,2187 ,214486030 ,265350430 
2025,A17,보건소,1 ,220 ,220 ,454530 ,616230 
2025,A18,상급종합병원,2043 ,12140 ,18235 ,5134289090 ,5584854300 
2025,A18,종합병원,1443 ,8471 ,14266 ,3613615640 ,3925840600 
2025,A18,한방병원,1 ,1 ,1 ,18540 ,30740 
2025,A18,의원,258 ,728 ,732 ,42406880 ,50135290 
2025,A18,보건지소,1 ,1 ,1 ,10000 ,10900 
2025,A18,병원,110 ,469 ,1549 ,225273640 ,255154130 
2025,A18,요양병원,60 ,263 ,4026 ,379100840 ,442854480 
2025,A18,보건소,2 ,2 ,2 ,9980 ,12180 
2025,A19,상급종합병원,120 ,682 ,2386 ,1681104580 ,1738384220 
2025,A19,종합병원,156 ,740 ,2898 ,1319421360 ,1369704340 
2025,A19,치과병원,1 ,2 ,2 ,61080 ,61080 
2025,A19,의원,10 ,12 ,11 ,403100 ,508300 
2025,A19,병원,19 ,61 ,347 ,62587190 ,66393090 
2025,A19,요양병원,20 ,117 ,2071 ,191580130 ,237069050 
2025,A19,보건의료원,1 ,1 ,1 ,16260 ,18060 
2025,A20,상급종합병원,1 ,2 ,2 ,124800 ,344400 
2025,A20,의원,8 ,8 ,8 ,137670 ,194570 
2025,A21,의원,4 ,4 ,4 ,63230 ,82630 
2025,A21,정신병원,1 ,1 ,0 ,14140 ,16440 
2025,A22,종합병원,3 ,3 ,3 ,271290 ,545840 
2025,A22,의원,3 ,4 ,4 ,78590 ,111990 
2025,A22,병원,4 ,6 ,6 ,98310 ,165730 
2025,A23,상급종합병원,2 ,4 ,59 ,20402240 ,26130820 
2025,A23,종합병원,4 ,23 ,38 ,6961360 ,8861780 
2025,A24,상급종합병원,5 ,16 ,30 ,2246360 ,3485510 
2025,A24,종합병원,1 ,2 ,2 ,6420 ,12620 
2025,A24,한방병원,1 ,1 ,1 ,50510 ,77610 
2025,A24,의원,9 ,13 ,13 ,220450 ,313850 
2025,A24,병원,1 ,4 ,4 ,40120 ,64620 
2025,A25,상급종합병원,3 ,3 ,3 ,30030 ,264630 
2025,A25,종합병원,3 ,5 ,5 ,237090 ,479170 
2025,A25,의원,18 ,22 ,25 ,1090100 ,1471830 
2025,A25,보건진료소,1 ,2 ,2 ,5960 ,7760 
2025,A25,병원,9 ,11 ,11 ,362860 ,587030 
2025,A26,상급종합병원,11 ,25 ,25 ,679930 ,1736060 
2025,A26,종합병원,43 ,68 ,129 ,18007380 ,24987180 
2025,A26,의원,231 ,494 ,503 ,9623140 ,12889360 
2025,A26,병원,20 ,26 ,48 ,4501520 ,5584200 
2025,A26,요양병원,1 ,1 ,1 ,25920 ,43120 
2025,A27,상급종합병원,4 ,7 ,53 ,66623250 ,81606260 
2025,A27,종합병원,31 ,50 ,221 ,51238760 ,69598240 
2025,A27,의원,8 ,8 ,8 ,619610 ,735310 
2025,A27,병원,6 ,10 ,27 ,3815270 ,5212790 
2025,A28,상급종합병원,4 ,6 ,10 ,2635970 ,3882020 
2025,A28,종합병원,40 ,65 ,109 ,17174890 ,23865870 
2025,A28,한방병원,1 ,1 ,1 ,9300 ,15500 
2025,A28,의원,160 ,211 ,210 ,4691590 ,6597040 
2025,A28,보건지소,4 ,5 ,5 ,33350 ,37850 
2025,A28,보건진료소,3 ,3 ,3 ,25320 ,33220 
2025,A28,병원,42 ,66 ,66 ,1520040 ,2469940 
2025,A28,요양병원,7 ,7 ,7 ,243690 ,367890 
2025,A28,보건소,1 ,1 ,1 ,4990 ,6090 
2025,A28,보건의료원,1 ,1 ,1 ,63370 ,90470 
2025,A28,정신병원,1 ,1 ,1 ,14270 ,23770 
2025,A30,상급종합병원,2 ,3 ,3 ,75200 ,240900 
2025,A30,의원,85 ,142 ,1081 ,44343150 ,61679380 
2025,A30,병원,1 ,3 ,3 ,94170 ,144770 
2025,A31,상급종합병원,19803 ,95471 ,108286 ,9832653870 ,16630027940 
2025,A31,종합병원,10221 ,49666 ,58203 ,4834366510 ,7244947620 
2025,A31,한방병원,4 ,4 ,0 ,149270 ,186570 
2025,A31,의원,4016 ,10135 ,10084 ,338242830 ,472468600 
2025,A31,병원,510 ,4741 ,6363 ,353636050 ,503884730 
2025,A31,요양병원,59 ,214 ,3071 ,228537320 ,298295160 
2025,A31,보건소,16 ,16 ,16 ,81640 ,97440 
2025,A31,보건의료원,10 ,102 ,102 ,2056090 ,2600890 
2025,A32,상급종합병원,16 ,50 ,518 ,664048860 ,761517650 
2025,A32,종합병원,14 ,36 ,314 ,159422970 ,204491500 
2025,A32,의원,1 ,1 ,1 ,11230 ,15930 
2025,A32,병원,3 ,27 ,429 ,83167560 ,106460270 
2025,A32,요양병원,2 ,3 ,17 ,851070 ,1072810 
2025,A34,의원,1 ,1 ,1 ,17790 ,25290 
2025,A35,상급종합병원,26 ,50 ,373 ,378864890 ,464438050 
2025,A35,종합병원,29 ,54 ,206 ,97683980 ,117166330 
2025,A35,한방병원,4 ,4 ,4 ,109950 ,179350 
2025,A35,의원,394 ,509 ,509 ,16417590 ,23305570 
2025,A35,보건지소,3 ,3 ,3 ,17450 ,19750 
2025,A35,보건진료소,1 ,1 ,1 ,7960 ,8860 
2025,A35,병원,49 ,59 ,92 ,9866740 ,13388690 
2025,A35,요양병원,6 ,14 ,187 ,11715230 ,17130230 
2025,A35,보건소,8 ,8 ,8 ,54720 ,63520 
2025,A35,보건의료원,10 ,10 ,10 ,262770 ,374370 
2025,A35,정신병원,6 ,6 ,6 ,151870 ,233270 
2025,A36,종합병원,1 ,1 ,1 ,11140 ,22140 
2025,A36,의원,5 ,6 ,6 ,185230 ,264130 
2025,A37,상급종합병원,58 ,106 ,179 ,54954730 ,64742710 
2025,A37,종합병원,685 ,1141 ,2828 ,588720900 ,696482270 
2025,A37,의원,2529 ,4264 ,4817 ,204046740 ,251750420 
2025,A37,병원,1294 ,2008 ,5046 ,848239460 ,963998590 
2025,A37,요양병원,3 ,4 ,4 ,49080 ,64180 
2025,A37,보건소,41 ,41 ,41 ,225990 ,249690 
2025,A37,보건의료원,4 ,6 ,6 ,268510 ,383010 
2025,A38,상급종합병원,192 ,286 ,398 ,112467490 ,132456310 
2025,A38,종합병원,1065 ,1799 ,2579 ,357840710 ,417097170 
2025,A38,의원,6791 ,12458 ,12695 ,287181200 ,373975770 
2025,A38,병원,4228 ,6280 ,9497 ,1030675540 ,1204553330 
2025,A38,보건의료원,2 ,2 ,2 ,18220 ,25820 
2025,A39,상급종합병원,9 ,35 ,91 ,35666730 ,45735100 
2025,A39,종합병원,13 ,22 ,71 ,25312940 ,32713480 
2025,A39,의원,4 ,5 ,5 ,199460 ,284560 
2025,A39,병원,1 ,1 ,1 ,3820 ,6220 
2025,A39,요양병원,1 ,1 ,3 ,669970 ,854490 
2025,A40,상급종합병원,146 ,305 ,2093 ,1232608080 ,1504052670 
2025,A40,종합병원,166 ,407 ,3400 ,1701983890 ,2079568100 
2025,A40,의원,46 ,74 ,74 ,2620890 ,3716640 
2025,A40,병원,14 ,18 ,138 ,19652990 ,25396230 
2025,A40,요양병원,25 ,69 ,841 ,134209580 ,157256930 
2025,A41,상급종합병원,6954 ,12571 ,103175 ,96850762520 ,115000184350 
2025,A41,종합병원,12575 ,21071 ,186500 ,105183425730 ,129518098110 
2025,A41,한방병원,14 ,35 ,282 ,64039080 ,82437670 
2025,A41,의원,4558 ,7312 ,7695 ,385157050 ,488485640 
2025,A41,보건지소,2 ,2 ,2 ,10750 ,12550 
2025,A41,병원,2135 ,3080 ,33020 ,7267154270 ,9284256010 
2025,A41,요양병원,45167 ,103311 ,982846 ,139939187120 ,172598690840 
2025,A41,보건의료원,3 ,10 ,33 ,3213970 ,4072490 
2025,A41,정신병원,9 ,12 ,94 ,13608850 ,17763950 
2025,A42,상급종합병원,303 ,1126 ,1552 ,346830400 ,494995700 
2025,A42,종합병원,192 ,727 ,1020 ,183765440 ,250832510 
2025,A42,한방병원,1 ,1 ,0 ,126480 ,158090 
2025,A42,치과병원,3 ,3 ,3 ,40220 ,66820 
2025,A42,의원,73 ,106 ,106 ,4462160 ,6425530 
2025,A42,보건지소,2 ,2 ,2 ,10780 ,12180 
2025,A42,병원,13 ,13 ,45 ,3604130 ,5184080 
2025,A42,요양병원,3 ,13 ,312 ,19940910 ,27690550 
2025,A42,치과의원,99 ,104 ,104 ,2607690 ,3571990 
2025,A43,상급종합병원,19 ,68 ,131 ,35150940 ,45091550 
2025,A43,종합병원,10 ,34 ,133 ,30402000 ,38484560 
2025,A43,의원,2 ,2 ,2 ,21680 ,30880 
2025,A43,요양병원,1 ,1 ,19 ,730570 ,1274940 
2025,A43,치과의원,1 ,1 ,1 ,11610 ,16510 
2025,A44,상급종합병원,9 ,16 ,32 ,6822450 ,9865310 
2025,A44,종합병원,4 ,7 ,28 ,7437970 ,10382710 
2025,A44,한방병원,1 ,1 ,1 ,12890 ,21390 
2025,A44,의원,11 ,12 ,12 ,394520 ,557620 
2025,A44,병원,1 ,1 ,7 ,482220 ,755010 
2025,A46,상급종합병원,243 ,515 ,660 ,87449390 ,129875930 
2025,A46,종합병원,730 ,1520 ,2287 ,281119700 ,385819040 
2025,A46,한방병원,2 ,5 ,16 ,1341950 ,1755240 
2025,A46,의원,1427 ,2971 ,3001 ,52426100 ,70356520 
2025,A46,보건지소,3 ,3 ,3 ,19700 ,21600 
2025,A46,보건진료소,6 ,26 ,26 ,138480 ,167280 
2025,A46,병원,97 ,186 ,308 ,23960450 ,34039320 
2025,A46,보건소,2 ,2 ,2 ,11180 ,12180 
2025,A46,보건의료원,8 ,10 ,10 ,229000 ,318900 
2025,A46,정신병원,1 ,7 ,7 ,118460 ,196560 
2025,A48,상급종합병원,148 ,355 ,1206 ,592212510 ,729385050 
2025,A48,종합병원,205 ,485 ,1426 ,470795560 ,598133390 
2025,A48,의원,10627 ,17959 ,17966 ,584826480 ,824901140 
2025,A48,보건진료소,2 ,2 ,2 ,17440 ,21040 
2025,A48,병원,416 ,476 ,919 ,86686160 ,110795640 
2025,A48,요양병원,3 ,16 ,286 ,21145960 ,26496830 
2025,A48,치과의원,9 ,16 ,15 ,243120 ,338220 
2025,A49,상급종합병원,2440 ,5002 ,11951 ,4688582150 ,5705203830 
2025,A49,종합병원,7643 ,14687 ,35431 ,8975376710 ,11177124130 
2025,A49,한방병원,19 ,30 ,25 ,1917590 ,2534660 
2025,A49,치과병원,2 ,4 ,4 ,39130 ,65030 
2025,A49,의원,94224 ,166343 ,167146 ,5469155390 ,7687751330 
2025,A49,보건지소,16 ,21 ,21 ,129540 ,155640 
2025,A49,보건진료소,1 ,1 ,1 ,7960 ,8860 
2025,A49,병원,12155 ,16677 ,22031 ,1799109430 ,2477589840 
2025,A49,요양병원,369 ,1207 ,20340 ,3129027610 ,3869154670 
2025,A49,보건소,36 ,42 ,42 ,238130 ,268730 
2025,A49,치과의원,1 ,1 ,1 ,9450 ,10950 
2025,A49,보건의료원,4 ,5 ,5 ,231420 ,326820 
2025,A49,정신병원,7 ,11 ,10 ,210860 ,330900 
2025,A50,상급종합병원,21 ,43 ,93 ,73015670 ,73825530 
2025,A50,종합병원,29 ,57 ,83 ,35764460 ,37011730 
2025,A50,의원,33 ,46 ,46 ,1407170 ,1954510 
2025,A50,병원,5 ,5 ,5 ,119190 ,176090 
2025,A51,상급종합병원,382 ,1077 ,1132 ,61583180 ,105630370 
2025,A51,종합병원,1242 ,3418 ,3521 ,148784570 ,251477160 
2025,A51,한방병원,1 ,1 ,0 ,17840 ,22290 
2025,A51,의원,1577 ,2899 ,2912 ,157122920 ,223055830 
2025,A51,병원,351 ,833 ,865 ,51365550 ,80013380 
2025,A51,요양병원,3 ,8 ,8 ,100470 ,165170 
2025,A51,보건소,6 ,7 ,7 ,34930 ,42630 
2025,A51,정신병원,1 ,1 ,1 ,39530 ,60730 
2025,A52,상급종합병원,920 ,2488 ,2811 ,160425250 ,258113150 
2025,A52,종합병원,1709 ,4501 ,4749 ,172390310 ,272815400 
2025,A52,의원,355 ,635 ,632 ,26843520 ,37580740 
2025,A52,병원,117 ,230 ,224 ,6570730 ,10361580 
2025,A52,요양병원,2 ,4 ,25 ,969480 ,1690260 
2025,A52,보건소,2 ,2 ,2 ,11080 ,12180 
2025,A53,상급종합병원,1725 ,4345 ,4376 ,97968800 ,230527200 
2025,A53,종합병원,3958 ,9664 ,9743 ,241459110 ,449296120 
2025,A53,한방병원,1 ,1 ,1 ,29960 ,49860 
2025,A53,의원,3339 ,6067 ,6034 ,279369610 ,394356000 
2025,A53,병원,854 ,1455 ,1566 ,58878390 ,88564410 
2025,A53,요양병원,34 ,53 ,162 ,18176720 ,22515290 
2025,A53,보건소,36 ,38 ,38 ,190720 ,231420 
2025,A53,보건의료원,6 ,6 ,6 ,145290 ,203990 
2025,A53,정신병원,7 ,8 ,16 ,1284480 ,1779860 
2025,A54,상급종합병원,50 ,86 ,104 ,17785880 ,27844440 
2025,A54,종합병원,158 ,266 ,380 ,61036100 ,83194660 
2025,A54,한방병원,1 ,1 ,1 ,12890 ,21390 
2025,A54,의원,5743 ,9942 ,9939 ,406239030 ,580526520 
2025,A54,보건지소,6 ,12 ,12 ,57800 ,64200 
2025,A54,보건진료소,3 ,6 ,6 ,53560 ,69760 
2025,A54,병원,513 ,621 ,621 ,21582310 ,36143470 
2025,A54,보건소,12 ,13 ,13 ,70870 ,79170 
2025,A55,상급종합병원,2 ,6 ,8 ,1291470 ,2209370 
2025,A55,종합병원,22 ,48 ,49 ,3429140 ,6292860 
2025,A55,의원,49 ,70 ,69 ,3152010 ,4504120 
2025,A55,병원,8 ,20 ,20 ,1117980 ,1836780 
2025,A56,상급종합병원,1 ,2 ,2 ,80 ,112080 
2025,A56,종합병원,250 ,459 ,606 ,63046820 ,87534610 
2025,A56,의원,21426 ,36251 ,36252 ,1432353350 ,2057981140 
2025,A56,보건지소,33 ,37 ,37 ,179450 ,197950 
2025,A56,병원,1348 ,1699 ,1710 ,41702790 ,69230580 
2025,A56,요양병원,4 ,5 ,5 ,106920 ,176520 
2025,A56,보건소,15 ,15 ,15 ,83250 ,91350 
2025,A56,보건의료원,13 ,16 ,16 ,286690 ,394790 
2025,A57,상급종합병원,2 ,4 ,4 ,97660 ,318460 
2025,A57,종합병원,9 ,21 ,18 ,1075610 ,1691550 
2025,A57,의원,104 ,222 ,222 ,7013320 ,9650800 
2025,A57,병원,13 ,13 ,13 ,333040 ,552890 
2025,A57,보건의료원,1 ,2 ,2 ,80520 ,111620 
2025,A58,상급종합병원,4 ,13 ,13 ,304210 ,944130 
2025,A58,종합병원,35 ,86 ,87 ,4620110 ,8024090 
2025,A58,의원,108 ,139 ,139 ,2488880 ,3495610 
2025,A58,병원,13 ,34 ,33 ,1309740 ,2158930 
2025,A59,상급종합병원,4 ,15 ,14 ,79240 ,423440 
2025,A59,종합병원,767 ,1639 ,1637 ,45226220 ,89930820 
2025,A59,의원,44476 ,68726 ,68710 ,2554025310 ,3672417350 
2025,A59,보건지소,14 ,15 ,15 ,72750 ,80250 
2025,A59,병원,6665 ,8997 ,8998 ,308653710 ,519716170 
2025,A59,요양병원,9 ,12 ,12 ,160090 ,256290 
2025,A59,보건소,6 ,6 ,6 ,32940 ,36540 
2025,A59,보건의료원,73 ,91 ,91 ,1482260 ,2036460 
2025,A60,상급종합병원,75 ,130 ,129 ,4717220 ,9084270 
2025,A60,종합병원,1811 ,2672 ,2798 ,96989770 ,162108670 
2025,A60,한방병원,13 ,24 ,24 ,648040 ,893320 
2025,A60,치과병원,2 ,3 ,3 ,26910 ,44610 
2025,A60,의원,141783 ,271973 ,271951 ,7154686980 ,10038525710 
2025,A60,보건지소,8 ,13 ,13 ,92650 ,117650 
2025,A60,보건진료소,14 ,35 ,35 ,311660 ,344960 
2025,A60,병원,8596 ,11934 ,11968 ,314055470 ,518978570 
2025,A60,요양병원,72 ,136 ,141 ,3084190 ,4851630 
2025,A60,보건소,27 ,34 ,34 ,205060 ,229260 
2025,A60,보건의료원,41 ,51 ,51 ,1266590 ,1768890 
2025,A63,상급종합병원,264 ,662 ,779 ,105896810 ,163570130 
2025,A63,종합병원,1242 ,3217 ,3668 ,336613860 ,508438990 
2025,A63,의원,131244 ,221823 ,222005 ,16186550900 ,23139560430 
2025,A63,보건지소,1 ,2 ,2 ,14450 ,16250 
2025,A63,병원,14599 ,23041 ,23298 ,1625511630 ,2538201660 
2025,A63,요양병원,19 ,30 ,24 ,1062340 ,1661150 
2025,A63,보건소,2 ,3 ,3 ,16170 ,18270 
2025,A63,보건의료원,20 ,25 ,25 ,855030 ,1165030 
2025,A63,정신병원,1 ,1 ,0 ,96120 ,120150 
2025,A64,상급종합병원,123 ,288 ,287 ,10865920 ,29052580 
2025,A64,종합병원,733 ,1406 ,1403 ,54917620 ,107472360 
2025,A64,의원,31323 ,56640 ,56638 ,3570985290 ,5083521740 
2025,A64,보건지소,12 ,14 ,14 ,65100 ,74900 
2025,A64,병원,2472 ,2926 ,2925 ,192203480 ,318469930 
2025,A64,요양병원,2 ,2 ,2 ,11430 ,18730 
2025,A64,보건소,34 ,36 ,36 ,179640 ,219240 
2025,A64,보건의료원,6 ,7 ,7 ,360790 ,514890 
2025,A65,종합병원,1 ,1 ,1 ,4860 ,9660 
2025,A65,의원,16 ,20 ,20 ,512560 ,708660 
2025,A65,보건지소,1 ,1 ,1 ,4450 ,5350 
2025,A65,병원,4 ,4 ,3 ,89910 ,130730 
2025,A65,보건소,1 ,1 ,1 ,4990 ,6090 
2025,A66,상급종합병원,10 ,25 ,32 ,11960040 ,12832890 
2025,A66,종합병원,27 ,62 ,60 ,1239910 ,2206710 
2025,A66,치과병원,1 ,1 ,1 ,7400 ,12200 
2025,A66,의원,190 ,251 ,250 ,6326410 ,8741970 
2025,A66,보건지소,1 ,1 ,1 ,12900 ,18300 
2025,A66,보건진료소,4 ,4 ,4 ,51300 ,70300 
2025,A66,병원,9 ,11 ,11 ,307160 ,482970 
2025,A66,요양병원,1 ,1 ,1 ,12450 ,19050 
2025,A66,보건의료원,2 ,4 ,4 ,140770 ,192270 
2025,A67,상급종합병원,7 ,22 ,22 ,702930 ,2114020 
2025,A67,종합병원,5 ,6 ,6 ,205580 ,413690 
2025,A67,의원,31 ,33 ,33 ,442180 ,597980 
2025,A67,병원,3 ,3 ,3 ,91290 ,141590 
2025,A68,상급종합병원,34 ,86 ,97 ,9980840 ,18044590 
2025,A68,종합병원,11 ,22 ,51 ,12613840 ,16540650 
2025,A68,의원,8 ,9 ,9 ,480890 ,674790 
2025,A68,병원,6 ,7 ,12 ,1950670 ,2646410 
2025,A68,요양병원,1 ,2 ,2 ,52590 ,87390 
2025,A69,상급종합병원,96 ,201 ,236 ,23558040 ,34689260 
2025,A69,종합병원,651 ,1076 ,1155 ,48628570 ,78960210 
2025,A69,한방병원,4 ,4 ,4 ,32910 ,54710 
2025,A69,치과병원,41 ,86 ,85 ,1722050 ,2864510 
2025,A69,의원,13783 ,19739 ,19753 ,376590810 ,509556530 
2025,A69,보건지소,14 ,20 ,20 ,132770 ,157670 
2025,A69,보건진료소,370 ,585 ,585 ,5634400 ,6668800 
2025,A69,병원,638 ,815 ,870 ,24776320 ,35427140 
2025,A69,요양병원,35 ,86 ,86 ,722590 ,1126070 
2025,A69,보건소,5 ,5 ,5 ,27350 ,30450 
2025,A69,치과의원,1159 ,1779 ,1758 ,28085790 ,36617090 
2025,A69,보건의료원,3 ,3 ,3 ,72680 ,100180 
2025,A69,정신병원,1 ,1 ,1 ,12990 ,19890 
2025,A70,상급종합병원,2 ,6 ,6 ,102770 ,348420 
2025,A70,의원,4 ,5 ,4 ,74560 ,88160 
2025,A71,의원,15 ,15 ,15 ,422870 ,597650 
2025,A74,상급종합병원,25 ,81 ,90 ,6368580 ,11047590 
2025,A74,종합병원,82 ,153 ,201 ,24260060 ,33104500 
2025,A74,의원,2476 ,3288 ,3293 ,105606420 ,152674850 
2025,A74,보건지소,7 ,7 ,7 ,33550 ,37450 
2025,A74,병원,660 ,707 ,716 ,21364180 ,35359560 
2025,A74,보건소,142 ,170 ,170 ,865300 ,1035300 
2025,A75,상급종합병원,608 ,1091 ,3218 ,1361019620 ,1758534330 
2025,A75,종합병원,3407 ,5782 ,21366 ,4952077840 ,6554707320 
2025,A75,한방병원,2 ,2 ,0 ,78800 ,98490 
2025,A75,의원,1861 ,3297 ,3778 ,152633180 ,205409760 
2025,A75,보건지소,3 ,3 ,3 ,14550 ,16050 
2025,A75,보건진료소,1 ,1 ,1 ,9620 ,10520 
2025,A75,병원,1220 ,1736 ,7640 ,1072482730 ,1442159770 
2025,A75,요양병원,19 ,38 ,430 ,25704560 ,35609580 
2025,A75,보건소,21 ,22 ,22 ,115180 ,133980 
2025,A75,보건의료원,47 ,62 ,62 ,2386660 ,3351960 
2025,A77,상급종합병원,11 ,20 ,33 ,6908750 ,9760930 
2025,A77,종합병원,39 ,50 ,100 ,14114750 ,18577630 
2025,A77,의원,105 ,123 ,127 ,2259550 ,3040760 
2025,A77,보건지소,1 ,1 ,1 ,10000 ,10900 
2025,A77,보건진료소,4 ,4 ,4 ,31840 ,35440 
2025,A77,병원,19 ,25 ,38 ,2965660 ,4100680 
2025,A77,보건의료원,1 ,3 ,3 ,101380 ,137980 
2025,A78,상급종합병원,60 ,216 ,282 ,30278880 ,45465350 
2025,A78,종합병원,38 ,95 ,153 ,23029190 ,31954400 
2025,A78,의원,1 ,1 ,1 ,16610 ,18410 
2025,A78,병원,1 ,1 ,1 ,8770 ,13470 
2025,A79,상급종합병원,21 ,36 ,82 ,24370420 ,32930190 
2025,A79,종합병원,28 ,41 ,106 ,24093440 ,31687160 
2025,A79,의원,131 ,208 ,208 ,4534770 ,6163170 
2025,A79,병원,1 ,1 ,1 ,7540 ,12440 
2025,A80,상급종합병원,13 ,91 ,91 ,1731600 ,3222800 
2025,A80,종합병원,10 ,78 ,78 ,483640 ,963140 
2025,A80,의원,4 ,6 ,6 ,213380 ,246980 
2025,A80,병원,8 ,12 ,12 ,738750 ,938760 
2025,A81,상급종합병원,143 ,655 ,1929 ,1068340950 ,1217837550 
2025,A81,종합병원,55 ,374 ,1121 ,305264060 ,363040860 
2025,A81,의원,23 ,135 ,135 ,5921560 ,7308660 
2025,A81,병원,14 ,128 ,1285 ,208866710 ,242719790 
2025,A81,요양병원,89 ,659 ,10704 ,1243136350 ,1468332060 
2025,A82,상급종합병원,10 ,25 ,25 ,743110 ,2150210 
2025,A82,종합병원,10 ,19 ,19 ,955050 ,1907950 
2025,A82,의원,4 ,6 ,6 ,308210 ,434810 
2025,A82,보건소,1 ,1 ,1 ,4990 ,6090 
2025,A83,상급종합병원,9 ,52 ,129 ,116623220 ,139440920 
2025,A83,종합병원,4 ,18 ,114 ,107728150 ,127994450 
2025,A83,의원,4 ,4 ,4 ,162190 ,231490 
2025,A83,병원,2 ,13 ,381 ,116053250 ,146457260 
2025,A83,정신병원,1 ,1 ,0 ,104800 ,131000 
2025,A84,상급종합병원,2 ,4 ,9 ,5560010 ,7662950 
2025,A84,종합병원,2 ,10 ,51 ,14558640 ,18691740 
2025,A84,의원,3 ,4 ,4 ,78160 ,106160 
2025,A85,상급종합병원,33 ,69 ,172 ,106757440 ,140626810 
2025,A85,종합병원,27 ,58 ,172 ,70351200 ,91722090 
2025,A85,의원,16 ,24 ,23 ,911620 ,1251220 
2025,A85,병원,8 ,16 ,47 ,13594430 ,18260760 
2025,A86,상급종합병원,191 ,702 ,1607 ,714031590 ,895625810 
2025,A86,종합병원,177 ,556 ,2137 ,944532190 ,1202254320 
2025,A86,의원,47 ,66 ,71 ,4166730 ,5532460 
2025,A86,병원,18 ,57 ,735 ,108343010 ,134268670 
2025,A86,요양병원,7 ,154 ,275 ,16049500 ,23950610 
2025,A87,상급종합병원,378 ,719 ,2147 ,810818980 ,1054046230 
2025,A87,종합병원,565 ,1157 ,3810 ,1100722750 ,1453097280 
2025,A87,의원,1378 ,2145 ,2200 ,54319030 ,73053700 
2025,A87,병원,311 ,426 ,1642 ,223209090 ,277970380 
2025,A87,요양병원,1 ,5 ,80 ,3638240 ,6006900 
2025,A88,상급종합병원,19 ,35 ,38 ,4404170 ,8008680 
2025,A88,종합병원,28 ,53 ,73 ,12589170 ,14460130 
2025,A88,의원,1505 ,2028 ,2041 ,41534110 ,53769200 
2025,A88,보건진료소,3 ,3 ,3 ,27200 ,29900 
2025,A88,병원,154 ,206 ,235 ,11658710 ,14959660 
2025,A88,요양병원,1 ,11 ,11 ,86850 ,142650 
2025,A88,보건소,2 ,5 ,5 ,27950 ,30450 
2025,A89,상급종합병원,1 ,1 ,1 ,40 ,4040 
2025,A89,종합병원,2 ,2 ,12 ,5320440 ,7183060 
2025,A89,의원,2 ,2 ,2 ,89490 ,127790 
2025,A89,병원,5 ,7 ,7 ,332550 ,535650 
2025,A92,상급종합병원,6 ,16 ,16 ,290160 ,981960 
2025,A92,종합병원,10 ,18 ,28 ,4113050 ,5555030 
2025,A92,의원,8 ,9 ,8 ,231670 ,323740 
2025,A92,병원,7 ,11 ,12 ,376110 ,580380 
2025,A92,보건소,4 ,4 ,4 ,19960 ,24360 
2025,A93,상급종합병원,131 ,260 ,1491 ,1527810300 ,1865323710 
2025,A93,종합병원,159 ,302 ,1738 ,814057530 ,1032384810 
2025,A93,한방병원,2 ,5 ,107 ,11336340 ,15934870 
2025,A93,의원,20 ,23 ,23 ,1092080 ,1534380 
2025,A93,병원,20 ,25 ,88 ,16791790 ,22099540 
2025,A93,요양병원,5 ,24 ,410 ,34718920 ,46776910 
2025,A93,보건의료원,1 ,1 ,1 ,18580 ,26480 
2025,A94,상급종합병원,12 ,23 ,23 ,349230 ,1092710 
2025,A94,종합병원,2 ,2 ,2 ,563890 ,876200 
2025,A94,의원,2 ,2 ,2 ,87910 ,125510 
2025,A95,의원,1 ,1 ,1 ,68260 ,97460 
2025,A97,상급종합병원,55 ,92 ,190 ,52651380 ,67906580 
2025,A97,종합병원,81 ,140 ,309 ,52786040 ,71580050 
2025,A97,의원,17 ,27 ,27 ,675310 ,955940 
2025,A97,병원,11 ,18 ,42 ,5197380 ,6955850 
2025,A97,보건소,2 ,2 ,2 ,9980 ,12180 
2025,A98,상급종합병원,25 ,48 ,207 ,124631080 ,160705040 
2025,A98,종합병원,94 ,178 ,754 ,291439410 ,379194980 
2025,A98,의원,25 ,39 ,39 ,837730 ,1134770 
2025,A98,병원,38 ,55 ,272 ,53434670 ,70330090 
2025,A98,요양병원,1 ,2 ,8 ,500480 ,676690 
2025,A98,보건소,1 ,1 ,1 ,4990 ,6090 
2025,A98,보건의료원,1 ,1 ,1 ,51270 ,73170 
2025,A99,종합병원,9 ,17 ,45 ,9578010 ,12974650 
2025,A99,의원,35 ,37 ,37 ,588860 ,823060 
2025,A99,병원,19 ,19 ,19 ,708020 ,1135480 
2025,B00,상급종합병원,866 ,1855 ,3229 ,912962620 ,1190204810 
2025,B00,종합병원,11975 ,17866 ,20690 ,1503922250 ,2116142460 
2025,B00,한방병원,484 ,597 ,521 ,8223130 ,12481440 
2025,B00,치과병원,966 ,1154 ,1152 ,18803760 ,31364580 
2025,B00,의원,768262 ,1193832 ,1194157 ,19465048140 ,26340199630 
2025,B00,보건지소,615 ,730 ,730 ,5334130 ,6438530 
2025,B00,보건진료소,4601 ,6043 ,6043 ,47553640 ,55700640 
2025,B00,병원,31417 ,43741 ,46980 ,1543775820 ,2167722700 
2025,B00,요양병원,1345 ,1846 ,2621 ,109182070 ,141590660 
2025,B00,보건소,574 ,727 ,727 ,4233970 ,4668270 
2025,B00,치과의원,30628 ,35590 ,35500 ,463006150 ,621520330 
2025,B00,보건의료원,1044 ,1301 ,1301 ,23567890 ,31658490 
2025,B00,정신병원,125 ,180 ,173 ,3302010 ,5106050 
2025,B01,상급종합병원,459 ,789 ,1276 ,469781170 ,560997870 
2025,B01,종합병원,2798 ,4635 ,7487 ,1331962070 ,1610252780 
2025,B01,한방병원,3 ,4 ,2 ,216320 ,263360 
2025,B01,치과병원,1 ,3 ,3 ,59290 ,98790 
2025,B01,의원,23670 ,43888 ,44402 ,702143140 ,944289900 
2025,B01,보건지소,3 ,4 ,4 ,24290 ,27690 
2025,B01,병원,4937 ,7988 ,11045 ,959435320 ,1112056630 
2025,B01,요양병원,7 ,14 ,13 ,186140 ,256470 
2025,B01,보건소,4 ,4 ,4 ,21760 ,24360 
2025,B01,보건의료원,39 ,48 ,48 ,593460 ,833360 
2025,B01,정신병원,1 ,1 ,1 ,7730 ,12830 
2025,B02,상급종합병원,7411 ,20709 ,26634 ,4073837890 ,5812253940 
2025,B02,종합병원,61799 ,133045 ,225279 ,24122069310 ,33782648240 
2025,B02,한방병원,1312 ,2082 ,1958 ,183651760 ,245405740 
2025,B02,치과병원,46 ,78 ,78 ,1079640 ,1721740 
2025,B02,의원,691713 ,1650297 ,1668963 ,36624444120 ,49906814710 
2025,B02,보건지소,267 ,384 ,384 ,4624110 ,6180310 
2025,B02,보건진료소,368 ,532 ,532 ,4165980 ,4989080 
2025,B02,병원,50904 ,114611 ,186793 ,15406441520 ,21875194140 
2025,B02,요양병원,1902 ,3457 ,7047 ,325758610 ,447795190 
2025,B02,보건소,323 ,431 ,431 ,2464940 ,2714740 
2025,B02,치과의원,50 ,79 ,79 ,945120 ,1272820 
2025,B02,보건의료원,783 ,1180 ,1201 ,30175480 ,40547660 
2025,B02,정신병원,152 ,278 ,320 ,14390160 ,20288780 
2025,B03,종합병원,1 ,1 ,1 ,9840 ,19640 
2025,B03,의원,1 ,2 ,2 ,29570 ,31570 
2025,B04,상급종합병원,6 ,29 ,42 ,10917680 ,13026300 
2025,B04,종합병원,22 ,48 ,57 ,7881260 ,9780540 
2025,B04,의원,2 ,2 ,2 ,50870 ,72570 
2025,B04,병원,1 ,1 ,1 ,20540 ,32140 
2025,B05,상급종합병원,18 ,25 ,51 ,30120070 ,32282280 
2025,B05,종합병원,95 ,120 ,205 ,57076790 ,66678270 
2025,B05,한방병원,1 ,1 ,1 ,12890 ,21390 
2025,B05,의원,170 ,194 ,193 ,5783770 ,8033670 
2025,B05,병원,72 ,83 ,145 ,21353830 ,24845840 
2025,B05,요양병원,1 ,1 ,0 ,9960 ,12440 
2025,B05,보건소,1 ,1 ,1 ,4990 ,6090 
2025,B05,치과의원,16 ,16 ,16 ,378920 ,540120 
2025,B06,상급종합병원,4 ,6 ,6 ,311750 ,606750 
2025,B06,종합병원,24 ,37 ,37 ,1311110 ,2179110 
2025,B06,의원,81 ,97 ,97 ,3880130 ,5215970 
2025,B06,병원,30 ,35 ,62 ,5067740 ,7069120 
2025,B07,상급종합병원,952 ,2334 ,2098 ,40748250 ,139397460 
2025,B07,종합병원,6112 ,14781 ,15064 ,545459920 ,992393430 
2025,B07,한방병원,21 ,52 ,46 ,1109260 ,1684280 
2025,B07,치과병원,5 ,6 ,6 ,232330 ,356930 
2025,B07,의원,459667 ,1458781 ,1458761 ,72526996900 ,102888188560 
2025,B07,보건지소,8 ,9 ,9 ,46400 ,53700 
2025,B07,보건진료소,4 ,6 ,6 ,41740 ,49840 
2025,B07,병원,3400 ,8080 ,8407 ,350497430 ,551883600 
2025,B07,요양병원,251 ,444 ,427 ,13903230 ,21064340 
2025,B07,보건소,7 ,11 ,11 ,59090 ,66990 
2025,B07,보건의료원,41 ,48 ,48 ,793980 ,1068990 
2025,B07,정신병원,3 ,7 ,7 ,90030 ,149130 
2025,B08,상급종합병원,1168 ,1403 ,2006 ,600675220 ,658902930 
2025,B08,종합병원,17166 ,27940 ,41172 ,5392651180 ,5965120940 
2025,B08,한방병원,4 ,4 ,5 ,792840 ,893010 
2025,B08,의원,275495 ,542965 ,553493 ,11374562270 ,13944147250 
2025,B08,보건지소,5 ,6 ,6 ,35200 ,39500 
2025,B08,보건진료소,7 ,7 ,7 ,52400 ,58700 
2025,B08,병원,94222 ,172059 ,249096 ,25056617960 ,27525083580 
2025,B08,요양병원,79 ,123 ,129 ,2191690 ,2903790 
2025,B08,보건소,13 ,19 ,19 ,102610 ,115710 
2025,B08,치과의원,14 ,15 ,15 ,201370 ,261870 
2025,B08,보건의료원,193 ,245 ,252 ,4402760 ,5419280 
2025,B08,정신병원,1 ,5 ,5 ,74240 ,113840 
2025,B09,상급종합병원,1468 ,4845 ,4943 ,203985370 ,433575400 
2025,B09,종합병원,3062 ,4920 ,5216 ,252305770 ,365373780 
2025,B09,한방병원,1 ,1 ,1 ,56830 ,94630 
2025,B09,의원,13883 ,17438 ,17449 ,282806640 ,367653980 
2025,B09,보건지소,4 ,4 ,4 ,70150 ,93550 
2025,B09,보건진료소,2 ,2 ,2 ,9280 ,11080 
2025,B09,병원,3807 ,4306 ,4458 ,124682490 ,159477330 
2025,B09,요양병원,5 ,6 ,5 ,97060 ,124960 
2025,B09,보건소,1 ,2 ,2 ,11180 ,12180 
2025,B09,치과의원,1 ,1 ,1 ,13790 ,19590 
2025,B09,보건의료원,44 ,54 ,54 ,780060 ,1016960 
2025,B15,상급종합병원,193 ,466 ,946 ,282687460 ,366748290 
2025,B15,종합병원,472 ,1217 ,3388 ,823052480 ,1044510760 
2025,B15,한방병원,2 ,2 ,6 ,766550 ,1206840 
2025,B15,의원,401 ,550 ,557 ,30497200 ,42482140 
2025,B15,보건지소,1 ,1 ,1 ,10000 ,10900 
2025,B15,병원,72 ,137 ,464 ,81570770 ,105628900 
2025,B15,요양병원,1 ,4 ,120 ,17711460 ,22912190 
2025,B15,보건소,1 ,1 ,1 ,4990 ,6090 
2025,B16,상급종합병원,153 ,417 ,562 ,125744050 ,172517870 
2025,B16,종합병원,409 ,1054 ,1847 ,282725980 ,391862620 
2025,B16,한방병원,3 ,3 ,3 ,51450 ,85350 
2025,B16,의원,452 ,664 ,723 ,32911810 ,46019610 
2025,B16,보건지소,2 ,5 ,5 ,215350 ,304250 
2025,B16,병원,110 ,161 ,192 ,14026500 ,20798510 
2025,B16,요양병원,13 ,17 ,16 ,397580 ,570910 
2025,B16,보건소,11 ,39 ,39 ,212010 ,237510 
2025,B16,보건의료원,5 ,7 ,7 ,84850 ,114150 
2025,B17,상급종합병원,2190 ,5352 ,9215 ,2722614890 ,3613456040 
2025,B17,종합병원,11641 ,25981 ,54366 ,10714798790 ,14575812460 
2025,B17,한방병원,15 ,35 ,41 ,3284160 ,4642690 
2025,B17,의원,13009 ,19765 ,19867 ,989002100 ,1390001330 
2025,B17,보건지소,12 ,22 ,22 ,144500 ,173200 
2025,B17,병원,2937 ,4765 ,10180 ,1203473810 ,1664896400 
2025,B17,요양병원,57 ,102 ,389 ,39056750 ,51310830 
2025,B17,보건소,113 ,164 ,164 ,968260 ,1094960 
2025,B17,보건의료원,7 ,15 ,15 ,716590 ,1013190 
2025,B17,정신병원,4 ,10 ,8 ,757350 ,980760 
2025,B18,상급종합병원,108193 ,393448 ,395430 ,23292812680 ,54721904170 
2025,B18,종합병원,114197 ,453265 ,458782 ,25306657940 ,48013330300 
2025,B18,한방병원,94 ,170 ,225 ,17780330 ,24743090 
2025,B18,치과병원,3 ,13 ,13 ,581960 ,969560 
2025,B18,의원,206977 ,690896 ,690385 ,42570215650 ,60430508950 
2025,B18,보건지소,46 ,92 ,92 ,767620 ,953220 
2025,B18,보건진료소,1 ,6 ,6 ,57720 ,63120 
2025,B18,병원,30796 ,94309 ,96739 ,5519110550 ,8899893190 
2025,B18,요양병원,366 ,1192 ,2908 ,192655630 ,257869820 
2025,B18,보건소,156 ,326 ,326 ,1811500 ,2025300 
2025,B18,보건의료원,227 ,643 ,644 ,44065820 ,61468150 
2025,B18,정신병원,183 ,695 ,1051 ,41149040 ,64067690 
2025,B19,상급종합병원,117 ,206 ,295 ,57287280 ,79666750 
2025,B19,종합병원,237 ,394 ,989 ,335946580 ,439629130 
2025,B19,한방병원,1 ,1 ,1 ,22280 ,36980 
2025,B19,의원,1761 ,2974 ,2973 ,111389570 ,154946980 
2025,B19,보건지소,3 ,9 ,9 ,43650 ,48150 
2025,B19,병원,120 ,170 ,384 ,30506870 ,40183950 
2025,B19,요양병원,10 ,14 ,92 ,5510620 ,6979720 
2025,B19,보건소,3 ,4 ,4 ,84560 ,120560 
2025,B19,보건의료원,2 ,3 ,3 ,46270 ,65370 
2025,B19,정신병원,2 ,2 ,0 ,128090 ,148930 
2025,B20,상급종합병원,601 ,2369 ,2906 ,4622005310 ,5133089090 
2025,B20,종합병원,248 ,1088 ,1594 ,1802268890 ,2008060470 
2025,B20,의원,18 ,20 ,20 ,470560 ,648560 
2025,B20,병원,2 ,2 ,2 ,30220 ,50220 
2025,B20,요양병원,2 ,15 ,368 ,33731400 ,40529210 
2025,B20,보건소,3 ,3 ,3 ,16470 ,18270 
2025,B20,정신병원,1 ,1 ,0 ,1043080 ,1158970 
2025,B21,상급종합병원,22 ,91 ,98 ,122660880 ,136298170 
2025,B21,종합병원,6 ,27 ,41 ,36790450 ,41533470 
2025,B21,의원,2 ,2 ,2 ,20920 ,26320 
2025,B22,상급종합병원,46 ,181 ,198 ,313400260 ,348399700 
2025,B22,종합병원,11 ,48 ,53 ,81545880 ,91072030 
2025,B22,의원,1 ,1 ,1 ,11660 ,13160 
2025,B22,병원,2 ,21 ,375 ,133856930 ,152410520 
2025,B22,요양병원,2 ,17 ,406 ,52370520 ,61474560 
2025,B23,상급종합병원,276 ,1235 ,1290 ,1953770080 ,2174655880 
2025,B23,종합병원,160 ,810 ,841 ,1058248020 ,1177278790 
2025,B23,의원,4 ,4 ,4 ,46310 ,65910 
2025,B23,보건소,1 ,1 ,1 ,5490 ,6090 
2025,B24,상급종합병원,9787 ,42739 ,43976 ,73274312810 ,81458336470 
2025,B24,종합병원,5217 ,23574 ,24705 ,38692335320 ,43006830730 
2025,B24,의원,60 ,81 ,81 ,2149800 ,2956900 
2025,B24,보건지소,1 ,1 ,1 ,4850 ,5350 
2025,B24,병원,19 ,68 ,1150 ,365970300 ,417342220 
2025,B24,요양병원,35 ,257 ,5571 ,423798270 ,511222450 
2025,B24,보건소,20 ,20 ,20 ,109300 ,121800 
2025,B24,정신병원,1 ,1 ,1 ,65240 ,91140 
2025,B25,상급종합병원,855 ,3745 ,7257 ,2902581510 ,3484736560 
2025,B25,종합병원,341 ,1183 ,3600 ,1241707060 ,1517736200 
2025,B25,의원,162 ,618 ,618 ,33554390 ,46270790 
2025,B25,보건진료소,1 ,1 ,1 ,9620 ,10520 
2025,B25,병원,47 ,114 ,153 ,18019890 ,23217590 
2025,B25,요양병원,11 ,39 ,544 ,33544000 ,46707180 
2025,B26,상급종합병원,124 ,148 ,201 ,68851950 ,80944410 
2025,B26,종합병원,864 ,1213 ,1624 ,210514640 ,280556110 
2025,B26,한방병원,1 ,1 ,0 ,32380 ,40470 
2025,B26,치과병원,23 ,29 ,29 ,638930 ,1056330 
2025,B26,의원,4563 ,6590 ,6639 ,140329410 ,189652110 
2025,B26,보건지소,9 ,12 ,12 ,189100 ,241800 
2025,B26,보건진료소,6 ,6 ,6 ,56060 ,61460 
2025,B26,병원,1430 ,1948 ,2602 ,239028630 ,292483680 
2025,B26,요양병원,13 ,29 ,32 ,1547270 ,1882040 
2025,B26,보건소,2 ,2 ,2 ,11180 ,12180 
2025,B26,치과의원,124 ,132 ,132 ,2309850 ,3163250 
2025,B26,보건의료원,10 ,10 ,10 ,305030 ,434830 
2025,B27,상급종합병원,641 ,1392 ,2448 ,972043830 ,1164364190 
2025,B27,종합병원,1127 ,2287 ,5069 ,939726030 ,1192146140 
2025,B27,의원,724 ,1150 ,1313 ,63587100 ,80113810 
2025,B27,보건지소,1 ,3 ,3 ,14550 ,16050 
2025,B27,병원,323 ,471 ,1210 ,192549360 ,230357290 
2025,B27,요양병원,2 ,2 ,3 ,184440 ,243070 
2025,B30,상급종합병원,176 ,248 ,266 ,19383140 ,34898060 
2025,B30,종합병원,798 ,1159 ,1190 ,38791220 ,61313340 
2025,B30,한방병원,3 ,5 ,4 ,55660 ,82070 
2025,B30,치과병원,2 ,2 ,2 ,17910 ,29610 
2025,B30,의원,149312 ,256955 ,256885 ,5043747100 ,6929437950 
2025,B30,보건지소,24 ,41 ,41 ,184080 ,204580 
2025,B30,보건진료소,16 ,21 ,21 ,163620 ,196020 
2025,B30,병원,3547 ,5183 ,5323 ,126806570 ,185818620 
2025,B30,요양병원,15 ,22 ,19 ,351610 ,610540 
2025,B30,보건소,74 ,98 ,98 ,552770 ,602370 
2025,B30,보건의료원,13 ,13 ,13 ,225230 ,310730 
2025,B30,정신병원,1 ,1 ,1 ,7590 ,12490 
2025,B33,상급종합병원,376 ,798 ,934 ,147493750 ,214605690 
2025,B33,종합병원,224 ,272 ,334 ,32605440 ,48602920 
2025,B33,한방병원,3 ,5 ,5 ,65340 ,108340 
2025,B33,의원,4910 ,6802 ,6897 ,131170400 ,173385040 
2025,B33,보건지소,6 ,6 ,6 ,61350 ,74650 
2025,B33,보건진료소,85 ,202 ,202 ,1805900 ,2135000 
2025,B33,병원,72 ,81 ,100 ,8054430 ,10256090 
2025,B33,요양병원,4 ,15 ,105 ,14822160 ,17181990 
2025,B33,보건소,4 ,7 ,7 ,26160 ,31860 
2025,B33,정신병원,1 ,3 ,3 ,7200 ,10400 
2025,B34,상급종합병원,29276 ,41696 ,52802 ,17005407000 ,19391102350 
2025,B34,종합병원,25506 ,36136 ,44735 ,7238641160 ,8992240560 
2025,B34,한방병원,6 ,6 ,4 ,517760 ,764930 
2025,B34,치과병원,1 ,2 ,2 ,27040 ,45040 
2025,B34,의원,30116 ,42243 ,44028 ,1121601340 ,1434653630 
2025,B34,보건지소,11 ,12 ,12 ,97450 ,114150 
2025,B34,보건진료소,7 ,7 ,7 ,61320 ,70320 
2025,B34,병원,7124 ,8859 ,16137 ,1914758910 ,2224365970 
2025,B34,요양병원,52 ,60 ,129 ,9405740 ,12173020 
2025,B34,보건소,60 ,80 ,80 ,429440 ,473340 
2025,B34,보건의료원,219 ,239 ,252 ,13703730 ,18422030 
2025,B34,정신병원,2 ,4 ,4 ,36040 ,59440 
2025,B35,상급종합병원,1407 ,2654 ,2534 ,44082530 ,113525900 
2025,B35,종합병원,28633 ,55630 ,55860 ,818271960 ,1521356660 
2025,B35,한방병원,1141 ,2762 ,2728 ,31319040 ,51018450 
2025,B35,치과병원,78 ,115 ,115 ,1128060 ,1865960 
2025,B35,의원,1882157 ,4265013 ,4265089 ,62594523430 ,82945559550 
2025,B35,보건지소,2888 ,4793 ,4793 ,78705930 ,106159530 
2025,B35,보건진료소,8355 ,14030 ,14030 ,120421080 ,143442280 
2025,B35,병원,30744 ,60492 ,60965 ,877484190 ,1385615480 
2025,B35,요양병원,5025 ,10137 ,10175 ,124546850 ,190026660 
2025,B35,보건소,4675 ,7516 ,7516 ,41969190 ,46063490 
2025,B35,치과의원,2 ,8 ,8 ,19360 ,27460 
2025,B35,보건의료원,1150 ,1807 ,1807 ,28220000 ,36256250 
2025,B35,정신병원,211 ,355 ,316 ,6645500 ,9860900 
2025,B36,상급종합병원,2067 ,4693 ,4742 ,90088730 ,242172430 
2025,B36,종합병원,2022 ,3571 ,3569 ,62779980 ,120417630 
2025,B36,한방병원,24 ,33 ,33 ,366030 ,595530 
2025,B36,치과병원,4 ,5 ,5 ,47650 ,78950 
2025,B36,의원,70437 ,103789 ,103776 ,1685916500 ,2276564170 
2025,B36,보건지소,22 ,22 ,22 ,226100 ,287900 
2025,B36,보건진료소,187 ,325 ,325 ,2560600 ,2962500 
2025,B36,병원,2719 ,3101 ,3095 ,59839220 ,81576140 
2025,B36,요양병원,171 ,218 ,286 ,4922090 ,6863990 
2025,B36,보건소,22 ,26 ,26 ,154640 ,169440 
2025,B36,보건의료원,22 ,27 ,27 ,396700 ,524200 
2025,B36,정신병원,7 ,8 ,8 ,75640 ,117540 
2025,B37,상급종합병원,929 ,1841 ,4525 ,2594135840 ,3126878940 
2025,B37,종합병원,15456 ,22988 ,28018 ,3510468300 ,4729800090 
2025,B37,한방병원,21 ,32 ,23 ,448630 ,669300 
2025,B37,치과병원,3480 ,7145 ,7136 ,215282740 ,349986700 
2025,B37,의원,561933 ,999403 ,999386 ,42548212970 ,61028994220 
2025,B37,보건지소,92 ,118 ,118 ,805340 ,966540 
2025,B37,보건진료소,118 ,168 ,168 ,1356360 ,1568160 
2025,B37,병원,86068 ,116763 ,117163 ,3650713550 ,5985844640 
2025,B37,요양병원,432 ,744 ,1714 ,141888290 ,183881760 
2025,B37,보건소,154 ,267 ,267 ,1679080 ,1852280 
2025,B37,치과의원,7807 ,10600 ,10561 ,140908060 ,186791230 
2025,B37,보건의료원,396 ,529 ,529 ,10790420 ,14889620 
2025,B37,정신병원,13 ,16 ,12 ,516380 ,688690 
2025,B38,상급종합병원,6 ,29 ,42 ,7590610 ,11118340 
2025,B38,종합병원,3 ,22 ,67 ,30172630 ,40931140 
2025,B38,의원,9 ,11 ,11 ,149720 ,189800 
2025,B38,병원,2 ,2 ,2 ,35830 ,59530 
2025,B39,상급종합병원,5 ,18 ,18 ,406430 ,1255830 
2025,B39,종합병원,4 ,11 ,11 ,569650 ,1140710 
2025,B39,의원,5 ,5 ,5 ,247730 ,345830 
2025,B39,병원,2 ,2 ,2 ,51310 ,64510 
2025,B40,상급종합병원,5 ,18 ,43 ,7960280 ,11672340 
2025,B40,종합병원,3 ,3 ,3 ,35950 ,71450 
2025,B40,의원,9 ,11 ,11 ,326470 ,441370 
2025,B40,병원,3 ,4 ,4 ,84620 ,112320 
2025,B41,요양병원,1 ,1 ,1 ,40740 ,67740 
2025,B42,상급종합병원,11 ,38 ,38 ,830000 ,2966770 
2025,B42,종합병원,12 ,34 ,34 ,1262120 ,2563260 
2025,B42,의원,11 ,34 ,34 ,495530 ,675790 
2025,B42,병원,1 ,2 ,2 ,86640 ,133420 
2025,B43,상급종합병원,212 ,762 ,767 ,17523830 ,50635550 
2025,B43,종합병원,165 ,327 ,338 ,15381220 ,25926980 
2025,B43,한방병원,7 ,9 ,9 ,83560 ,138360 
2025,B43,치과병원,1 ,1 ,1 ,15350 ,25550 
2025,B43,의원,2030 ,3354 ,3349 ,129254340 ,181493640 
2025,B43,보건진료소,1 ,2 ,2 ,13220 ,17720 
2025,B43,병원,177 ,288 ,390 ,44126260 ,57811410 
2025,B43,요양병원,13 ,16 ,18 ,559010 ,741910 
2025,B43,보건소,3 ,3 ,3 ,16770 ,18270 
2025,B43,보건의료원,2 ,2 ,2 ,25370 ,30970 
2025,B44,상급종합병원,2461 ,9597 ,16059 ,6229935580 ,8067817070 
2025,B44,종합병원,815 ,2768 ,5393 ,1976362770 ,2444385540 
2025,B44,한방병원,2 ,2 ,0 ,466390 ,582980 
2025,B44,치과병원,1 ,2 ,2 ,55200 ,92000 
2025,B44,의원,95 ,246 ,240 ,11092500 ,15254220 
2025,B44,병원,28 ,52 ,208 ,26197530 ,36459710 
2025,B44,요양병원,19 ,80 ,1395 ,114917000 ,151873840 
2025,B44,보건의료원,1 ,1 ,1 ,11410 ,12910 
2025,B45,상급종합병원,203 ,810 ,1912 ,996292310 ,1230759330 
2025,B45,종합병원,57 ,259 ,691 ,295971440 ,364037360 
2025,B45,한방병원,1 ,2 ,0 ,327910 ,415570 
2025,B45,의원,6 ,6 ,6 ,362210 ,511010 
2025,B45,병원,1 ,1 ,0 ,381410 ,476760 
2025,B45,요양병원,5 ,27 ,544 ,41934250 ,53614690 
2025,B46,상급종합병원,44 ,187 ,698 ,565177380 ,692757570 
2025,B46,종합병원,9 ,28 ,44 ,7935860 ,10739410 
2025,B46,의원,99 ,175 ,175 ,2386580 ,3147120 
2025,B46,보건지소,1 ,1 ,1 ,6300 ,7200 
2025,B46,병원,7 ,13 ,12 ,434210 ,696480 
2025,B46,요양병원,8 ,20 ,273 ,20484570 ,27653920 
2025,B47,상급종합병원,220 ,689 ,762 ,80947870 ,138436450 
2025,B47,종합병원,219 ,710 ,857 ,180683720 ,243832470 
2025,B47,한방병원,4 ,9 ,9 ,94470 ,157170 
2025,B47,의원,291 ,529 ,527 ,15557350 ,22023020 
2025,B47,보건진료소,1 ,1 ,1 ,4640 ,5540 
2025,B47,병원,22 ,23 ,23 ,368450 ,510250 
2025,B47,요양병원,15 ,20 ,45 ,3690040 ,4667540 
2025,B47,보건소,1 ,1 ,1 ,5590 ,6090 
2025,B47,보건의료원,1 ,8 ,8 ,91280 ,103280 
2025,B47,정신병원,1 ,1 ,1 ,1830 ,2430 
2025,B48,상급종합병원,526 ,1205 ,6550 ,5620181150 ,6405485210 
2025,B48,종합병원,341 ,685 ,4862 ,2845881950 ,3265322370 
2025,B48,한방병원,1 ,1 ,1 ,8410 ,14010 
2025,B48,치과병원,1 ,2 ,2 ,40930 ,68130 
2025,B48,의원,866 ,1511 ,1509 ,25087290 ,32961540 
2025,B48,보건지소,9 ,10 ,10 ,151400 ,201500 
2025,B48,보건진료소,97 ,135 ,135 ,947060 ,1131360 
2025,B48,병원,27 ,43 ,56 ,4107390 ,5161870 
2025,B48,요양병원,63 ,149 ,328 ,19014660 ,23779120 
2025,B48,보건소,6 ,7 ,7 ,39530 ,44130 
2025,B48,보건의료원,4 ,5 ,5 ,95990 ,121690 
2025,B49,상급종합병원,3066 ,7521 ,9000 ,1811168210 ,2613718470 
2025,B49,종합병원,2454 ,5765 ,6675 ,719474130 ,1050980690 
2025,B49,한방병원,7 ,12 ,12 ,111230 ,184630 
2025,B49,치과병원,5 ,8 ,8 ,124870 ,207470 
2025,B49,의원,3164 ,6013 ,6013 ,132879310 ,187488700 
2025,B49,보건지소,5 ,6 ,6 ,39450 ,48750 
2025,B49,보건진료소,143 ,225 ,225 ,2039600 ,2591100 
2025,B49,병원,141 ,312 ,406 ,27237530 ,37356520 
2025,B49,요양병원,34 ,48 ,204 ,20876800 ,25879900 
2025,B49,보건소,15 ,24 ,24 ,131760 ,146160 
2025,B49,치과의원,1 ,1 ,1 ,9450 ,10950 
2025,B49,보건의료원,4 ,4 ,4 ,66880 ,95380 
2025,B49,정신병원,1 ,1 ,1 ,10430 ,17230 
2025,B50,상급종합병원,10 ,33 ,76 ,27233200 ,34727690 
2025,B50,종합병원,35 ,59 ,112 ,25881020 ,34170350 
2025,B50,의원,34 ,43 ,42 ,943130 ,1286530 
2025,B50,병원,3 ,3 ,3 ,31320 ,50620 
2025,B50,보건소,1 ,1 ,1 ,5590 ,6090 
2025,B51,상급종합병원,57 ,132 ,267 ,84022820 ,111322620 
2025,B51,종합병원,227 ,511 ,1159 ,298628360 ,373541750 
2025,B51,한방병원,1 ,1 ,0 ,114280 ,142840 
2025,B51,의원,32 ,44 ,44 ,2112190 ,3023220 
2025,B51,병원,11 ,17 ,40 ,3148930 ,4352050 
2025,B51,보건소,1 ,1 ,1 ,4990 ,6090 
2025,B52,상급종합병원,1 ,1 ,1 ,8620 ,107220 
2025,B52,의원,4 ,4 ,4 ,76280 ,108780 
2025,B52,보건소,1 ,1 ,1 ,5590 ,6090 
2025,B53,상급종합병원,1 ,3 ,10 ,3710890 ,4549080 
2025,B53,종합병원,19 ,36 ,69 ,22830350 ,27764520 
2025,B53,의원,10 ,10 ,10 ,136920 ,187420 
2025,B53,병원,1 ,2 ,2 ,236890 ,409010 
2025,B53,보건소,7 ,7 ,7 ,37330 ,42630 
2025,B53,보건의료원,2 ,4 ,4 ,154070 ,215380 
2025,B54,상급종합병원,60 ,111 ,228 ,62958300 ,84254740 
2025,B54,종합병원,220 ,424 ,1011 ,269377840 ,355644420 
2025,B54,의원,106 ,134 ,128 ,3395390 ,4808460 
2025,B54,보건지소,1 ,1 ,1 ,4850 ,5350 
2025,B54,보건진료소,1 ,1 ,1 ,2980 ,3880 
2025,B54,병원,34 ,41 ,135 ,23998560 ,31733300 
2025,B54,보건소,28 ,29 ,29 ,151310 ,176610 
2025,B54,보건의료원,5 ,6 ,6 ,159370 ,224270 
2025,B55,상급종합병원,1 ,9 ,9 ,83310 ,359950 
2025,B55,종합병원,1 ,6 ,6 ,217200 ,434070 
2025,B56,상급종합병원,1 ,1 ,1 ,42080 ,445370 
2025,B56,종합병원,12 ,34 ,34 ,834640 ,1443840 
2025,B56,한방병원,4 ,4 ,3 ,145620 ,195720 
2025,B56,의원,52 ,95 ,95 ,1537310 ,2061600 
2025,B56,병원,7 ,9 ,9 ,188290 ,280690 
2025,B56,정신병원,6 ,16 ,16 ,642030 ,895330 
2025,B57,상급종합병원,1 ,1 ,1 ,18790 ,67990 
2025,B57,의원,2 ,2 ,2 ,27310 ,38910 
2025,B58,상급종합병원,149 ,572 ,751 ,143948600 ,197372360 
2025,B58,종합병원,45 ,129 ,150 ,15832130 ,23049860 
2025,B58,의원,92 ,189 ,187 ,17729870 ,25342940 
2025,B58,보건진료소,1 ,1 ,1 ,9620 ,10520 
2025,B58,병원,14 ,32 ,187 ,66432700 ,71280580 
2025,B60,상급종합병원,23 ,85 ,119 ,13255680 ,19777500 
2025,B60,종합병원,3 ,4 ,4 ,81600 ,163200 
2025,B60,의원,567 ,674 ,674 ,11357760 ,16129150 
2025,B60,병원,9 ,35 ,35 ,817480 ,1361790 
2025,B60,보건소,1 ,2 ,2 ,10580 ,12180 
2025,B64,의원,12 ,16 ,16 ,512210 ,718910 
2025,B64,병원,1 ,1 ,1 ,16210 ,26910 
2025,B65,상급종합병원,4 ,10 ,10 ,371360 ,1032900 
2025,B65,종합병원,2 ,2 ,2 ,17940 ,35640 
2025,B65,한방병원,1 ,1 ,1 ,9300 ,15500 
2025,B65,의원,25 ,30 ,30 ,946860 ,1304760 
2025,B65,병원,6 ,6 ,6 ,71600 ,114600 
2025,B66,상급종합병원,434 ,754 ,808 ,50100200 ,93338000 
2025,B66,종합병원,449 ,770 ,827 ,51709460 ,87040440 
2025,B66,한방병원,2 ,2 ,2 ,187980 ,313280 
2025,B66,치과병원,1 ,1 ,1 ,105060 ,201020 
2025,B66,의원,1381 ,1752 ,1751 ,35872480 ,48318160 
2025,B66,보건지소,235 ,242 ,242 ,1610300 ,1875600 
2025,B66,보건진료소,1 ,2 ,2 ,5960 ,7760 
2025,B66,병원,139 ,192 ,199 ,8784730 ,13424440 
2025,B66,요양병원,14 ,65 ,592 ,43357370 ,58707270 
2025,B66,보건소,69 ,77 ,77 ,418070 ,468370 
2025,B66,보건의료원,38 ,44 ,44 ,931540 ,1235540 
2025,B66,정신병원,3 ,4 ,6 ,371920 ,516550 
2025,B67,상급종합병원,10 ,35 ,35 ,1519650 ,4226010 
2025,B67,종합병원,7 ,19 ,21 ,3188820 ,4368950 
2025,B67,의원,2 ,2 ,2 ,24140 ,34340 
2025,B67,병원,1 ,3 ,2 ,47970 ,67770 
2025,B68,상급종합병원,9 ,16 ,16 ,211990 ,737390 
2025,B68,종합병원,12 ,19 ,21 ,1017370 ,1791660 
2025,B68,의원,39 ,51 ,49 ,1083170 ,1553960 
2025,B68,보건지소,2 ,2 ,2 ,11150 ,12550 
2025,B68,병원,4 ,4 ,4 ,41960 ,69560 
2025,B69,상급종합병원,94 ,226 ,251 ,27906780 ,49513270 
2025,B69,종합병원,95 ,241 ,303 ,38865990 ,58169310 
2025,B69,의원,34 ,83 ,85 ,2949930 ,3957960 
2025,B69,병원,6 ,19 ,314 ,49142070 ,58835510 
2025,B69,요양병원,2 ,8 ,122 ,12907410 ,16861720 
2025,B70,상급종합병원,39 ,86 ,90 ,6325520 ,12185830 
2025,B70,종합병원,27 ,48 ,60 ,11809280 ,16555000 
2025,B70,의원,7 ,10 ,10 ,376760 ,515960 
2025,B70,병원,1 ,1 ,1 ,8140 ,12440 
2025,B71,상급종합병원,2 ,2 ,2 ,270720 ,304600 
2025,B71,종합병원,12 ,21 ,21 ,879130 ,1696330 
2025,B71,한방병원,1 ,1 ,1 ,32240 ,53640 
2025,B71,의원,23 ,25 ,25 ,327170 ,453970 
2025,B71,병원,4 ,4 ,4 ,177400 ,295200 
2025,B71,보건소,1 ,1 ,1 ,5590 ,6090 
2025,B72,의원,3 ,3 ,3 ,266240 ,380040 
2025,B72,보건지소,1 ,1 ,1 ,6300 ,7200 
2025,B72,보건진료소,1 ,1 ,1 ,6300 ,7200 
2025,B72,병원,1 ,1 ,1 ,6370 ,10470 
2025,B73,종합병원,6 ,10 ,10 ,709070 ,1294570 
2025,B73,의원,2 ,2 ,2 ,27170 ,38670 
2025,B73,병원,1 ,1 ,1 ,8850 ,18960 
2025,B74,종합병원,1 ,2 ,2 ,232180 ,464180 
2025,B74,의원,2 ,2 ,2 ,29520 ,36820 
2025,B74,병원,1 ,1 ,1 ,3380 ,4380 
2025,B75,상급종합병원,3 ,6 ,6 ,147390 ,453990 
2025,B75,종합병원,3 ,9 ,9 ,469100 ,937300 
2025,B75,의원,1 ,1 ,1 ,9260 ,13160 
2025,B75,병원,1 ,1 ,1 ,8960 ,14860 
2025,B76,종합병원,3 ,6 ,6 ,272780 ,547130 
2025,B76,의원,59 ,68 ,68 ,1200580 ,1637960 
2025,B76,보건지소,4 ,4 ,4 ,17800 ,21400 
2025,B76,보건진료소,436 ,542 ,542 ,3529600 ,4043500 
2025,B76,병원,3 ,3 ,3 ,104620 ,161720 
2025,B77,상급종합병원,5 ,15 ,15 ,413980 ,1204250 
2025,B77,종합병원,13 ,18 ,25 ,7106830 ,10355060 
2025,B77,의원,46 ,54 ,54 ,913870 ,1215770 
2025,B77,보건지소,5 ,5 ,5 ,22250 ,26750 
2025,B77,보건진료소,498 ,555 ,555 ,3356100 ,3879800 
2025,B77,병원,4 ,5 ,5 ,45800 ,72200 
2025,B78,상급종합병원,2 ,8 ,9 ,1123960 ,1602890 
2025,B78,의원,1 ,1 ,1 ,16610 ,18410 
2025,B79,상급종합병원,4 ,4 ,4 ,14340 ,98640 
2025,B79,종합병원,11 ,18 ,18 ,619850 ,1219540 
2025,B79,의원,11 ,12 ,12 ,1128910 ,1647030 
2025,B79,보건지소,8 ,8 ,8 ,39300 ,46500 
2025,B79,보건진료소,1 ,1 ,1 ,4640 ,5540 
2025,B79,병원,1 ,1 ,1 ,141980 ,234580 
2025,B79,보건소,1 ,1 ,1 ,4990 ,6090 
2025,B80,상급종합병원,8 ,11 ,11 ,258780 ,751680 
2025,B80,종합병원,29 ,48 ,48 ,2247090 ,3597450 
2025,B80,의원,181 ,196 ,196 ,3319210 ,4311710 
2025,B80,보건지소,13 ,13 ,13 ,58250 ,69550 
2025,B80,보건진료소,55 ,56 ,56 ,372360 ,429760 
2025,B80,병원,30 ,32 ,32 ,478670 ,667970 
2025,B80,요양병원,1 ,1 ,1 ,10430 ,17230 
2025,B80,보건의료원,5 ,5 ,5 ,57070 ,67970 
2025,B81,상급종합병원,23 ,37 ,52 ,13520900 ,18428930 
2025,B81,종합병원,82 ,106 ,165 ,33657220 ,47943760 
2025,B81,의원,133 ,158 ,158 ,17580750 ,25036030 
2025,B81,보건진료소,1 ,1 ,1 ,6300 ,7200 
2025,B81,병원,25 ,30 ,43 ,8261150 ,12375180 
2025,B82,상급종합병원,7 ,19 ,27 ,9774760 ,13152890 
2025,B82,종합병원,46 ,75 ,74 ,3552320 ,6196340 
2025,B82,의원,166 ,199 ,199 ,5520480 ,7702450 
2025,B82,보건진료소,61 ,62 ,62 ,326880 ,393280 
2025,B82,병원,21 ,25 ,24 ,917140 ,1487640 
2025,B83,상급종합병원,192 ,407 ,425 ,26092700 ,57091570 
2025,B83,종합병원,347 ,510 ,517 ,20865440 ,37103870 
2025,B83,한방병원,5 ,6 ,6 ,93860 ,137160 
2025,B83,의원,1270 ,1553 ,1553 ,30444120 ,41582570 
2025,B83,보건지소,82 ,85 ,85 ,974330 ,1199930 
2025,B83,보건진료소,982 ,1156 ,1156 ,9461560 ,10889560 
2025,B83,병원,296 ,337 ,337 ,8482010 ,13284840 
2025,B83,요양병원,3 ,3 ,3 ,31550 ,49650 
2025,B83,보건소,6 ,7 ,7 ,39180 ,44480 
2025,B83,보건의료원,4 ,4 ,4 ,100330 ,140230 
2025,B85,상급종합병원,15 ,36 ,36 ,862920 ,2606140 
2025,B85,종합병원,78 ,132 ,131 ,2170690 ,4336880 
2025,B85,한방병원,1 ,1 ,1 ,12890 ,21390 
2025,B85,의원,5376 ,6939 ,6939 ,151810280 ,210077750 
2025,B85,병원,65 ,78 ,78 ,1240560 ,1951060 
2025,B85,요양병원,8 ,16 ,16 ,144210 ,237210 
2025,B85,보건의료원,1 ,1 ,1 ,35890 ,51190 
2025,B86,상급종합병원,2258 ,5837 ,5868 ,116477900 ,289281740 
2025,B86,종합병원,6535 ,14546 ,15172 ,479011990 ,728101180 
2025,B86,한방병원,18 ,32 ,31 ,671530 ,868940 
2025,B86,치과병원,2 ,2 ,2 ,17910 ,29610 
2025,B86,의원,37466 ,80614 ,81021 ,1242417810 ,1623396730 
2025,B86,보건지소,14 ,22 ,22 ,116950 ,133350 
2025,B86,보건진료소,10 ,16 ,16 ,105780 ,120180 
2025,B86,병원,1618 ,2425 ,2963 ,170640680 ,218035830 
2025,B86,요양병원,1279 ,2041 ,6697 ,597398910 ,752280150 
2025,B86,보건소,12 ,16 ,16 ,83440 ,97440 
2025,B86,보건의료원,32 ,40 ,40 ,424940 ,556340 
2025,B86,정신병원,88 ,169 ,176 ,3015190 ,4100810 
2025,B87,상급종합병원,1 ,4 ,4 ,18660 ,110860 
2025,B87,의원,13 ,17 ,17 ,403290 ,531490 
2025,B87,병원,2 ,3 ,3 ,62260 ,96960 
2025,B88,상급종합병원,324 ,749 ,756 ,29135450 ,61917980 
2025,B88,종합병원,1363 ,2032 ,2738 ,263981930 ,384371540 
2025,B88,한방병원,34 ,49 ,46 ,732760 ,1190630 
2025,B88,치과병원,3 ,3 ,3 ,33340 ,55340 
2025,B88,의원,52196 ,74718 ,74671 ,3825852240 ,5344189100 
2025,B88,보건지소,113 ,135 ,135 ,1243530 ,1503730 
2025,B88,보건진료소,823 ,1257 ,1257 ,10380120 ,11925520 
2025,B88,병원,1044 ,1378 ,1722 ,119238530 ,171789440 
2025,B88,요양병원,90 ,142 ,448 ,35657010 ,44460710 
2025,B88,보건소,46 ,52 ,52 ,285280 ,316680 
2025,B88,치과의원,3 ,3 ,3 ,53300 ,74700 
2025,B88,보건의료원,46 ,61 ,61 ,2194740 ,3035970 
2025,B88,정신병원,7 ,17 ,17 ,396350 ,592450 
2025,B89,상급종합병원,125 ,277 ,308 ,26267530 ,48900930 
2025,B89,종합병원,175 ,321 ,339 ,22277210 ,35950020 
2025,B89,한방병원,1 ,1 ,1 ,9300 ,15500 
2025,B89,치과병원,1 ,1 ,1 ,18030 ,29930 
2025,B89,의원,312 ,366 ,361 ,11935980 ,16675780 
2025,B89,보건지소,3 ,3 ,3 ,14550 ,16050 
2025,B89,보건진료소,161 ,193 ,193 ,1119960 ,1299960 
2025,B89,병원,40 ,53 ,53 ,1808270 ,2876630 
2025,B89,요양병원,1 ,1 ,1 ,11230 ,17230 
2025,B89,보건소,2 ,2 ,2 ,10580 ,12180 
2025,B89,보건의료원,2 ,2 ,2 ,29250 ,34450 
2025,B90,상급종합병원,1891 ,3655 ,3712 ,159571700 ,355679560 
2025,B90,종합병원,2818 ,5336 ,5689 ,329327670 ,552600040 
2025,B90,한방병원,4 ,4 ,2 ,498280 ,650420 
2025,B90,의원,1060 ,1381 ,1377 ,85035720 ,120421920 
2025,B90,보건지소,1 ,1 ,1 ,4450 ,5350 
2025,B90,병원,219 ,300 ,338 ,25890820 ,38385630 
2025,B90,요양병원,9 ,20 ,437 ,38017420 ,45465370 
2025,B90,보건소,36 ,38 ,38 ,191420 ,231420 
2025,B91,상급종합병원,44 ,125 ,125 ,2120550 ,6523670 
2025,B91,종합병원,102 ,314 ,312 ,7650860 ,15038000 
2025,B91,의원,138 ,243 ,243 ,7129510 ,9194010 
2025,B91,병원,34 ,417 ,415 ,8350740 ,13808940 
2025,B91,요양병원,1 ,139 ,139 ,6806730 ,7904030 
2025,B91,보건의료원,2 ,4 ,4 ,54090 ,60390 
2025,B92,병원,9 ,21 ,95 ,10188300 ,14219160 
2025,B94,상급종합병원,141 ,219 ,349 ,72836800 ,95578080 
2025,B94,종합병원,10 ,13 ,13 ,337770 ,674670 
2025,B94,한방병원,2 ,66 ,64 ,317020 ,485090 
2025,B94,의원,12 ,15 ,15 ,314220 ,453760 
2025,B94,병원,19 ,28 ,46 ,12361920 ,16342120 
2025,B99,상급종합병원,90 ,132 ,471 ,216690440 ,246850640 
2025,B99,종합병원,957 ,1358 ,4510 ,1248773320 ,1500317000 
2025,B99,의원,512 ,631 ,637 ,35520740 ,50508400 
2025,B99,보건진료소,2 ,2 ,2 ,15920 ,17720 
2025,B99,병원,71 ,109 ,201 ,25907730 ,35151290 
2025,B99,요양병원,5 ,13 ,287 ,47951510 ,61778660 
2025,B99,보건소,2 ,2 ,2 ,11180 ,12180 
2025,C00,상급종합병원,197 ,1230 ,1504 ,583013350 ,641901840 
2025,C00,종합병원,80 ,587 ,805 ,262095710 ,283086730 
2025,C00,치과병원,37 ,111 ,112 ,17193160 ,18823590 
2025,C00,의원,73 ,289 ,288 ,11828410 ,13044600 
2025,C00,병원,17 ,53 ,120 ,13073630 ,16029900 
2025,C00,요양병원,11 ,33 ,437 ,32629230 ,38417590 
2025,C00,치과의원,82 ,90 ,89 ,1652070 ,2279950 
2025,C01,상급종합병원,854 ,10314 ,12948 ,5356771030 ,5845093570 
2025,C01,종합병원,251 ,2565 ,4026 ,1271957340 ,1376154850 
2025,C01,한방병원,17 ,137 ,208 ,27256240 ,31154610 
2025,C01,치과병원,29 ,77 ,112 ,36959360 ,40761210 
2025,C01,의원,163 ,619 ,663 ,52597380 ,56102970 
2025,C01,병원,57 ,291 ,1451 ,230156360 ,254207890 
2025,C01,요양병원,51 ,398 ,3196 ,252872150 ,286683190 
2025,C01,정신병원,1 ,4 ,86 ,31696970 ,33910800 
2025,C02,상급종합병원,3848 ,36588 ,49104 ,21070831710 ,23326714640 
2025,C02,종합병원,1554 ,14203 ,20516 ,6972951030 ,7666141310 
2025,C02,한방병원,86 ,578 ,1105 ,153169850 ,174680800 
2025,C02,치과병원,545 ,2347 ,3179 ,869164430 ,966657690 
2025,C02,의원,996 ,4931 ,5945 ,592182720 ,648510280 
2025,C02,보건지소,1 ,1 ,1 ,5150 ,5350 
2025,C02,병원,266 ,1484 ,5335 ,631119910 ,729341320 
2025,C02,요양병원,213 ,1157 ,10439 ,709467890 ,827888170 
2025,C02,보건소,3 ,4 ,4 ,23160 ,24360 
2025,C02,치과의원,82 ,86 ,86 ,2129880 ,2968280 
2025,C02,보건의료원,1 ,5 ,5 ,127590 ,134190 
2025,C03,상급종합병원,702 ,7623 ,11489 ,5730949180 ,6361732470 
2025,C03,종합병원,337 ,3899 ,6130 ,2362424960 ,2596771770 
2025,C03,한방병원,28 ,330 ,382 ,35095820 ,38980490 
2025,C03,치과병원,534 ,2866 ,3866 ,946789920 ,1052682390 
2025,C03,의원,174 ,985 ,1254 ,85154860 ,92271510 
2025,C03,병원,62 ,407 ,1472 ,220735370 ,257592760 
2025,C03,요양병원,57 ,305 ,3452 ,267618490 ,305639090 
2025,C03,치과의원,89 ,117 ,117 ,2809340 ,3733740 
2025,C04,상급종합병원,364 ,3735 ,5144 ,2397061650 ,2646148480 
2025,C04,종합병원,142 ,1673 ,2382 ,929948310 ,1018194920 
2025,C04,한방병원,7 ,24 ,103 ,11614520 ,13809690 
2025,C04,치과병원,50 ,233 ,457 ,114206970 ,126406020 
2025,C04,의원,68 ,368 ,382 ,25259240 ,27579540 
2025,C04,병원,16 ,143 ,798 ,79453410 ,91884380 
2025,C04,요양병원,14 ,57 ,888 ,78671090 ,89908960 
2025,C04,치과의원,28 ,29 ,29 ,755420 ,1054520 
2025,C04,보건의료원,2 ,10 ,66 ,5232740 ,5961630 
2025,C04,정신병원,1 ,2 ,0 ,2131240 ,2254360 
2025,C05,상급종합병원,486 ,4883 ,6395 ,2755059460 ,3027877910 
2025,C05,종합병원,204 ,1967 ,3157 ,1125446470 ,1217066590 
2025,C05,한방병원,17 ,124 ,245 ,22375650 ,25405210 
2025,C05,치과병원,145 ,576 ,797 ,212382530 ,237387070 
2025,C05,의원,129 ,728 ,836 ,69084770 ,73713240 
2025,C05,병원,27 ,306 ,729 ,89807590 ,101183840 
2025,C05,요양병원,43 ,215 ,1968 ,191728130 ,208724550 
2025,C05,보건소,1 ,3 ,3 ,17370 ,18270 
2025,C05,치과의원,10 ,11 ,11 ,309690 ,432390 
2025,C06,상급종합병원,1827 ,21229 ,28556 ,12546301650 ,13785388580 
2025,C06,종합병원,806 ,7687 ,12202 ,4211106970 ,4632779810 
2025,C06,한방병원,46 ,205 ,412 ,73467010 ,83791760 
2025,C06,치과병원,894 ,5340 ,7377 ,1893903220 ,2109531250 
2025,C06,의원,634 ,3282 ,3456 ,311918780 ,331051550 
2025,C06,병원,149 ,1164 ,2902 ,414762130 ,464155150 
2025,C06,요양병원,147 ,859 ,8215 ,588794800 ,679589960 
2025,C06,보건소,1 ,2 ,2 ,11580 ,12180 
2025,C06,치과의원,6 ,8 ,8 ,115610 ,151410 
2025,C06,보건의료원,2 ,4 ,4 ,89010 ,93610 
2025,C07,상급종합병원,2179 ,20799 ,23899 ,9053637160 ,10006651170 
2025,C07,종합병원,551 ,3893 ,5209 ,1673012540 ,1840605210 
2025,C07,한방병원,44 ,314 ,253 ,26250640 ,29046300 
2025,C07,치과병원,26 ,90 ,90 ,15819440 ,17580940 
2025,C07,의원,544 ,2583 ,3023 ,493469560 ,546575510 
2025,C07,병원,84 ,644 ,2229 ,282357940 ,324954680 
2025,C07,요양병원,63 ,296 ,3037 ,188890250 ,225481640 
2025,C08,상급종합병원,1423 ,13734 ,15212 ,5082232450 ,5613344210 
2025,C08,종합병원,439 ,3684 ,5171 ,1768287220 ,1920724230 
2025,C08,한방병원,36 ,540 ,477 ,27015340 ,29586700 
2025,C08,치과병원,67 ,266 ,360 ,90674190 ,100022570 
2025,C08,의원,411 ,2088 ,2399 ,217377300 ,238898810 
2025,C08,병원,97 ,647 ,1912 ,248439590 ,281798360 
2025,C08,요양병원,80 ,427 ,5056 ,315169940 ,372083410 
2025,C08,보건소,1 ,3 ,3 ,17370 ,18270 
2025,C08,치과의원,1 ,1 ,1 ,11610 ,16510 
2025,C08,보건의료원,1 ,2 ,2 ,46240 ,48640 
2025,C09,상급종합병원,3159 ,37165 ,43797 ,15879438040 ,17290721190 
2025,C09,종합병원,1033 ,10720 ,14697 ,4558223120 ,4948132040 
2025,C09,한방병원,90 ,457 ,396 ,64935690 ,73813980 
2025,C09,치과병원,26 ,122 ,163 ,21527670 ,23819570 
2025,C09,의원,648 ,3284 ,3971 ,286571680 ,316621710 
2025,C09,보건지소,1 ,1 ,1 ,4990 ,6090 
2025,C09,병원,184 ,1025 ,4621 ,569717900 ,666593070 
2025,C09,요양병원,189 ,1130 ,9924 ,674431540 ,789025680 
2025,C09,치과의원,1 ,5 ,5 ,55950 ,63450 
2025,C09,보건의료원,1 ,1 ,1 ,17380 ,18280 
2025,C09,정신병원,1 ,1 ,1 ,16430 ,17230 
2025,C10,상급종합병원,1210 ,15090 ,18600 ,7331061710 ,7951034240 
2025,C10,종합병원,404 ,4367 ,5934 ,1855929700 ,2002860000 
2025,C10,한방병원,36 ,205 ,188 ,37164580 ,39927120 
2025,C10,치과병원,17 ,63 ,81 ,18577630 ,20711250 
2025,C10,의원,278 ,1267 ,1583 ,105079730 ,114925380 
2025,C10,병원,64 ,1044 ,2285 ,236259530 ,268001610 
2025,C10,요양병원,86 ,424 ,5446 ,399749240 ,458561070 
2025,C10,보건의료원,1 ,2 ,2 ,50910 ,53510 
2025,C10,정신병원,1 ,3 ,3 ,472680 ,522310 
2025,C11,상급종합병원,2508 ,34717 ,38262 ,12790212910 ,13847462240 
2025,C11,종합병원,785 ,8805 ,11816 ,3545747690 ,3823927940 
2025,C11,한방병원,97 ,733 ,872 ,98368110 ,115049580 
2025,C11,치과병원,9 ,24 ,24 ,1153060 ,1359260 
2025,C11,의원,709 ,4836 ,6058 ,414148100 ,453723600 
2025,C11,병원,170 ,952 ,3517 ,402386850 ,479824630 
2025,C11,요양병원,174 ,1323 ,11467 ,745195020 ,872442720 
2025,C11,정신병원,1 ,6 ,174 ,19435510 ,22096170 
2025,C12,상급종합병원,386 ,4449 ,6282 ,2559273020 ,2777276220 
2025,C12,종합병원,70 ,581 ,859 ,243283260 ,270063610 
2025,C12,한방병원,9 ,45 ,28 ,15227320 ,17436380 
2025,C12,의원,40 ,317 ,423 ,21014090 ,22965160 
2025,C12,병원,8 ,19 ,20 ,3625410 ,4012200 
2025,C12,요양병원,35 ,207 ,2264 ,221313270 ,249870750 
2025,C13,상급종합병원,1598 ,25347 ,32950 ,13632085940 ,14765631680 
2025,C13,종합병원,670 ,8186 ,13455 ,4757394930 ,5168766120 
2025,C13,한방병원,53 ,259 ,457 ,40013630 ,46332800 
2025,C13,치과병원,8 ,12 ,12 ,624450 ,673550 
2025,C13,의원,386 ,1805 ,2201 ,226621750 ,243023350 
2025,C13,병원,147 ,917 ,3905 ,635354180 ,722716140 
2025,C13,요양병원,160 ,1043 ,13499 ,1340289810 ,1508185020 
2025,C13,보건의료원,2 ,3 ,3 ,142980 ,150280 
2025,C14,상급종합병원,61 ,510 ,766 ,289780710 ,312491050 
2025,C14,종합병원,38 ,301 ,458 ,194132720 ,206337170 
2025,C14,한방병원,3 ,43 ,39 ,1146310 ,1243590 
2025,C14,치과병원,7 ,26 ,26 ,1314380 ,1403060 
2025,C14,의원,63 ,207 ,207 ,8687950 ,9537610 
2025,C14,병원,7 ,16 ,56 ,9634210 ,10449580 
2025,C14,요양병원,14 ,32 ,552 ,44545480 ,51588420 
2025,C14,보건소,1 ,1 ,1 ,5790 ,6090 
2025,C15,상급종합병원,10613 ,132242 ,189206 ,88470357040 ,96106781670 
2025,C15,종합병원,4120 ,32777 ,66040 ,26794456470 ,29146056710 
2025,C15,한방병원,338 ,1976 ,2992 ,368296390 ,410246820 
2025,C15,의원,3021 ,16134 ,18454 ,1335439190 ,1437456060 
2025,C15,병원,1218 ,6742 ,24189 ,3256048380 ,3733281630 
2025,C15,요양병원,945 ,5125 ,48373 ,3621181960 ,4169546070 
2025,C15,보건소,1 ,2 ,2 ,11580 ,12180 
2025,C15,보건의료원,15 ,38 ,53 ,3181140 ,3483990 
2025,C15,정신병원,6 ,87 ,105 ,10939320 ,11693880 
2025,C16,상급종합병원,115007 ,628317 ,860454 ,398985280940 ,442634199550 
2025,C16,종합병원,46486 ,230970 ,393201 ,143774015350 ,158323905380 
2025,C16,한방병원,1868 ,13081 ,23319 ,2422814360 ,2802489220 
2025,C16,치과병원,7 ,20 ,20 ,522330 ,584930 
2025,C16,의원,28109 ,128735 ,145278 ,10415257890 ,11209188220 
2025,C16,보건지소,6 ,6 ,6 ,189000 ,198600 
2025,C16,병원,8749 ,40997 ,139398 ,18032668030 ,20715974820 
2025,C16,요양병원,5862 ,37762 ,336198 ,23043932470 ,26944829180 
2025,C16,보건소,42 ,123 ,123 ,705670 ,749070 
2025,C16,보건의료원,124 ,486 ,626 ,28369250 ,30527140 
2025,C16,정신병원,48 ,291 ,980 ,85829860 ,99729870 
2025,C17,상급종합병원,4876 ,33182 ,47514 ,19845258820 ,22193664270 
2025,C17,종합병원,1990 ,11829 ,22126 ,8964501550 ,9858026710 
2025,C17,한방병원,70 ,396 ,488 ,73747850 ,80524470 
2025,C17,의원,955 ,4966 ,5557 ,433438000 ,467340580 
2025,C17,병원,320 ,1776 ,5954 ,803420310 ,914053720 
2025,C17,요양병원,234 ,1633 ,13104 ,952113330 ,1100817640 
2025,C17,보건의료원,2 ,5 ,7 ,463170 ,487510 
2025,C17,정신병원,1 ,2 ,4 ,2250190 ,2393130 
2025,C18,상급종합병원,55725 ,417278 ,586654 ,284158855540 ,314977306220 
2025,C18,종합병원,32078 ,196670 ,368421 ,150241676440 ,165704422560 
2025,C18,한방병원,1152 ,9686 ,17272 ,1722871630 ,1956590780 
2025,C18,치과병원,2 ,6 ,6 ,1397580 ,1470880 
2025,C18,의원,16796 ,79915 ,95127 ,8967918430 ,9710315860 
2025,C18,보건지소,2 ,6 ,6 ,29700 ,32100 
2025,C18,병원,7302 ,37692 ,114943 ,17743491320 ,20164767250 
2025,C18,요양병원,4383 ,28776 ,294715 ,21437144380 ,24955065600 
2025,C18,보건소,13 ,40 ,40 ,230800 ,243600 
2025,C18,보건의료원,58 ,281 ,306 ,11395620 ,12422840 
2025,C18,정신병원,22 ,161 ,298 ,24844540 ,26461500 
2025,C19,상급종합병원,8968 ,63965 ,89495 ,44695997980 ,49342973180 
2025,C19,종합병원,4164 ,25427 ,47620 ,19915975830 ,21897978660 
2025,C19,한방병원,164 ,1525 ,3524 ,379523210 ,426391870 
2025,C19,의원,1838 ,9107 ,11127 ,1003109940 ,1092480850 
2025,C19,보건지소,3 ,4 ,4 ,29350 ,30650 
2025,C19,병원,1033 ,5388 ,15177 ,2715291560 ,3088681380 
2025,C19,요양병원,559 ,4954 ,42599 ,2901938790 ,3391098280 
2025,C19,보건소,4 ,15 ,15 ,85850 ,91350 
2025,C19,보건의료원,11 ,57 ,105 ,5666330 ,6307730 
2025,C19,정신병원,3 ,7 ,55 ,19776630 ,21150370 
2025,C20,상급종합병원,42256 ,348150 ,444258 ,191663838400 ,211066990610 
2025,C20,종합병원,21541 ,137000 ,212818 ,78847496150 ,86747184250 
2025,C20,한방병원,677 ,6515 ,9073 ,748733580 ,859975250 
2025,C20,의원,11084 ,46326 ,54935 ,5713832780 ,6189487820 
2025,C20,보건지소,2 ,9 ,9 ,45150 ,48150 
2025,C20,병원,6104 ,26143 ,68608 ,11455391200 ,13113835680 
2025,C20,요양병원,2374 ,18458 ,175360 ,12333064010 ,14377560240 
2025,C20,보건소,6 ,12 ,12 ,70780 ,73080 
2025,C20,보건의료원,35 ,180 ,221 ,10719730 ,11593150 
2025,C20,정신병원,9 ,76 ,182 ,20338780 ,22608940 
2025,C21,상급종합병원,1397 ,15036 ,17814 ,6776519150 ,7380675610 
2025,C21,종합병원,762 ,6361 ,9245 ,3054477450 ,3324437800 
2025,C21,한방병원,30 ,180 ,150 ,16403720 ,17602680 
2025,C21,의원,500 ,2251 ,2714 ,229844750 ,249898110 
2025,C21,병원,218 ,1028 ,3393 ,400062230 ,453896790 
2025,C21,요양병원,120 ,851 ,9201 ,681726010 ,788657610 
2025,C21,보건의료원,1 ,81 ,81 ,1754670 ,1843170 
2025,C22,상급종합병원,59745 ,534812 ,786253 ,483070321700 ,532223479360 
2025,C22,종합병원,24039 ,167762 ,347161 ,157173067760 ,172287037300 
2025,C22,한방병원,877 ,5979 ,9521 ,1035998590 ,1177187760 
2025,C22,치과병원,6 ,25 ,33 ,8537100 ,9294000 
2025,C22,의원,12267 ,62261 ,73362 ,6408900840 ,6962075590 
2025,C22,보건지소,5 ,11 ,11 ,61740 ,65140 
2025,C22,병원,5131 ,23543 ,91139 ,15097069170 ,16968020840 
2025,C22,요양병원,4106 ,20958 ,201737 ,15580034510 ,18005197690 
2025,C22,보건소,18 ,41 ,41 ,235790 ,249690 
2025,C22,보건의료원,52 ,127 ,250 ,13822570 ,15956130 
2025,C22,정신병원,21 ,106 ,373 ,37594590 ,41549680 
2025,C23,상급종합병원,6465 ,55045 ,92094 ,43632965140 ,48504354870 
2025,C23,종합병원,4009 ,27756 ,65264 ,27745683810 ,30719265910 
2025,C23,한방병원,215 ,1491 ,2490 ,251911420 ,279508240 
2025,C23,의원,1756 ,10534 ,12744 ,1114781300 ,1206592650 
2025,C23,병원,859 ,4363 ,17700 ,2885628040 ,3265532130 
2025,C23,요양병원,770 ,4825 ,37641 ,2773951620 ,3217775490 
2025,C23,보건소,2 ,5 ,5 ,28950 ,30450 
2025,C23,보건의료원,4 ,9 ,9 ,188940 ,220940 
2025,C23,정신병원,6 ,28 ,70 ,4560750 ,6307430 
2025,C24,상급종합병원,12596 ,131641 ,260660 ,151044245170 ,165720427440 
2025,C24,종합병원,7432 ,58564 ,166592 ,79303157970 ,86924606760 
2025,C24,한방병원,459 ,3339 ,4065 ,468429710 ,518328890 
2025,C24,치과병원,1 ,3 ,3 ,99470 ,104470 
2025,C24,의원,3711 ,21866 ,25882 ,2168278130 ,2354435250 
2025,C24,보건지소,1 ,2 ,2 ,15550 ,16250 
2025,C24,보건진료소,1 ,5 ,5 ,18900 ,19400 
2025,C24,병원,1842 ,11547 ,41541 ,6454458060 ,7291862260 
2025,C24,요양병원,1707 ,9004 ,83289 ,6807607500 ,7835294210 
2025,C24,보건소,2 ,2 ,2 ,11580 ,12180 
2025,C24,보건의료원,14 ,94 ,138 ,8165750 ,8707850 
2025,C24,정신병원,8 ,55 ,106 ,12234790 ,13297860 
2025,C25,상급종합병원,21830 ,294660 ,493578 ,262237975320 ,287301908560 
2025,C25,종합병원,12903 ,108274 ,284170 ,117098984760 ,128562616100 
2025,C25,한방병원,1485 ,11999 ,15282 ,1730304040 ,1967760530 
2025,C25,치과병원,7 ,27 ,27 ,866590 ,910990 
2025,C25,의원,8580 ,53873 ,69707 ,6191369370 ,6767576470 
2025,C25,보건지소,3 ,9 ,9 ,72650 ,74050 
2025,C25,보건진료소,1 ,1 ,1 ,3780 ,3880 
2025,C25,병원,4588 ,32426 ,121391 ,18155383210 ,20536860930 
2025,C25,요양병원,3612 ,23142 ,179521 ,12260770040 ,14246305730 
2025,C25,보건소,8 ,15 ,15 ,86050 ,91350 
2025,C25,보건의료원,36 ,236 ,323 ,17148010 ,18579360 
2025,C25,정신병원,16 ,55 ,205 ,29965860 ,32596030 
2025,C26,상급종합병원,486 ,2904 ,3434 ,1121662160 ,1266464820 
2025,C26,종합병원,324 ,1709 ,2619 ,856189610 ,949975850 
2025,C26,한방병원,11 ,19 ,97 ,12829360 ,14130990 
2025,C26,의원,200 ,839 ,858 ,58439670 ,66218460 
2025,C26,병원,66 ,284 ,730 ,97247380 ,110372390 
2025,C26,요양병원,46 ,181 ,2890 ,213277700 ,251959960 
2025,C26,보건의료원,1 ,6 ,21 ,1798920 ,2001040 
2025,C30,상급종합병원,1340 ,16959 ,20197 ,8529820510 ,9329363490 
2025,C30,종합병원,288 ,2416 ,4073 ,1294683300 ,1404028700 
2025,C30,한방병원,42 ,242 ,787 ,116955800 ,131349890 
2025,C30,치과병원,8 ,20 ,20 ,676080 ,718680 
2025,C30,의원,310 ,2199 ,2442 ,132131770 ,144455670 
2025,C30,병원,90 ,536 ,2211 ,423021020 ,479181820 
2025,C30,요양병원,83 ,419 ,4307 ,284877160 ,333105750 
2025,C30,치과의원,2 ,3 ,3 ,30510 ,38410 
2025,C30,정신병원,1 ,2 ,2 ,176120 ,185320 
2025,C31,상급종합병원,885 ,12526 ,15430 ,6745104390 ,7442145950 
2025,C31,종합병원,273 ,2608 ,3792 ,1074150480 ,1185799850 
2025,C31,한방병원,33 ,191 ,124 ,14161910 ,15323180 
2025,C31,치과병원,34 ,126 ,154 ,21209190 ,24393330 
2025,C31,의원,214 ,1057 ,1448 ,120127290 ,131411250 
2025,C31,병원,58 ,460 ,1855 ,287308650 ,323229030 
2025,C31,요양병원,74 ,311 ,3563 ,281635020 ,323182380 
2025,C31,보건소,1 ,1 ,1 ,5790 ,6090 
2025,C31,치과의원,4 ,4 ,4 ,193110 ,275510 
2025,C31,보건의료원,1 ,2 ,2 ,46450 ,48850 
2025,C31,정신병원,1 ,25 ,165 ,14914080 ,16058010 
2025,C32,상급종합병원,6097 ,61478 ,72932 ,27479415670 ,29839784630 
2025,C32,종합병원,2187 ,19572 ,26853 ,8710365380 ,9474230560 
2025,C32,한방병원,76 ,413 ,795 ,93258680 ,107415350 
2025,C32,치과병원,9 ,22 ,22 ,915230 ,962230 
2025,C32,의원,1417 ,7851 ,8489 ,743294120 ,800161970 
2025,C32,병원,254 ,1342 ,5122 ,731008920 ,824025770 
2025,C32,요양병원,277 ,1648 ,19096 ,1559251280 ,1796063150 
2025,C32,보건소,3 ,12 ,12 ,68680 ,73080 
2025,C32,보건의료원,5 ,23 ,51 ,3870890 ,4120580 
2025,C32,정신병원,2 ,8 ,21 ,904230 ,951690 
2025,C33,상급종합병원,178 ,1729 ,2394 ,1114535190 ,1211022770 
2025,C33,종합병원,53 ,374 ,530 ,193777980 ,215811990 
2025,C33,한방병원,5 ,42 ,35 ,3733650 ,4094490 
2025,C33,의원,55 ,301 ,382 ,17776600 ,19229800 
2025,C33,병원,13 ,31 ,267 ,51488480 ,65012740 
2025,C33,요양병원,15 ,41 ,621 ,46253310 ,53865000 
2025,C33,보건의료원,1 ,3 ,3 ,122270 ,128570 
2025,C34,상급종합병원,107040 ,1037680 ,1381049 ,844379034830 ,919573257620 
2025,C34,종합병원,38300 ,276833 ,532518 ,270494913490 ,294889506250 
2025,C34,한방병원,2525 ,18150 ,34903 ,3789404990 ,4334669500 
2025,C34,치과병원,6 ,17 ,17 ,593060 ,643960 
2025,C34,의원,23067 ,124629 ,151194 ,11377058110 ,12275971660 
2025,C34,보건지소,2 ,8 ,8 ,41200 ,42800 
2025,C34,병원,8836 ,47134 ,197859 ,30686119650 ,34689055040 
2025,C34,요양병원,9143 ,56440 ,556287 ,40919831140 ,47572611120 
2025,C34,보건소,30 ,79 ,79 ,454810 ,481110 
2025,C34,보건의료원,111 ,309 ,595 ,33558260 ,36700260 
2025,C34,정신병원,31 ,180 ,1096 ,118601910 ,132085390 
2025,C37,상급종합병원,5962 ,42516 ,52214 ,20404258450 ,22600275290 
2025,C37,종합병원,1311 ,8306 ,12817 ,5204883460 ,5703118120 
2025,C37,한방병원,88 ,570 ,1083 ,124650570 ,139243370 
2025,C37,의원,782 ,4060 ,5390 ,572112520 ,614819770 
2025,C37,병원,235 ,1804 ,7379 ,932633230 ,1067491610 
2025,C37,요양병원,208 ,2157 ,15019 ,868069430 ,1021117460 
2025,C37,보건소,1 ,1 ,1 ,4990 ,6090 
2025,C38,상급종합병원,898 ,5681 ,8863 ,4856735330 ,5388799300 
2025,C38,종합병원,261 ,1121 ,2287 ,1003127430 ,1128548380 
2025,C38,한방병원,13 ,58 ,127 ,19594530 ,21677280 
2025,C38,의원,129 ,520 ,519 ,33987830 ,37512640 
2025,C38,병원,48 ,281 ,1417 ,139577260 ,166976890 
2025,C38,요양병원,38 ,192 ,1882 ,133797600 ,156196660 
2025,C39,상급종합병원,11 ,185 ,371 ,235652640 ,252559900 
2025,C39,종합병원,15 ,22 ,64 ,28606650 ,31145620 
2025,C39,한방병원,3 ,8 ,0 ,265850 ,285990 
2025,C39,의원,77 ,322 ,362 ,10889370 ,12045580 
2025,C39,병원,5 ,6 ,32 ,5499260 ,5816070 
2025,C39,요양병원,16 ,43 ,680 ,55948280 ,65682360 
2025,C39,보건소,1 ,1 ,1 ,4990 ,6090 
2025,C39,보건의료원,3 ,23 ,23 ,559590 ,587990 
2025,C40,상급종합병원,717 ,5342 ,10871 ,4995556100 ,5603979720 
2025,C40,종합병원,755 ,5235 ,10807 ,3783617160 ,4248103060 
2025,C40,한방병원,24 ,239 ,171 ,8728170 ,9645440 
2025,C40,치과병원,2 ,5 ,5 ,207600 ,222800 
2025,C40,의원,221 ,1196 ,1422 ,87494280 ,100319760 
2025,C40,병원,119 ,1060 ,1552 ,116526690 ,133995400 
2025,C40,요양병원,27 ,216 ,1264 ,77453360 ,91093900 
2025,C41,상급종합병원,2540 ,23472 ,36700 ,16764296890 ,18586865420 
2025,C41,종합병원,770 ,5073 ,9692 ,3404058770 ,3762405620 
2025,C41,한방병원,42 ,403 ,377 ,34012810 ,38090190 
2025,C41,치과병원,116 ,438 ,652 ,175168280 ,196538760 
2025,C41,의원,425 ,1955 ,2351 ,170916870 ,191558080 
2025,C41,병원,328 ,1743 ,4700 ,712784820 ,815398100 
2025,C41,요양병원,121 ,896 ,8988 ,800399720 ,921222690 
2025,C41,치과의원,15 ,47 ,47 ,790730 ,1053330 
2025,C41,보건의료원,2 ,5 ,5 ,124840 ,131240 
2025,C43,상급종합병원,3631 ,40700 ,49467 ,26828902940 ,29165737950 
2025,C43,종합병원,1037 ,7800 ,13096 ,5638452940 ,6133044310 
2025,C43,한방병원,64 ,339 ,272 ,40676380 ,44987810 
2025,C43,치과병원,31 ,162 ,220 ,55052890 ,60798110 
2025,C43,의원,1501 ,5091 ,5837 ,483877290 ,524822140 
2025,C43,병원,275 ,1091 ,3929 ,795759540 ,898896890 
2025,C43,요양병원,211 ,1035 ,9981 ,737543650 ,853352300 
2025,C43,보건소,1 ,1 ,1 ,5790 ,6090 
2025,C43,치과의원,17 ,19 ,18 ,660770 ,908170 
2025,C43,보건의료원,12 ,43 ,63 ,2901900 ,3075520 
2025,C44,상급종합병원,15818 ,81293 ,97700 ,29204077380 ,32109435420 
2025,C44,종합병원,7071 ,35161 ,44763 ,10819252350 ,11845825920 
2025,C44,한방병원,76 ,552 ,851 ,86983580 ,99416150 
2025,C44,치과병원,30 ,157 ,157 ,11318650 ,12397610 
2025,C44,의원,7238 ,34191 ,35675 ,2452188390 ,2665765550 
2025,C44,보건지소,3 ,3 ,3 ,15450 ,16050 
2025,C44,병원,886 ,3718 ,8007 ,1018592180 ,1144553110 
2025,C44,요양병원,763 ,4539 ,53787 ,4408089830 ,5090324040 
2025,C44,보건소,4 ,10 ,10 ,57100 ,60900 
2025,C44,보건의료원,22 ,76 ,120 ,5174090 ,5816860 
2025,C44,정신병원,8 ,38 ,61 ,5774160 ,6300360 
2025,C45,상급종합병원,486 ,6940 ,10407 ,4819037680 ,5286526640 
2025,C45,종합병원,226 ,1746 ,4320 ,1592228870 ,1742517560 
2025,C45,한방병원,17 ,137 ,366 ,44575900 ,51492290 
2025,C45,의원,120 ,645 ,769 ,53062780 ,57627650 
2025,C45,병원,56 ,247 ,1557 ,221215140 ,262624100 
2025,C45,요양병원,68 ,452 ,3206 ,218184030 ,253336390 
2025,C46,상급종합병원,259 ,2252 ,2514 ,772184860 ,828911270 
2025,C46,종합병원,111 ,722 ,841 ,212293270 ,230045350 
2025,C46,한방병원,3 ,4 ,1 ,544860 ,573460 
2025,C46,치과병원,1 ,1 ,1 ,135610 ,226010 
2025,C46,의원,130 ,554 ,585 ,31818990 ,34569880 
2025,C46,병원,39 ,404 ,893 ,76642040 ,87269410 
2025,C46,요양병원,18 ,72 ,993 ,134701820 ,150050010 
2025,C46,치과의원,1 ,1 ,1 ,14910 ,16510 
2025,C47,상급종합병원,352 ,3337 ,5087 ,2262602530 ,2532195330 
2025,C47,종합병원,96 ,675 ,1409 ,518657240 ,564707520 
2025,C47,한방병원,5 ,28 ,242 ,22244120 ,25277920 
2025,C47,치과병원,1 ,6 ,6 ,1091160 ,1148620 
2025,C47,의원,67 ,202 ,233 ,30863990 ,33378160 
2025,C47,병원,21 ,235 ,474 ,33279420 ,38278040 
2025,C47,요양병원,19 ,124 ,1529 ,119016490 ,137425320 
2025,C48,상급종합병원,2429 ,23649 ,39681 ,20679688020 ,23049003380 
2025,C48,종합병원,1040 ,7826 ,17003 ,7299092540 ,8093893570 
2025,C48,한방병원,112 ,970 ,1795 ,183508760 ,215050250 
2025,C48,의원,544 ,2967 ,4524 ,368596250 ,404569790 
2025,C48,병원,283 ,2154 ,8048 ,915917180 ,1065829490 
2025,C48,요양병원,252 ,1660 ,14977 ,1049606650 ,1216745860 
2025,C49,상급종합병원,7338 ,75050 ,107074 ,44639040640 ,49648467110 
2025,C49,종합병원,2964 ,24396 ,40832 ,14560468820 ,16001959400 
2025,C49,한방병원,157 ,982 ,1054 ,123105000 ,141027460 
2025,C49,치과병원,18 ,136 ,170 ,38398100 ,42304450 
2025,C49,의원,1375 ,8036 ,10576 ,806319350 ,881582630 
2025,C49,병원,606 ,4506 ,13192 ,1917864200 ,2186361210 
2025,C49,요양병원,356 ,2457 ,22736 ,1519750330 ,1779895820 
2025,C49,보건소,3 ,10 ,10 ,57900 ,60900 
2025,C49,치과의원,2 ,2 ,2 ,29720 ,42220 
2025,C49,보건의료원,1 ,25 ,25 ,1162540 ,1222740 
2025,C50,상급종합병원,202294 ,1923158 ,2118265 ,952126516400 ,1074567767050 
2025,C50,종합병원,83611 ,782265 ,936605 ,374410620470 ,416110952500 
2025,C50,한방병원,8972 ,83024 ,116344 ,10866983310 ,12558223510 
2025,C50,치과병원,21 ,72 ,72 ,3808760 ,4090520 
2025,C50,의원,72644 ,307473 ,374866 ,32662656600 ,36892361920 
2025,C50,보건지소,4 ,8 ,8 ,90200 ,94600 
2025,C50,보건진료소,3 ,3 ,3 ,17580 ,18280 
2025,C50,병원,21771 ,140405 ,404094 ,39554055940 ,46837624200 
2025,C50,요양병원,11941 ,143934 ,858541 ,45243971470 ,53990760970 
2025,C50,보건소,18 ,41 ,41 ,230590 ,249690 
2025,C50,보건의료원,81 ,237 ,242 ,7234870 ,8171260 
2025,C50,정신병원,37 ,395 ,635 ,56001060 ,62337510 
2025,C51,상급종합병원,668 ,6296 ,9013 ,3513865490 ,3883824910 
2025,C51,종합병원,264 ,2074 ,3389 ,1119695800 ,1231679660 
2025,C51,한방병원,12 ,117 ,104 ,3163700 ,3527930 
2025,C51,의원,130 ,596 ,602 ,41685570 ,44702630 
2025,C51,병원,68 ,357 ,1329 ,172929830 ,195718600 
2025,C51,요양병원,68 ,345 ,4096 ,310340430 ,360505290 
2025,C51,보건의료원,2 ,10 ,10 ,219960 ,230860 
2025,C51,정신병원,3 ,14 ,14 ,582160 ,628360 
2025,C52,상급종합병원,374 ,4311 ,5710 ,2289709730 ,2498074340 
2025,C52,종합병원,159 ,1173 ,1616 ,553364160 ,598630390 
2025,C52,한방병원,11 ,102 ,59 ,5175020 ,6164770 
2025,C52,의원,80 ,620 ,1071 ,66349360 ,73811530 
2025,C52,병원,39 ,221 ,772 ,116833750 ,130495620 
2025,C52,요양병원,30 ,350 ,2244 ,139679980 ,165121240 
2025,C53,상급종합병원,17198 ,148863 ,190487 ,71871974250 ,79236737660 
2025,C53,종합병원,7469 ,56531 ,77048 ,25054517050 ,27505617660 
2025,C53,한방병원,627 ,5399 ,8239 ,846903040 ,971771430 
2025,C53,치과병원,1 ,2 ,2 ,18840 ,31240 
2025,C53,의원,3366 ,17197 ,21611 ,1498935010 ,1635325850 
2025,C53,보건지소,1 ,5 ,5 ,24550 ,26750 
2025,C53,보건진료소,1 ,9 ,9 ,34020 ,34920 
2025,C53,병원,1366 ,7676 ,25983 ,2930799120 ,3365160260 
2025,C53,요양병원,917 ,8327 ,61526 ,3884158000 ,4567534850 
2025,C53,보건소,2 ,8 ,8 ,44720 ,48720 
2025,C53,보건의료원,3 ,6 ,6 ,158130 ,166130 
2025,C53,정신병원,5 ,9 ,29 ,3563030 ,4191110 
2025,C54,상급종합병원,19647 ,142032 ,180239 ,66374830750 ,74849765910 
2025,C54,종합병원,7771 ,53973 ,72255 ,23226017290 ,25932390170 
2025,C54,한방병원,736 ,5502 ,8820 ,894883950 ,1029903140 
2025,C54,치과병원,1 ,1 ,1 ,24350 ,25550 
2025,C54,의원,3988 ,19903 ,23436 ,1583583270 ,1760772740 
2025,C54,보건지소,1 ,1 ,1 ,5150 ,5350 
2025,C54,병원,1796 ,10897 ,33027 ,3443757440 ,4002670520 
2025,C54,요양병원,974 ,11005 ,62895 ,3404348190 ,4041611750 
2025,C54,보건의료원,7 ,22 ,22 ,902620 ,950120 
2025,C54,정신병원,2 ,99 ,91 ,1589650 ,1673000 
2025,C55,상급종합병원,1080 ,9508 ,14741 ,6207561690 ,6921147760 
2025,C55,종합병원,534 ,3548 ,6249 ,2159056480 ,2410485460 
2025,C55,한방병원,68 ,583 ,755 ,69168050 ,88700110 
2025,C55,치과병원,2 ,6 ,6 ,146100 ,153300 
2025,C55,의원,335 ,2131 ,2595 ,143350260 ,157941220 
2025,C55,병원,147 ,1003 ,4178 ,443008010 ,508330530 
2025,C55,요양병원,88 ,773 ,7135 ,411436200 ,487848640 
2025,C55,보건의료원,8 ,33 ,33 ,735860 ,810060 
2025,C56,상급종합병원,18173 ,160700 ,236972 ,111274555420 ,124512040320 
2025,C56,종합병원,9331 ,82414 ,134219 ,54676201810 ,60904768250 
2025,C56,한방병원,1184 ,12636 ,19437 ,1905874860 ,2147694420 
2025,C56,치과병원,2 ,49 ,49 ,1107870 ,1226290 
2025,C56,의원,5736 ,34100 ,44240 ,2703175090 ,3037872710 
2025,C56,병원,2252 ,20617 ,73114 ,7539335710 ,8770896970 
2025,C56,요양병원,2075 ,23766 ,160267 ,8955870280 ,10618731510 
2025,C56,보건소,3 ,4 ,4 ,23160 ,24360 
2025,C56,보건의료원,7 ,28 ,29 ,1280830 ,1441900 
2025,C56,정신병원,5 ,27 ,60 ,2996820 ,3295860 
2025,C57,상급종합병원,893 ,9286 ,14294 ,6985076260 ,7723641580 
2025,C57,종합병원,488 ,4265 ,6495 ,2244529790 ,2476638670 
2025,C57,한방병원,53 ,658 ,832 ,79515380 ,91440010 
2025,C57,의원,333 ,2046 ,2555 ,118994640 ,130951560 
2025,C57,병원,158 ,1406 ,4194 ,456266540 ,522457010 
2025,C57,요양병원,110 ,1165 ,8054 ,428847780 ,512604510 
2025,C57,보건의료원,2 ,2 ,2 ,73870 ,77570 
2025,C58,상급종합병원,165 ,1101 ,1686 ,354689140 ,401491900 
2025,C58,종합병원,81 ,581 ,709 ,133838820 ,147865960 
2025,C58,한방병원,1 ,2 ,0 ,33480 ,35240 
2025,C58,의원,21 ,92 ,92 ,7968900 ,8602960 
2025,C58,병원,8 ,41 ,218 ,15363900 ,23496550 
2025,C58,요양병원,2 ,17 ,190 ,9241620 ,11077620 
2025,C60,상급종합병원,221 ,1757 ,2872 ,969151120 ,1077768840 
2025,C60,종합병원,117 ,883 ,1427 ,374067350 ,415618910 
2025,C60,한방병원,1 ,1 ,1 ,9890 ,10390 
2025,C60,의원,63 ,272 ,279 ,15988600 ,17078060 
2025,C60,병원,6 ,21 ,42 ,6579420 ,7597030 
2025,C60,요양병원,5 ,17 ,188 ,12624650 ,14349680 
2025,C61,상급종합병원,108168 ,681975 ,782424 ,266638589760 ,290740054890 
2025,C61,종합병원,53025 ,341738 ,418984 ,123002084970 ,133704831410 
2025,C61,한방병원,734 ,4333 ,7298 ,754353360 ,859920480 
2025,C61,치과병원,7 ,16 ,16 ,1088130 ,1421420 
2025,C61,의원,31792 ,153430 ,160334 ,12746548430 ,13738298010 
2025,C61,보건지소,10 ,57 ,57 ,314650 ,327150 
2025,C61,보건진료소,1 ,1 ,1 ,11580 ,12180 
2025,C61,병원,4562 ,23352 ,59563 ,8446898250 ,9558420790 
2025,C61,요양병원,3301 ,21983 ,232544 ,19118113140 ,22065675470 
2025,C61,보건소,41 ,117 ,117 ,669650 ,706350 
2025,C61,보건의료원,82 ,206 ,248 ,13737460 ,15017840 
2025,C61,정신병원,27 ,177 ,297 ,34997070 ,38021750 
2025,C62,상급종합병원,1918 ,9631 ,12474 ,3836769010 ,4303569160 
2025,C62,종합병원,670 ,3119 ,4076 ,1027146350 ,1158055510 
2025,C62,한방병원,14 ,197 ,354 ,29724510 ,40694080 
2025,C62,의원,349 ,1101 ,1101 ,83583760 ,94068340 
2025,C62,병원,36 ,95 ,337 ,43764550 ,49307810 
2025,C62,요양병원,14 ,98 ,861 ,46721700 ,55823920 
2025,C62,보건의료원,2 ,2 ,2 ,75650 ,79550 
2025,C63,상급종합병원,220 ,1226 ,1720 ,532045990 ,603133480 
2025,C63,종합병원,92 ,579 ,901 ,280843720 ,311997130 
2025,C63,한방병원,3 ,4 ,16 ,2252580 ,2472270 
2025,C63,의원,55 ,336 ,334 ,31933380 ,34859780 
2025,C63,병원,8 ,31 ,38 ,4392370 ,5314720 
2025,C63,요양병원,4 ,75 ,171 ,18638580 ,20542400 
2025,C64,상급종합병원,39092 ,191268 ,245706 ,111268608460 ,123998884250 
2025,C64,종합병원,10347 ,52573 ,78487 ,30540191400 ,33570997630 
2025,C64,한방병원,444 ,3214 ,5438 ,537326980 ,617136800 
2025,C64,치과병원,4 ,10 ,10 ,337040 ,354240 
2025,C64,의원,6056 ,33021 ,36405 ,3571297900 ,3852648500 
2025,C64,병원,1344 ,7765 ,26605 ,3617402790 ,4139422720 
2025,C64,요양병원,1018 ,9497 ,69238 ,5291389380 ,6111526940 
2025,C64,보건소,6 ,10 ,10 ,59000 ,62400 
2025,C64,보건의료원,12 ,25 ,25 ,715400 ,849600 
2025,C64,정신병원,6 ,31 ,36 ,2406670 ,2639390 
2025,C65,상급종합병원,3649 ,29246 ,39724 ,19814659120 ,21775625660 
2025,C65,종합병원,1402 ,9394 ,16099 ,6380517050 ,6993222410 
2025,C65,한방병원,48 ,226 ,250 ,41961390 ,46368350 
2025,C65,의원,860 ,4205 ,4549 ,544868570 ,585396210 
2025,C65,병원,224 ,1105 ,5035 ,752323340 ,861449870 
2025,C65,요양병원,248 ,1482 ,14301 ,1073233060 ,1251243220 
2025,C65,보건소,1 ,8 ,8 ,47820 ,50220 
2025,C65,보건의료원,1 ,1 ,1 ,12310 ,12910 
2025,C66,상급종합병원,4345 ,37911 ,51706 ,26965673170 ,29503506370 
2025,C66,종합병원,1799 ,13011 ,24407 ,10197976470 ,11147170330 
2025,C66,한방병원,63 ,476 ,576 ,60577230 ,69388700 
2025,C66,의원,1041 ,5518 ,6695 ,897092950 ,963275040 
2025,C66,보건지소,1 ,1 ,1 ,6300 ,7200 
2025,C66,병원,298 ,1350 ,5846 ,972723770 ,1092343640 
2025,C66,요양병원,294 ,1628 ,15944 ,1180509260 ,1365632670 
2025,C66,보건의료원,3 ,14 ,14 ,329600 ,347000 
2025,C66,정신병원,1 ,8 ,8 ,47520 ,49920 
2025,C67,상급종합병원,32751 ,257439 ,335491 ,144121854470 ,159184989870 
2025,C67,종합병원,16731 ,109276 ,162055 ,54371034360 ,59612455110 
2025,C67,한방병원,298 ,1994 ,2597 ,301862720 ,334498620 
2025,C67,치과병원,2 ,3 ,3 ,229970 ,261270 
2025,C67,의원,9101 ,44934 ,47510 ,5018068850 ,5434144420 
2025,C67,보건지소,4 ,5 ,5 ,31000 ,32300 
2025,C67,병원,1805 ,8856 ,27864 ,4514841660 ,5082695700 
2025,C67,요양병원,1475 ,8472 ,91223 ,7495112480 ,8670996540 
2025,C67,보건소,4 ,12 ,12 ,69080 ,73080 
2025,C67,보건의료원,15 ,38 ,38 ,1083280 ,1196480 
2025,C67,정신병원,11 ,76 ,474 ,44687790 ,50804480 
2025,C68,상급종합병원,421 ,3990 ,5386 ,2989315290 ,3261006810 
2025,C68,종합병원,148 ,1010 ,1965 ,684024630 ,755864190 
2025,C68,한방병원,5 ,16 ,33 ,9439190 ,10506300 
2025,C68,의원,105 ,421 ,520 ,75079040 ,79831590 
2025,C68,병원,33 ,355 ,614 ,79850440 ,86534300 
2025,C68,요양병원,36 ,129 ,1400 ,101200220 ,117868170 
2025,C69,상급종합병원,1159 ,10119 ,11702 ,6079288320 ,6686102820 
2025,C69,종합병원,154 ,686 ,927 ,314768560 ,344243700 
2025,C69,한방병원,10 ,30 ,0 ,2371560 ,2588280 
2025,C69,의원,257 ,931 ,957 ,67922910 ,76077990 
2025,C69,병원,67 ,241 ,837 ,107255680 ,119864770 
2025,C69,요양병원,16 ,172 ,1014 ,51339130 ,61512830 
2025,C69,보건소,1 ,1 ,1 ,5790 ,6090 
2025,C69,보건의료원,1 ,4 ,4 ,93250 ,98050 
2025,C70,상급종합병원,422 ,3243 ,5881 ,3518469310 ,3815953280 
2025,C70,종합병원,145 ,920 ,2037 ,883700200 ,959674120 
2025,C70,한방병원,11 ,41 ,25 ,3913890 ,4242050 
2025,C70,치과병원,1 ,2 ,2 ,123640 ,205840 
2025,C70,의원,106 ,557 ,606 ,41083800 ,44339290 
2025,C70,병원,66 ,580 ,3520 ,994561060 ,1090311010 
2025,C70,요양병원,54 ,261 ,3866 ,404988710 ,459449810 
2025,C70,정신병원,1 ,1 ,1 ,10430 ,17230 
2025,C71,상급종합병원,9600 ,109275 ,182394 ,105681140200 ,116676032390 
2025,C71,종합병원,3268 ,24371 ,58970 ,24669910190 ,26946533510 
2025,C71,한방병원,246 ,2041 ,3564 ,491468700 ,553477690 
2025,C71,치과병원,3 ,9 ,9 ,410390 ,447590 
2025,C71,의원,1780 ,12124 ,15459 ,1668661430 ,1804903950 
2025,C71,병원,1290 ,13397 ,71129 ,15693508290 ,17295317250 
2025,C71,요양병원,1334 ,9196 ,108382 ,11858601500 ,13349387810 
2025,C71,보건소,1 ,11 ,11 ,63690 ,66990 
2025,C71,보건의료원,4 ,13 ,21 ,1186870 ,1312130 
2025,C71,정신병원,8 ,187 ,683 ,66944670 ,73691580 
2025,C72,상급종합병원,841 ,4592 ,7718 ,3868716470 ,4310024470 
2025,C72,종합병원,341 ,2280 ,4002 ,1162267900 ,1288154630 
2025,C72,한방병원,19 ,106 ,131 ,5837740 ,7476150 
2025,C72,치과병원,1 ,2 ,2 ,76190 ,126890 
2025,C72,의원,278 ,1534 ,1579 ,95087420 ,104605480 
2025,C72,보건진료소,1 ,1 ,1 ,3780 ,3880 
2025,C72,병원,150 ,1602 ,5737 ,1233356580 ,1352442200 
2025,C72,요양병원,73 ,587 ,6312 ,666480670 ,757234620 
2025,C72,보건의료원,1 ,1 ,1 ,12660 ,18060 
2025,C73,상급종합병원,254807 ,806670 ,896647 ,172877974580 ,212756559040 
2025,C73,종합병원,119731 ,391015 ,452969 ,94568083720 ,113194553990 
2025,C73,한방병원,2631 ,11782 ,16913 ,1605775260 ,1877090440 
2025,C73,치과병원,5 ,20 ,20 ,677630 ,730630 
2025,C73,의원,80887 ,245690 ,268805 ,24651512360 ,28964578920 
2025,C73,보건지소,21 ,57 ,57 ,285330 ,313830 
2025,C73,병원,27297 ,88706 ,138756 ,19264320110 ,23502685690 
2025,C73,요양병원,2473 ,17539 ,108724 ,6540606770 ,7760954660 
2025,C73,보건소,63 ,161 ,161 ,907200 ,977400 
2025,C73,보건의료원,77 ,200 ,200 ,6774520 ,8027320 
2025,C73,정신병원,22 ,76 ,193 ,11288910 ,13670460 
2025,C74,상급종합병원,2673 ,17393 ,24649 ,14798684580 ,16504226910 
2025,C74,종합병원,457 ,2247 ,3642 ,1159438300 ,1307003110 
2025,C74,한방병원,28 ,126 ,183 ,19538830 ,22477060 
2025,C74,치과병원,3 ,3 ,3 ,176340 ,185540 
2025,C74,의원,292 ,1255 ,1352 ,101479770 ,110926200 
2025,C74,병원,83 ,532 ,1314 ,125207350 ,145105820 
2025,C74,요양병원,40 ,286 ,1990 ,123294380 ,145127590 
2025,C75,상급종합병원,1635 ,9973 ,13192 ,6670714030 ,7628658850 
2025,C75,종합병원,267 ,1276 ,1696 ,451778550 ,505493140 
2025,C75,한방병원,30 ,110 ,174 ,18003020 ,22009680 
2025,C75,치과병원,1 ,2 ,2 ,66610 ,110910 
2025,C75,의원,256 ,1133 ,1131 ,93625230 ,100558520 
2025,C75,병원,66 ,230 ,1502 ,262718540 ,295505260 
2025,C75,요양병원,46 ,333 ,2684 ,233604530 ,267487670 
2025,C75,보건소,1 ,4 ,4 ,17580 ,18180 
2025,C75,보건의료원,1 ,1 ,1 ,12910 ,12910 
2025,C76,상급종합병원,1087 ,6550 ,9039 ,3438108600 ,3874554830 
2025,C76,종합병원,402 ,2021 ,3803 ,1180229700 ,1299246350 
2025,C76,한방병원,17 ,46 ,170 ,19334070 ,22115660 
2025,C76,치과병원,22 ,118 ,311 ,39396710 ,43241460 
2025,C76,의원,327 ,1806 ,1896 ,98294390 ,109389900 
2025,C76,병원,104 ,435 ,1358 ,191177380 ,236379730 
2025,C76,요양병원,58 ,408 ,3640 ,248925630 ,293657660 
2025,C76,보건의료원,3 ,4 ,4 ,150040 ,184040 
2025,C77,상급종합병원,7012 ,28964 ,49430 ,24911267400 ,27908446900 
2025,C77,종합병원,5244 ,18914 ,34522 ,14631192400 ,16224145900 
2025,C77,한방병원,86 ,415 ,912 ,93136650 ,107577500 
2025,C77,치과병원,14 ,31 ,62 ,21352250 ,24489590 
2025,C77,의원,1066 ,4191 ,5307 ,428592730 ,482086040 
2025,C77,병원,342 ,1400 ,4788 ,538946980 ,635779190 
2025,C77,요양병원,183 ,1055 ,6988 ,435283590 ,511888500 
2025,C77,보건의료원,3 ,5 ,5 ,121390 ,154690 
2025,C77,정신병원,1 ,50 ,50 ,4721700 ,4966600 
2025,C78,상급종합병원,9513 ,34851 ,77151 ,57103851400 ,63954965660 
2025,C78,종합병원,4813 ,17399 ,47757 ,26226164260 ,28889245730 
2025,C78,한방병원,149 ,908 ,1470 ,135482640 ,156865760 
2025,C78,치과병원,1 ,1 ,1 ,43700 ,46000 
2025,C78,의원,1376 ,6379 ,9287 ,795143270 ,878828280 
2025,C78,보건지소,1 ,1 ,1 ,5150 ,5350 
2025,C78,병원,561 ,2931 ,10930 ,1560890930 ,1752140800 
2025,C78,요양병원,644 ,3947 ,35253 ,2307097920 ,2699830110 
2025,C78,보건의료원,6 ,16 ,20 ,1028080 ,1195350 
2025,C78,정신병원,1 ,1 ,30 ,2934690 ,3982340 
2025,C79,상급종합병원,16077 ,78755 ,134178 ,97525956330 ,105989030570 
2025,C79,종합병원,4941 ,21152 ,48234 ,24552778610 ,26738780070 
2025,C79,한방병원,116 ,903 ,1482 ,120153960 ,144310990 
2025,C79,치과병원,8 ,34 ,44 ,8946040 ,9869100 
2025,C79,의원,1162 ,5470 ,6748 ,622680260 ,686497820 
2025,C79,병원,966 ,4965 ,27376 ,6007529430 ,6706340540 
2025,C79,요양병원,741 ,3438 ,41448 ,3698003470 ,4242068330 
2025,C79,보건소,3 ,17 ,17 ,82970 ,88170 
2025,C79,보건의료원,2 ,4 ,4 ,73840 ,77640 
2025,C79,정신병원,2 ,53 ,71 ,6850430 ,7225370 
2025,C80,상급종합병원,2322 ,16080 ,23082 ,11011672350 ,12259675350 
2025,C80,종합병원,979 ,4592 ,10161 ,3812873720 ,4242878080 
2025,C80,한방병원,56 ,418 ,265 ,37551790 ,41065510 
2025,C80,치과병원,7 ,23 ,23 ,1932170 ,2069270 
2025,C80,의원,819 ,3303 ,3766 ,309294060 ,334595580 
2025,C80,보건지소,4 ,8 ,8 ,40500 ,42800 
2025,C80,병원,233 ,843 ,4474 ,673854980 ,787438020 
2025,C80,요양병원,185 ,980 ,8849 ,639826680 ,747545240 
2025,C80,보건소,1 ,2 ,2 ,11580 ,12180 
2025,C80,보건의료원,10 ,27 ,27 ,861720 ,907220 
2025,C81,상급종합병원,1869 ,14929 ,19826 ,14687429780 ,15771454460 
2025,C81,종합병원,640 ,5033 ,8433 ,6681022400 ,7172572310 
2025,C81,한방병원,22 ,139 ,437 ,45110410 ,57749080 
2025,C81,치과병원,1 ,2 ,2 ,69720 ,73320 
2025,C81,의원,342 ,1293 ,1369 ,87968670 ,95495700 
2025,C81,병원,73 ,503 ,1048 ,114645460 ,133485350 
2025,C81,요양병원,39 ,373 ,1802 ,105088960 ,122921880 
2025,C81,치과의원,1 ,9 ,9 ,164520 ,207920 
2025,C81,보건의료원,2 ,3 ,3 ,53650 ,55150 
2025,C82,상급종합병원,5188 ,40397 ,48012 ,24027789650 ,26197303560 
2025,C82,종합병원,1557 ,11800 ,16642 ,8884183880 ,9705401510 
2025,C82,한방병원,61 ,344 ,255 ,37762340 ,41783360 
2025,C82,치과병원,1 ,3 ,3 ,211380 ,222380 
2025,C82,의원,759 ,3475 ,4567 ,261408490 ,286415740 
2025,C82,보건진료소,1 ,1 ,1 ,7960 ,8860 
2025,C82,병원,170 ,960 ,3770 ,376758490 ,445128870 
2025,C82,요양병원,105 ,981 ,9114 ,526261730 ,626358920 
2025,C82,보건의료원,2 ,4 ,4 ,152110 ,166210 
2025,C83,상급종합병원,14962 ,133813 ,242221 ,205488783960 ,221461126740 
2025,C83,종합병원,4685 ,37620 ,84318 ,58163724880 ,62676560280 
2025,C83,한방병원,205 ,1265 ,1964 ,264635040 ,306575450 
2025,C83,치과병원,19 ,43 ,43 ,4949400 ,5440040 
2025,C83,의원,2229 ,10055 ,12591 ,1032193960 ,1114343630 
2025,C83,보건지소,1 ,5 ,5 ,25750 ,26750 
2025,C83,병원,820 ,3803 ,18792 ,2883536620 ,3276835130 
2025,C83,요양병원,871 ,6424 ,59821 ,4609842560 ,5317031480 
2025,C83,보건소,2 ,7 ,7 ,40530 ,42630 
2025,C83,보건의료원,9 ,27 ,27 ,550410 ,591210 
2025,C84,상급종합병원,2316 ,31638 ,45502 ,23343186650 ,25404522520 
2025,C84,종합병원,664 ,7197 ,14353 ,7772345760 ,8453400620 
2025,C84,한방병원,21 ,144 ,211 ,14480140 ,17655070 
2025,C84,치과병원,3 ,23 ,23 ,2966530 ,3130930 
2025,C84,의원,488 ,8246 ,8320 ,365486490 ,392355250 
2025,C84,병원,97 ,530 ,2230 ,259724210 ,303678970 
2025,C84,요양병원,85 ,467 ,3402 ,230017960 ,265023770 
2025,C84,보건의료원,3 ,8 ,8 ,723070 ,777670 
2025,C84,정신병원,1 ,5 ,5 ,404020 ,449950 
2025,C85,상급종합병원,6633 ,39072 ,58733 ,30074050580 ,33666908950 
2025,C85,종합병원,2906 ,14062 ,27125 ,11560119770 ,12858857910 
2025,C85,한방병원,112 ,480 ,1176 ,133992250 ,155365910 
2025,C85,치과병원,14 ,33 ,34 ,5953300 ,6668910 
2025,C85,의원,1937 ,8385 ,8853 ,681031020 ,739821840 
2025,C85,병원,539 ,3006 ,10092 ,1536685270 ,1729184690 
2025,C85,요양병원,351 ,2030 ,21850 ,1786834260 ,2061890970 
2025,C85,보건소,1 ,1 ,1 ,5790 ,6090 
2025,C85,보건의료원,11 ,27 ,39 ,2469640 ,2755130 
2025,C85,정신병원,2 ,3 ,3 ,123160 ,135460 
2025,C86,상급종합병원,1512 ,17896 ,31115 ,18504701550 ,20269839320 
2025,C86,종합병원,475 ,3957 ,9279 ,5395184370 ,5888939180 
2025,C86,한방병원,22 ,163 ,175 ,18000360 ,19648730 
2025,C86,치과병원,1 ,2 ,2 ,87400 ,92000 
2025,C86,의원,249 ,1493 ,1964 ,112929140 ,123917130 
2025,C86,병원,57 ,381 ,1762 ,210180160 ,242888750 
2025,C86,요양병원,64 ,557 ,4164 ,269327590 ,316801060 
2025,C86,보건의료원,1 ,1 ,1 ,26200 ,27500 
2025,C88,상급종합병원,8546 ,49692 ,53688 ,16654719780 ,18212549990 
2025,C88,종합병원,2227 ,13523 ,15092 ,4531274060 ,4935667980 
2025,C88,한방병원,58 ,407 ,513 ,44527180 ,50913110 
2025,C88,치과병원,4 ,7 ,7 ,446960 ,470060 
2025,C88,의원,1102 ,4822 ,5053 ,463913920 ,495608560 
2025,C88,병원,182 ,744 ,2752 ,251754780 ,296659640 
2025,C88,요양병원,111 ,980 ,7537 ,469771140 ,550463740 
2025,C88,보건소,1 ,1 ,1 ,5790 ,6090 
2025,C88,보건의료원,1 ,1 ,1 ,117430 ,123530 
2025,C88,정신병원,1 ,8 ,8 ,1070930 ,1126930 
2025,C90,상급종합병원,10082 ,164778 ,243317 ,232934323810 ,249274204120 
2025,C90,종합병원,3098 ,35973 ,67572 ,48745752470 ,52339709250 
2025,C90,한방병원,122 ,787 ,1620 ,212829670 ,235656120 
2025,C90,치과병원,17 ,51 ,52 ,3221720 ,3709650 
2025,C90,의원,1943 ,12883 ,14749 ,1426576610 ,1523195630 
2025,C90,병원,678 ,3180 ,17377 ,2866333470 ,3225175730 
2025,C90,요양병원,832 ,5517 ,67667 ,5551213800 ,6400552960 
2025,C90,보건소,2 ,2 ,2 ,10780 ,12180 
2025,C90,치과의원,9 ,14 ,14 ,225640 ,289840 
2025,C90,보건의료원,5 ,7 ,10 ,689330 ,747500 
2025,C90,정신병원,4 ,10 ,95 ,11132620 ,13334890 
2025,C91,상급종합병원,7658 ,78294 ,168379 ,132858891220 ,145270176200 
2025,C91,종합병원,1343 ,9898 ,22299 ,16013833580 ,17385214990 
2025,C91,한방병원,29 ,245 ,320 ,30392300 ,32482100 
2025,C91,치과병원,4 ,9 ,9 ,633600 ,675900 
2025,C91,의원,794 ,3743 ,4049 ,203998620 ,220194510 
2025,C91,병원,165 ,1110 ,3154 ,535874890 ,586324260 
2025,C91,요양병원,102 ,447 ,6187 ,577551850 ,656723450 
2025,C91,보건소,1 ,1 ,1 ,5790 ,6090 
2025,C91,보건의료원,2 ,2 ,2 ,48810 ,51310 
2025,C91,정신병원,2 ,7 ,64 ,4654720 ,5658910 
2025,C92,상급종합병원,15040 ,141573 ,322303 ,277416197380 ,301328008880 
2025,C92,종합병원,5045 ,37851 ,81012 ,58400844480 ,63375628040 
2025,C92,한방병원,72 ,455 ,736 ,71546100 ,81024540 
2025,C92,치과병원,8 ,20 ,20 ,715750 ,807510 
2025,C92,의원,1989 ,8991 ,9759 ,621526960 ,669229120 
2025,C92,보건지소,1 ,3 ,3 ,15450 ,16050 
2025,C92,병원,1177 ,4968 ,11193 ,2061030170 ,2294253260 
2025,C92,요양병원,380 ,2779 ,27439 ,2440067440 ,2779567750 
2025,C92,보건소,3 ,7 ,7 ,40530 ,42630 
2025,C92,보건의료원,4 ,35 ,35 ,946950 ,995050 
2025,C92,정신병원,2 ,17 ,97 ,13777030 ,15379340 
2025,C93,상급종합병원,538 ,6793 ,12916 ,10310739830 ,11270716870 
2025,C93,종합병원,178 ,1524 ,3515 ,1856217410 ,2010937940 
2025,C93,한방병원,5 ,8 ,18 ,7729440 ,8387350 
2025,C93,치과병원,2 ,2 ,2 ,25660 ,42560 
2025,C93,의원,88 ,487 ,504 ,56231520 ,59482660 
2025,C93,병원,31 ,59 ,158 ,40240700 ,43225300 
2025,C93,요양병원,41 ,172 ,2053 ,238621960 ,266825440 
2025,C93,치과의원,17 ,17 ,17 ,795180 ,1134780 
2025,C94,상급종합병원,271 ,2538 ,5208 ,4230499370 ,4607558430 
2025,C94,종합병원,121 ,875 ,1775 ,795455140 ,879769520 
2025,C94,한방병원,4 ,11 ,2 ,3418250 ,3729750 
2025,C94,의원,145 ,509 ,508 ,27827590 ,29808130 
2025,C94,병원,30 ,81 ,387 ,98847000 ,110575070 
2025,C94,요양병원,17 ,110 ,1926 ,151779660 ,172760400 
2025,C94,보건소,1 ,2 ,2 ,11580 ,12180 
2025,C95,상급종합병원,832 ,4333 ,10276 ,8629217600 ,9617034920 
2025,C95,종합병원,430 ,1616 ,4472 ,2701650880 ,2977620560 
2025,C95,한방병원,4 ,15 ,113 ,2103130 ,3280760 
2025,C95,치과병원,4 ,20 ,20 ,526740 ,595150 
2025,C95,의원,283 ,812 ,807 ,37567300 ,41068920 
2025,C95,병원,60 ,136 ,601 ,157013170 ,174540240 
2025,C95,요양병원,27 ,131 ,1318 ,104931650 ,124146540 
2025,C95,보건소,2 ,3 ,3 ,16570 ,18270 
2025,C95,보건의료원,1 ,6 ,6 ,138860 ,145960 
2025,C95,정신병원,1 ,1 ,1 ,175250 ,191640 
2025,C96,상급종합병원,1249 ,7417 ,9274 ,3145250910 ,3534464310 
2025,C96,종합병원,241 ,1557 ,2534 ,732570580 ,804896520 
2025,C96,한방병원,4 ,12 ,9 ,654540 ,723250 
2025,C96,치과병원,6 ,23 ,23 ,3167650 ,4382450 
2025,C96,의원,212 ,998 ,1069 ,67311060 ,73268660 
2025,C96,병원,47 ,280 ,770 ,92026260 ,106428250 
2025,C96,요양병원,23 ,84 ,1185 ,105121990 ,118978750 
2025,C96,보건의료원,1 ,1 ,1 ,24000 ,24000 
2025,C97,상급종합병원,39 ,97 ,475 ,340446480 ,372152770 
2025,C97,종합병원,8 ,14 ,139 ,66278220 ,75386010 
2025,C97,의원,1 ,1 ,1 ,48260 ,68860 
2025,D00,상급종합병원,7275 ,22491 ,29146 ,9897534090 ,10913994460 
2025,D00,종합병원,3672 ,12526 ,16794 ,5039631360 ,5484747530 
2025,D00,한방병원,27 ,83 ,474 ,101350390 ,105117950 
2025,D00,치과병원,27 ,114 ,117 ,18497780 ,20539360 
2025,D00,의원,1677 ,7368 ,7428 ,530907950 ,563627180 
2025,D00,보건지소,1 ,1 ,1 ,163350 ,171850 
2025,D00,병원,360 ,1077 ,2101 ,257888450 ,289390280 
2025,D00,요양병원,92 ,346 ,5108 ,385084840 ,451482610 
2025,D00,보건소,2 ,7 ,7 ,40530 ,42630 
2025,D00,치과의원,21 ,24 ,24 ,736980 ,956280 
2025,D00,보건의료원,1 ,5 ,5 ,121910 ,128110 
2025,D01,상급종합병원,14425 ,43058 ,55636 ,20854470040 ,23171737920 
2025,D01,종합병원,10897 ,33289 ,42128 ,12327533380 ,13559448610 
2025,D01,한방병원,55 ,152 ,567 ,84297240 ,91014420 
2025,D01,치과병원,1 ,5 ,5 ,76750 ,127750 
2025,D01,의원,5648 ,19622 ,19881 ,2514010960 ,2691023650 
2025,D01,보건지소,1 ,1 ,1 ,5790 ,6090 
2025,D01,병원,3073 ,8051 ,12446 ,2589449450 ,2858981930 
2025,D01,요양병원,207 ,1350 ,14032 ,1288881390 ,1476690970 
2025,D01,보건소,6 ,27 ,27 ,155730 ,164430 
2025,D01,보건의료원,11 ,28 ,28 ,1884940 ,2162740 
2025,D01,정신병원,3 ,13 ,27 ,3353290 ,3599180 
2025,D02,상급종합병원,860 ,4128 ,4843 ,2064956810 ,2303420730 
2025,D02,종합병원,361 ,1986 ,2860 ,1077531420 ,1206281790 
2025,D02,한방병원,14 ,36 ,153 ,22396350 ,33446570 
2025,D02,치과병원,1 ,1 ,1 ,23760 ,39560 
2025,D02,의원,262 ,943 ,944 ,56347980 ,61187690 
2025,D02,병원,33 ,162 ,329 ,32604140 ,37234180 
2025,D02,요양병원,28 ,161 ,1899 ,177936730 ,204620160 
2025,D02,보건소,2 ,2 ,2 ,11580 ,12180 
2025,D02,정신병원,1 ,1 ,15 ,1495460 ,1706980 
2025,D03,상급종합병원,949 ,4653 ,5284 ,1198543780 ,1345791350 
2025,D03,종합병원,131 ,465 ,497 ,83936760 ,95434850 
2025,D03,한방병원,8 ,39 ,45 ,3816510 ,4144690 
2025,D03,치과병원,10 ,40 ,40 ,4828640 ,5100150 
2025,D03,의원,616 ,1321 ,1339 ,60837640 ,70232370 
2025,D03,보건지소,1 ,2 ,2 ,8900 ,10700 
2025,D03,병원,40 ,84 ,308 ,24753180 ,32703280 
2025,D03,요양병원,16 ,86 ,742 ,54686110 ,64064160 
2025,D03,보건소,1 ,1 ,1 ,5790 ,6090 
2025,D03,치과의원,18 ,19 ,19 ,439870 ,613970 
2025,D03,보건의료원,4 ,17 ,17 ,502660 ,579660 
2025,D04,상급종합병원,3473 ,12802 ,13797 ,2835824820 ,3116274340 
2025,D04,종합병원,1574 ,6486 ,7302 ,1415123220 ,1544960240 
2025,D04,한방병원,13 ,102 ,373 ,59036170 ,63773040 
2025,D04,치과병원,10 ,74 ,74 ,8881940 ,9481790 
2025,D04,의원,1413 ,6323 ,6373 ,476232040 ,515518790 
2025,D04,병원,136 ,630 ,1190 ,112288360 ,128548360 
2025,D04,요양병원,95 ,749 ,8127 ,692037010 ,795857410 
2025,D04,보건의료원,2 ,2 ,2 ,149500 ,157300 
2025,D05,상급종합병원,39960 ,245378 ,276863 ,122046001240 ,144097550560 
2025,D05,종합병원,19411 ,133333 ,150693 ,58285780700 ,66471879830 
2025,D05,한방병원,885 ,4262 ,6632 ,746956740 ,862682340 
2025,D05,치과병원,1 ,2 ,2 ,51140 ,85140 
2025,D05,의원,15414 ,43183 ,44958 ,5700495600 ,6477364000 
2025,D05,보건지소,1 ,3 ,3 ,14550 ,16050 
2025,D05,병원,4517 ,13797 ,26125 ,3344784600 ,4031529090 
2025,D05,요양병원,1042 ,8668 ,45597 ,2303589300 ,2763233640 
2025,D05,보건소,4 ,15 ,15 ,86050 ,91350 
2025,D05,보건의료원,2 ,2 ,2 ,30040 ,36340 
2025,D05,정신병원,3 ,29 ,29 ,1089300 ,1145200 
2025,D06,상급종합병원,23032 ,80194 ,87081 ,15791346070 ,18387468730 
2025,D06,종합병원,16669 ,55549 ,60574 ,10946157320 ,12507099240 
2025,D06,한방병원,300 ,980 ,1173 ,138176520 ,153823920 
2025,D06,치과병원,1 ,1 ,1 ,32470 ,54070 
2025,D06,의원,10292 ,28317 ,28969 ,3315805670 ,3568189510 
2025,D06,병원,6902 ,17557 ,20474 ,2404939020 ,2706023980 
2025,D06,요양병원,179 ,1096 ,8233 ,511217310 ,608491350 
2025,D06,보건소,3 ,9 ,9 ,52110 ,54810 
2025,D06,보건의료원,6 ,33 ,33 ,728910 ,764710 
2025,D07,상급종합병원,4129 ,16130 ,18785 ,4745254220 ,5530013900 
2025,D07,종합병원,1945 ,7547 ,8827 ,2155700410 ,2480142260 
2025,D07,한방병원,86 ,229 ,374 ,47061990 ,56901960 
2025,D07,의원,1548 ,4213 ,4374 ,317451730 ,349732670 
2025,D07,병원,391 ,1368 ,1884 ,220807670 ,254884550 
2025,D07,요양병원,55 ,208 ,1563 ,91489600 ,108885860 
2025,D07,보건소,7 ,18 ,18 ,104220 ,109620 
2025,D09,상급종합병원,7622 ,37615 ,47635 ,16326965040 ,18225738850 
2025,D09,종합병원,2906 ,14342 ,20092 ,6099539780 ,6745453380 
2025,D09,한방병원,37 ,387 ,521 ,42446080 ,51239870 
2025,D09,치과병원,8 ,43 ,43 ,5705320 ,6469050 
2025,D09,의원,1606 ,7064 ,6687 ,880283690 ,943366830 
2025,D09,보건지소,2 ,3 ,3 ,15450 ,16050 
2025,D09,병원,234 ,1005 ,1572 ,258568840 ,288182180 
2025,D09,요양병원,90 ,741 ,6406 ,503849630 ,583854070 
2025,D09,보건소,4 ,16 ,16 ,92640 ,97440 
2025,D09,보건의료원,1 ,1 ,1 ,19160 ,20160 
2025,D09,정신병원,1 ,1 ,0 ,213560 ,224790 
2025,D10,상급종합병원,6543 ,15541 ,16859 ,1815822990 ,3263086960 
2025,D10,종합병원,8077 ,19484 ,20690 ,1816604090 ,2927757440 
2025,D10,한방병원,3 ,7 ,4 ,483540 ,652370 
2025,D10,치과병원,3335 ,6583 ,6868 ,597612390 ,927628430 
2025,D10,의원,18481 ,30422 ,30503 ,1598833400 ,2222904650 
2025,D10,보건지소,2 ,2 ,2 ,18250 ,23450 
2025,D10,병원,1090 ,2114 ,2246 ,160409800 ,247051950 
2025,D10,요양병원,8 ,14 ,27 ,1704630 ,2206870 
2025,D10,치과의원,5472 ,9300 ,9264 ,602557680 ,855194590 
2025,D10,보건의료원,5 ,7 ,7 ,266000 ,379400 
2025,D10,정신병원,2 ,2 ,2 ,20120 ,32020 
2025,D11,상급종합병원,8288 ,28121 ,36972 ,8391117380 ,13436648560 
2025,D11,종합병원,5315 ,16424 ,20516 ,4360735940 ,6425841090 
2025,D11,한방병원,6 ,8 ,44 ,3358470 ,5008740 
2025,D11,치과병원,167 ,417 ,496 ,75364680 ,110995740 
2025,D11,의원,4499 ,9098 ,9894 ,1949688350 ,2683684240 
2025,D11,보건지소,1 ,1 ,1 ,10000 ,10900 
2025,D11,병원,580 ,1349 ,1838 ,293481220 ,440643260 
2025,D11,요양병원,6 ,16 ,53 ,4296460 ,5260260 
2025,D11,치과의원,6 ,6 ,6 ,145670 ,207570 
2025,D11,보건의료원,9 ,9 ,9 ,863710 ,1229910 
2025,D12,상급종합병원,64905 ,133621 ,151003 ,20977031220 ,35065485890 
2025,D12,종합병원,135433 ,233048 ,256657 ,29902762850 ,47118303550 
2025,D12,한방병원,83 ,126 ,116 ,7680720 ,10206860 
2025,D12,치과병원,32 ,35 ,35 ,1702560 ,2836160 
2025,D12,의원,274992 ,339434 ,339975 ,55678412530 ,78766717780 
2025,D12,병원,88331 ,114926 ,127560 ,25243370900 ,38894782940 
2025,D12,요양병원,265 ,404 ,2311 ,168621300 ,223942860 
2025,D12,보건소,2 ,3 ,3 ,16170 ,18270 
2025,D12,보건의료원,243 ,253 ,253 ,67559340 ,96461740 
2025,D12,정신병원,255 ,506 ,506 ,17922920 ,30132100 
2025,D13,상급종합병원,94289 ,247873 ,288463 ,46503835750 ,73919313160 
2025,D13,종합병원,69922 ,177415 ,210430 ,34637230290 ,50773346650 
2025,D13,한방병원,42 ,85 ,172 ,20831700 ,27024890 
2025,D13,치과병원,3 ,4 ,4 ,324280 ,541440 
2025,D13,의원,48534 ,59970 ,57498 ,7308357950 ,10561150540 
2025,D13,보건지소,2 ,2 ,2 ,8900 ,10700 
2025,D13,병원,10111 ,14081 ,15812 ,2391297860 ,3587789510 
2025,D13,요양병원,165 ,418 ,3414 ,220065890 ,294891770 
2025,D13,보건소,2 ,3 ,3 ,16770 ,18270 
2025,D13,보건의료원,96 ,120 ,122 ,12018370 ,16977940 
2025,D13,정신병원,20 ,34 ,33 ,1036480 ,1730510 
2025,D14,상급종합병원,7234 ,18006 ,20873 ,4165994370 ,6463691010 
2025,D14,종합병원,7196 ,16432 ,18344 ,2682954060 ,4023786760 
2025,D14,한방병원,8 ,10 ,24 ,2895580 ,3977630 
2025,D14,치과병원,11 ,14 ,14 ,1214410 ,2013070 
2025,D14,의원,13843 ,18356 ,18267 ,1770322500 ,2479249820 
2025,D14,병원,1430 ,2106 ,2332 ,233714900 ,352134960 
2025,D14,요양병원,31 ,69 ,960 ,62103800 ,80695280 
2025,D14,보건소,7 ,7 ,7 ,34930 ,42630 
2025,D14,치과의원,2 ,4 ,4 ,475320 ,678820 
2025,D14,보건의료원,317 ,350 ,350 ,33551690 ,47776490 
2025,D15,상급종합병원,3740 ,8547 ,11479 ,7013513880 ,8364682780 
2025,D15,종합병원,2326 ,4858 ,6505 ,2702091140 ,3265091650 
2025,D15,한방병원,8 ,9 ,14 ,2024410 ,2958670 
2025,D15,의원,760 ,990 ,941 ,92714550 ,131843750 
2025,D15,보건지소,1 ,1 ,1 ,4450 ,5350 
2025,D15,병원,135 ,207 ,268 ,24215550 ,37663440 
2025,D15,요양병원,18 ,29 ,168 ,9397590 ,12949860 
2025,D15,보건소,2 ,2 ,2 ,9980 ,12180 
2025,D15,보건의료원,2 ,2 ,2 ,191940 ,273940 
2025,D16,상급종합병원,12294 ,24993 ,30113 ,4554091170 ,6956657830 
2025,D16,종합병원,6212 ,13784 ,17936 ,2429964860 ,3483387430 
2025,D16,한방병원,27 ,44 ,60 ,9123770 ,11951300 
2025,D16,치과병원,4645 ,10321 ,11595 ,1349205100 ,1986503410 
2025,D16,의원,4152 ,6773 ,7274 ,461888250 ,633459300 
2025,D16,병원,2665 ,5742 ,9167 ,1184168390 ,1644636210 
2025,D16,요양병원,14 ,51 ,486 ,41416600 ,52046930 
2025,D16,치과의원,811 ,1561 ,1556 ,116740960 ,165928340 
2025,D16,정신병원,2 ,2 ,2 ,23350 ,32150 
2025,D17,상급종합병원,14516 ,34406 ,43310 ,7042546600 ,11033666860 
2025,D17,종합병원,34896 ,89716 ,111566 ,13038271990 ,19326578670 
2025,D17,한방병원,84 ,161 ,151 ,11236560 ,15951480 
2025,D17,치과병원,76 ,156 ,162 ,12980090 ,20463510 
2025,D17,의원,111491 ,312037 ,315916 ,19143656160 ,27002072720 
2025,D17,보건지소,8 ,19 ,19 ,128300 ,162700 
2025,D17,보건진료소,4 ,20 ,20 ,217300 ,293400 
2025,D17,병원,17676 ,53144 ,68015 ,6030915450 ,8802331670 
2025,D17,요양병원,334 ,1408 ,1797 ,68205450 ,107857190 
2025,D17,보건소,6 ,6 ,6 ,29940 ,36540 
2025,D17,치과의원,138 ,178 ,177 ,4486360 ,6250660 
2025,D17,보건의료원,26 ,28 ,28 ,853140 ,1163320 
2025,D17,정신병원,9 ,37 ,38 ,1353410 ,2241050 
2025,D18,상급종합병원,31358 ,72511 ,78908 ,9242340730 ,14944195540 
2025,D18,종합병원,30406 ,61789 ,66337 ,5879445890 ,9672543690 
2025,D18,한방병원,30 ,44 ,28 ,4590270 ,7017710 
2025,D18,치과병원,207 ,440 ,447 ,31953620 ,51000720 
2025,D18,의원,37921 ,66316 ,66295 ,4814196580 ,6752990190 
2025,D18,보건진료소,1 ,1 ,1 ,2980 ,3880 
2025,D18,병원,8921 ,15334 ,18525 ,2006390690 ,2970940280 
2025,D18,요양병원,39 ,92 ,903 ,68103260 ,86536090 
2025,D18,보건소,1 ,3 ,3 ,14970 ,18270 
2025,D18,치과의원,31 ,34 ,34 ,622840 ,871940 
2025,D18,보건의료원,24 ,32 ,32 ,2033190 ,2845790 
2025,D18,정신병원,3 ,4 ,1 ,1009050 ,1261330 
2025,D19,상급종합병원,55 ,139 ,193 ,67972690 ,91457240 
2025,D19,종합병원,49 ,120 ,145 ,21706750 ,33010190 
2025,D19,의원,323 ,837 ,858 ,40201860 ,55793810 
2025,D19,병원,50 ,86 ,105 ,10663030 ,15360280 
2025,D19,요양병원,1 ,1 ,18 ,1016690 ,1233260 
2025,D20,상급종합병원,1130 ,3141 ,3890 ,873482710 ,1355047030 
2025,D20,종합병원,408 ,995 ,1543 ,446885150 ,638030750 
2025,D20,한방병원,1 ,2 ,1 ,141320 ,189120 
2025,D20,의원,175 ,242 ,234 ,34417600 ,49121060 
2025,D20,병원,58 ,135 ,238 ,38304200 ,56059150 
2025,D20,요양병원,2 ,4 ,17 ,1239000 ,1824900 
2025,D20,보건의료원,1 ,1 ,1 ,9110 ,12910 
2025,D21,상급종합병원,10566 ,25519 ,28951 ,2934283490 ,5244745380 
2025,D21,종합병원,18806 ,49857 ,59629 ,5859404650 ,9047430350 
2025,D21,한방병원,30 ,86 ,71 ,4996020 ,7486540 
2025,D21,치과병원,244 ,477 ,487 ,31300770 ,50339160 
2025,D21,의원,82664 ,254688 ,257919 ,14222555390 ,19963571070 
2025,D21,병원,15696 ,49539 ,62811 ,5691182240 ,8215952110 
2025,D21,요양병원,129 ,507 ,923 ,46464650 ,70015820 
2025,D21,치과의원,11 ,13 ,13 ,372570 ,506270 
2025,D21,보건의료원,41 ,70 ,70 ,2409200 ,3362080 
2025,D21,정신병원,8 ,8 ,8 ,780810 ,1300710 
2025,D22,상급종합병원,10575 ,20491 ,21028 ,974268230 ,1993610350 
2025,D22,종합병원,7703 ,14294 ,14352 ,610947690 ,1071881640 
2025,D22,한방병원,1 ,1 ,0 ,132740 ,165920 
2025,D22,치과병원,49 ,89 ,89 ,3558540 ,5815370 
2025,D22,의원,18656 ,26972 ,26909 ,1326169170 ,1664483590 
2025,D22,병원,845 ,1271 ,1306 ,35207120 ,50772610 
2025,D22,요양병원,42 ,71 ,71 ,3355900 ,5126300 
2025,D22,치과의원,8 ,8 ,8 ,102160 ,135760 
2025,D22,보건의료원,4 ,5 ,5 ,184930 ,255830 
2025,D23,상급종합병원,25546 ,55816 ,56723 ,2835741740 ,6458901450 
2025,D23,종합병원,36532 ,80752 ,83458 ,4588275410 ,7903039490 
2025,D23,한방병원,56 ,164 ,170 ,10236350 ,15025920 
2025,D23,치과병원,20 ,32 ,32 ,1406290 ,2395010 
2025,D23,의원,451682 ,914349 ,915123 ,43338860460 ,61039993870 
2025,D23,보건지소,6 ,8 ,8 ,43400 ,50200 
2025,D23,보건진료소,5 ,6 ,6 ,33060 ,44860 
2025,D23,병원,13051 ,44451 ,47528 ,2524736670 ,3895992650 
2025,D23,요양병원,216 ,619 ,702 ,26095960 ,39712220 
2025,D23,보건소,4 ,4 ,4 ,19960 ,24360 
2025,D23,치과의원,3 ,3 ,3 ,75340 ,107440 
2025,D23,보건의료원,77 ,101 ,101 ,2410480 ,3300330 
2025,D23,정신병원,6 ,16 ,20 ,1631940 ,2385440 
2025,D24,상급종합병원,50476 ,111757 ,115088 ,7285988330 ,15341074320 
2025,D24,종합병원,83158 ,158327 ,166707 ,13397084270 ,23692115760 
2025,D24,한방병원,48 ,74 ,33 ,6746580 ,8231100 
2025,D24,의원,237475 ,352765 ,355812 ,34191747480 ,52932246720 
2025,D24,보건지소,2 ,2 ,2 ,8900 ,10700 
2025,D24,병원,55619 ,87964 ,95263 ,8247489140 ,13724244530 
2025,D24,요양병원,43 ,51 ,211 ,14256870 ,18761320 
2025,D24,보건소,1 ,1 ,1 ,5590 ,6090 
2025,D24,보건의료원,94 ,102 ,102 ,9208880 ,13097380 
2025,D24,정신병원,6 ,8 ,8 ,124310 ,206110 
2025,D25,상급종합병원,91349 ,215074 ,265620 ,54970295760 ,89606221460 
2025,D25,종합병원,138668 ,296285 ,373282 ,77409893720 ,118645926490 
2025,D25,한방병원,1895 ,2424 ,2250 ,409892530 ,551294450 
2025,D25,의원,293207 ,379352 ,393697 ,51669851620 ,74286062980 
2025,D25,보건지소,1 ,1 ,1 ,4450 ,5350 
2025,D25,병원,162581 ,254608 ,312245 ,61063621520 ,93105340530 
2025,D25,요양병원,257 ,392 ,1471 ,78980380 ,116857670 
2025,D25,보건소,42 ,47 ,47 ,239980 ,288080 
2025,D25,보건의료원,67 ,78 ,78 ,7052960 ,10076980 
2025,D25,정신병원,1 ,1 ,0 ,18000 ,18000 
2025,D26,상급종합병원,389 ,779 ,1184 ,406047730 ,588350540 
2025,D26,종합병원,978 ,1757 ,2453 ,909635630 ,1293030570 
2025,D26,한방병원,28 ,34 ,43 ,7714350 ,10662410 
2025,D26,의원,2069 ,3183 ,3261 ,356650090 ,508994720 
2025,D26,보건지소,2 ,2 ,2 ,8900 ,10700 
2025,D26,병원,726 ,955 ,1182 ,239386330 ,336458150 
2025,D26,요양병원,20 ,30 ,56 ,2395600 ,3523620 
2025,D26,보건의료원,3 ,3 ,3 ,266660 ,380560 
2025,D27,상급종합병원,29871 ,68237 ,89637 ,24447973960 ,37729939940 
2025,D27,종합병원,45245 ,102296 ,133126 ,31535884020 ,47136425120 
2025,D27,한방병원,260 ,325 ,357 ,64061250 ,85652320 
2025,D27,의원,63514 ,86498 ,90717 ,11413465860 ,16550350590 
2025,D27,병원,38293 ,63464 ,81903 ,17081023200 ,26144026670 
2025,D27,요양병원,69 ,123 ,1210 ,64982240 ,89773030 
2025,D27,보건소,11 ,11 ,11 ,55490 ,66990 
2025,D27,보건의료원,31 ,32 ,32 ,3456090 ,4815210 
2025,D28,상급종합병원,1419 ,2691 ,3133 ,525461790 ,859985760 
2025,D28,종합병원,1336 ,2584 ,3199 ,629842000 ,954653350 
2025,D28,한방병원,3 ,4 ,0 ,576690 ,746990 
2025,D28,의원,8736 ,15705 ,15850 ,1918096080 ,2731083940 
2025,D28,병원,1786 ,3091 ,3764 ,682748160 ,1021020860 
2025,D28,요양병원,2 ,2 ,1 ,24050 ,38590 
2025,D28,보건의료원,6 ,7 ,7 ,1186820 ,1694820 
2025,D29,상급종합병원,1308 ,3178 ,3479 ,370176210 ,666606300 
2025,D29,종합병원,2503 ,6469 ,6879 ,512429050 ,845261020 
2025,D29,한방병원,12 ,15 ,11 ,358970 ,454700 
2025,D29,의원,17697 ,30626 ,30590 ,3564446180 ,5074653760 
2025,D29,보건지소,49 ,173 ,173 ,12431900 ,17653600 
2025,D29,병원,248 ,437 ,551 ,59995780 ,82367170 
2025,D29,요양병원,38 ,68 ,520 ,32193160 ,44151500 
2025,D29,보건소,3 ,3 ,3 ,16770 ,18270 
2025,D29,보건의료원,11 ,19 ,19 ,532720 ,719620 
2025,D29,정신병원,3 ,3 ,3 ,28450 ,46950 
2025,D30,상급종합병원,13933 ,35583 ,39588 ,5641995260 ,10125327360 
2025,D30,종합병원,9416 ,20691 ,23373 ,3382352580 ,5276349210 
2025,D30,한방병원,40 ,94 ,126 ,13941020 ,18833810 
2025,D30,의원,12480 ,16003 ,15626 ,2205320350 ,3125875380 
2025,D30,보건지소,1 ,8 ,8 ,41200 ,42800 
2025,D30,병원,1675 ,2217 ,2661 ,331848100 ,502204860 
2025,D30,요양병원,75 ,146 ,1661 ,106343710 ,139345810 
2025,D30,보건의료원,30 ,36 ,41 ,3386550 ,4827950 
2025,D30,정신병원,1 ,1 ,1 ,32100 ,53500 
2025,D31,상급종합병원,2482 ,5941 ,6120 ,720745790 ,1360006460 
2025,D31,종합병원,884 ,2061 ,2039 ,214670610 ,361806820 
2025,D31,의원,10406 ,17776 ,17730 ,1475775040 ,2076979700 
2025,D31,병원,2104 ,3999 ,3985 ,324041930 ,519355330 
2025,D31,보건의료원,1 ,1 ,1 ,20400 ,21400 
2025,D32,상급종합병원,33910 ,97645 ,125114 ,66133917210 ,72454447650 
2025,D32,종합병원,14158 ,45340 ,60894 ,17708678420 ,19759132520 
2025,D32,한방병원,174 ,810 ,1036 ,177478050 ,192035990 
2025,D32,의원,6094 ,26952 ,27550 ,2177667310 ,2451106210 
2025,D32,병원,2082 ,10548 ,41053 ,9208559020 ,10198814800 
2025,D32,요양병원,823 ,5295 ,78821 ,7810972530 ,8921299550 
2025,D32,보건소,12 ,32 ,32 ,184680 ,194880 
2025,D32,보건의료원,14 ,39 ,39 ,897510 ,943910 
2025,D32,정신병원,11 ,62 ,412 ,29919580 ,34345910 
2025,D33,상급종합병원,19731 ,58348 ,71388 ,29236606800 ,32654628310 
2025,D33,종합병원,6457 ,23692 ,31227 ,7735649370 ,8749132600 
2025,D33,한방병원,104 ,569 ,867 ,88226460 ,100333480 
2025,D33,치과병원,3 ,10 ,10 ,361370 ,379770 
2025,D33,의원,4087 ,15362 ,15747 ,1392056350 ,1638231750 
2025,D33,병원,1380 ,7231 ,27502 ,5778117940 ,6475089150 
2025,D33,요양병원,334 ,2242 ,33774 ,3472874510 ,3987424580 
2025,D33,보건소,2 ,2 ,2 ,11580 ,12180 
2025,D33,보건의료원,6 ,17 ,23 ,1018770 ,1080320 
2025,D33,정신병원,1 ,2 ,0 ,673790 ,711860 
2025,D34,상급종합병원,32993 ,74239 ,77492 ,4688387220 ,9495820860 
2025,D34,종합병원,51127 ,100149 ,103635 ,5975711010 ,10400702340 
2025,D34,한방병원,71 ,84 ,85 ,9719080 ,13236670 
2025,D34,치과병원,1 ,1 ,1 ,26940 ,44740 
2025,D34,의원,82973 ,114707 ,113658 ,7504193760 ,10914481160 
2025,D34,보건지소,2 ,3 ,3 ,14550 ,16050 
2025,D34,병원,14540 ,22509 ,24092 ,2346912170 ,3911608230 
2025,D34,요양병원,55 ,105 ,744 ,44115160 ,56706690 
2025,D34,보건소,4 ,9 ,9 ,50710 ,56310 
2025,D34,보건의료원,157 ,170 ,170 ,11180520 ,15903320 
2025,D34,정신병원,25 ,37 ,37 ,1385310 ,2326240 
2025,D35,상급종합병원,58260 ,209374 ,227681 ,44108869330 ,58115810980 
2025,D35,종합병원,24637 ,85830 ,93549 ,12674162830 ,17351770330 
2025,D35,한방병원,98 ,190 ,241 ,36518090 ,43892540 
2025,D35,치과병원,1 ,1 ,1 ,304520 ,320520 
2025,D35,의원,5953 ,13112 ,12960 ,1390045840 ,1827455530 
2025,D35,병원,1666 ,3948 ,6422 ,867861680 ,1148894940 
2025,D35,요양병원,140 ,550 ,7748 ,693711620 ,833173750 
2025,D35,보건소,6 ,29 ,29 ,153710 ,176610 
2025,D35,보건의료원,7 ,7 ,7 ,406220 ,567620 
2025,D35,정신병원,5 ,12 ,11 ,247010 ,280450 
2025,D36,상급종합병원,6744 ,15576 ,19174 ,3693818380 ,5624066510 
2025,D36,종합병원,6582 ,16025 ,21092 ,3400025690 ,4885226230 
2025,D36,한방병원,17 ,30 ,132 ,18611040 ,21851440 
2025,D36,치과병원,35 ,70 ,80 ,8527050 ,12252440 
2025,D36,의원,16894 ,34717 ,34951 ,2760885370 ,3914696980 
2025,D36,병원,2270 ,5703 ,8237 ,878802930 ,1250646290 
2025,D36,요양병원,11 ,25 ,152 ,13667330 ,16487480 
2025,D36,보건소,1 ,1 ,1 ,5590 ,6090 
2025,D36,정신병원,1 ,1 ,1 ,10430 ,17230 
2025,D37,상급종합병원,12894 ,34425 ,39815 ,9365506890 ,12420511440 
2025,D37,종합병원,12002 ,31014 ,38319 ,8544245650 ,11172566410 
2025,D37,한방병원,32 ,138 ,135 ,11628350 ,12928960 
2025,D37,치과병원,7 ,19 ,21 ,1768130 ,2563120 
2025,D37,의원,11088 ,18927 ,18783 ,2304873830 ,2976841010 
2025,D37,보건지소,2 ,2 ,2 ,33150 ,34750 
2025,D37,병원,2024 ,3645 ,5399 ,813198510 ,1039135360 
2025,D37,요양병원,147 ,774 ,10136 ,801101970 ,947002450 
2025,D37,보건소,3 ,7 ,7 ,39530 ,42630 
2025,D37,치과의원,5 ,11 ,11 ,215420 ,280120 
2025,D37,보건의료원,45 ,65 ,67 ,6216430 ,7818080 
2025,D37,정신병원,2 ,7 ,7 ,75070 ,116370 
2025,D38,상급종합병원,4327 ,13743 ,15795 ,4238344780 ,5247104520 
2025,D38,종합병원,2291 ,6435 ,7644 ,1518730590 ,1959527630 
2025,D38,한방병원,14 ,34 ,18 ,2802000 ,3157260 
2025,D38,치과병원,1 ,1 ,1 ,15350 ,25550 
2025,D38,의원,3620 ,5583 ,5716 ,524373120 ,698273840 
2025,D38,보건지소,1 ,1 ,1 ,5150 ,5350 
2025,D38,병원,444 ,757 ,1291 ,152258460 ,210252260 
2025,D38,요양병원,42 ,147 ,1752 ,113947800 ,146523190 
2025,D38,보건소,9 ,11 ,11 ,56490 ,66990 
2025,D38,보건의료원,42 ,105 ,108 ,4975530 ,6483510 
2025,D38,정신병원,2 ,2 ,2 ,90180 ,150180 
2025,D39,상급종합병원,4200 ,14097 ,16795 ,4456167590 ,5496640370 
2025,D39,종합병원,3099 ,9416 ,11199 ,2754526300 ,3323522340 
2025,D39,한방병원,37 ,67 ,18 ,4981930 ,5605810 
2025,D39,의원,6532 ,9816 ,9685 ,1034654710 ,1450923030 
2025,D39,병원,1713 ,2558 ,2888 ,366937840 ,527574080 
2025,D39,요양병원,35 ,159 ,1829 ,138288430 ,165317660 
2025,D39,보건소,1 ,7 ,7 ,40530 ,42630 
2025,D39,보건의료원,4 ,5 ,5 ,596100 ,865560 
2025,D39,정신병원,1 ,1 ,0 ,341850 ,510470 
2025,D40,상급종합병원,272 ,812 ,868 ,151385430 ,203862810 
2025,D40,종합병원,400 ,936 ,1307 ,316834690 ,413308980 
2025,D40,한방병원,4 ,8 ,1 ,5189670 ,5707280 
2025,D40,의원,1412 ,2232 ,2168 ,356042070 ,476384390 
2025,D40,병원,70 ,127 ,337 ,48973160 ,65076100 
2025,D40,요양병원,14 ,50 ,784 ,87734250 ,99476090 
2025,D40,보건소,1 ,1 ,1 ,5790 ,6090 
2025,D40,정신병원,1 ,1 ,1 ,19870 ,20870 
2025,D41,상급종합병원,3625 ,10910 ,12594 ,3007163310 ,4017946680 
2025,D41,종합병원,3648 ,9308 ,11281 ,2490866290 ,3194528120 
2025,D41,한방병원,19 ,46 ,388 ,102499840 ,112285650 
2025,D41,의원,3203 ,5525 ,5483 ,740417690 ,977446190 
2025,D41,병원,376 ,614 ,1115 ,134935480 ,182378050 
2025,D41,요양병원,66 ,240 ,3584 ,298626190 ,363780190 
2025,D41,보건소,1 ,1 ,1 ,5790 ,6090 
2025,D41,보건의료원,9 ,10 ,10 ,950170 ,1343570 
2025,D42,상급종합병원,2459 ,11837 ,18182 ,10994732110 ,11987791670 
2025,D42,종합병원,549 ,2773 ,4624 ,1682481450 ,1843583250 
2025,D42,한방병원,13 ,23 ,0 ,4559320 ,4814170 
2025,D42,의원,292 ,1282 ,1447 ,97031600 ,110326990 
2025,D42,병원,193 ,1423 ,6812 ,1503439690 ,1658877110 
2025,D42,요양병원,75 ,512 ,6548 ,715379440 ,807853800 
2025,D42,보건소,1 ,4 ,4 ,23160 ,24360 
2025,D42,보건의료원,1 ,5 ,5 ,109090 ,114590 
2025,D43,상급종합병원,9361 ,29729 ,41779 ,22785069910 ,25676809550 
2025,D43,종합병원,3745 ,11667 ,19075 ,5690003890 ,6645952730 
2025,D43,한방병원,48 ,197 ,552 ,68013730 ,78034510 
2025,D43,치과병원,3 ,35 ,35 ,3480440 ,3661040 
2025,D43,의원,1578 ,6263 ,6746 ,655254640 ,762124610 
2025,D43,보건지소,1 ,10 ,10 ,45300 ,47100 
2025,D43,병원,813 ,4590 ,24873 ,6180703630 ,6843526370 
2025,D43,요양병원,313 ,1823 ,24593 ,2691480480 ,3036709300 
2025,D43,보건소,1 ,1 ,1 ,5790 ,6090 
2025,D43,보건의료원,2 ,6 ,6 ,376000 ,396500 
2025,D43,정신병원,1 ,4 ,76 ,13121500 ,13965800 
2025,D44,상급종합병원,5933 ,23223 ,29107 ,9331290460 ,10832509470 
2025,D44,종합병원,6215 ,14811 ,17081 ,3002630520 ,3864572410 
2025,D44,한방병원,43 ,292 ,283 ,14290580 ,16233950 
2025,D44,의원,10613 ,17008 ,16650 ,1511363670 ,2066876650 
2025,D44,병원,1425 ,2393 ,4478 ,643656670 ,826926750 
2025,D44,요양병원,59 ,356 ,4288 ,402382550 ,464753790 
2025,D44,보건의료원,18 ,22 ,22 ,1168560 ,1566060 
2025,D44,정신병원,1 ,1 ,1 ,7590 ,12490 
2025,D45,상급종합병원,3639 ,17184 ,17713 ,4207352260 ,4697739540 
2025,D45,종합병원,1614 ,8484 ,9188 ,1395158470 ,1575565360 
2025,D45,한방병원,4 ,16 ,4 ,1915340 ,2030090 
2025,D45,의원,578 ,2377 ,2376 ,156142670 ,168670330 
2025,D45,병원,81 ,266 ,605 ,82330250 ,92127200 
2025,D45,요양병원,59 ,358 ,4830 ,506592420 ,575315560 
2025,D45,보건소,1 ,3 ,3 ,17370 ,18270 
2025,D45,보건의료원,1 ,5 ,5 ,116230 ,122230 
2025,D46,상급종합병원,6978 ,82785 ,124132 ,84869170670 ,92702956480 
2025,D46,종합병원,2312 ,22111 ,39250 ,20332910410 ,22136378150 
2025,D46,한방병원,36 ,139 ,981 ,148443100 ,168786420 
2025,D46,치과병원,3 ,11 ,11 ,402150 ,422450 
2025,D46,의원,1102 ,7191 ,7933 ,416798570 ,446583710 
2025,D46,보건진료소,1 ,14 ,14 ,52920 ,54320 
2025,D46,병원,338 ,1781 ,5758 ,993849110 ,1123728930 
2025,D46,요양병원,296 ,1630 ,21327 ,2019797430 ,2323082590 
2025,D46,보건소,4 ,32 ,32 ,182880 ,194880 
2025,D46,보건의료원,6 ,15 ,15 ,307580 ,322680 
2025,D47,상급종합병원,16457 ,85125 ,98689 ,42965695060 ,47941586860 
2025,D47,종합병원,6870 ,33788 ,40380 ,11522688160 ,12842589000 
2025,D47,한방병원,30 ,105 ,474 ,68412610 ,90487520 
2025,D47,의원,2578 ,12299 ,12511 ,1163648720 ,1255046560 
2025,D47,병원,434 ,1519 ,4469 ,755031040 ,849214030 
2025,D47,요양병원,308 ,1895 ,28614 ,2615513470 ,2991399730 
2025,D47,보건소,1 ,2 ,2 ,11580 ,12180 
2025,D47,보건의료원,5 ,8 ,8 ,237160 ,297860 
2025,D47,정신병원,3 ,21 ,21 ,1374610 ,1445910 
2025,D48,상급종합병원,7722 ,28011 ,35078 ,10697524850 ,12516448320 
2025,D48,종합병원,3996 ,12106 ,15435 ,3779261300 ,4516831690 
2025,D48,한방병원,42 ,97 ,76 ,9857250 ,11393000 
2025,D48,치과병원,35 ,78 ,79 ,7646560 ,9629690 
2025,D48,의원,9032 ,14394 ,14544 ,1413462110 ,1864800050 
2025,D48,보건지소,1 ,1 ,1 ,4450 ,5350 
2025,D48,병원,1775 ,3251 ,5183 ,672970050 ,854052310 
2025,D48,요양병원,66 ,366 ,2466 ,201513850 ,235402000 
2025,D48,보건소,3 ,3 ,3 ,16570 ,18270 
2025,D48,보건의료원,19 ,20 ,20 ,1156110 ,1520410 
2025,D48,정신병원,2 ,2 ,2 ,122610 ,203110 
2025,D50,상급종합병원,2874 ,7801 ,7571 ,560774480 ,986755990 
2025,D50,종합병원,25967 ,61105 ,69570 ,5437945540 ,8124980570 
2025,D50,한방병원,318 ,491 ,442 ,24512920 ,35072760 
2025,D50,치과병원,35 ,72 ,72 ,1661800 ,2766000 
2025,D50,의원,280674 ,518630 ,518495 ,17080798480 ,23713843040 
2025,D50,보건지소,47 ,93 ,93 ,795340 ,999640 
2025,D50,보건진료소,188 ,935 ,935 ,25534840 ,35257440 
2025,D50,병원,35752 ,62672 ,68938 ,3423882110 ,4917566060 
2025,D50,요양병원,2168 ,3913 ,7483 ,452048340 ,588975420 
2025,D50,보건소,556 ,802 ,802 ,4404110 ,4852310 
2025,D50,치과의원,4 ,6 ,6 ,533320 ,621020 
2025,D50,보건의료원,337 ,690 ,704 ,21017690 ,28377820 
2025,D50,정신병원,222 ,715 ,1184 ,56927650 ,77693980 
2025,D51,상급종합병원,775 ,2773 ,2862 ,135288700 ,250193190 
2025,D51,종합병원,1351 ,5360 ,5541 ,177647790 ,297291920 
2025,D51,한방병원,2 ,10 ,10 ,102800 ,169100 
2025,D51,의원,2190 ,6171 ,6170 ,135612730 ,175881560 
2025,D51,보건지소,2 ,4 ,4 ,17800 ,21400 
2025,D51,보건진료소,3 ,13 ,13 ,78580 ,90280 
2025,D51,병원,232 ,639 ,664 ,16933810 ,26220450 
2025,D51,요양병원,8 ,19 ,295 ,19233490 ,28288510 
2025,D51,보건소,3 ,3 ,3 ,16170 ,18270 
2025,D51,치과의원,1 ,2 ,2 ,23220 ,33020 
2025,D51,보건의료원,11 ,33 ,33 ,591210 ,709910 
2025,D51,정신병원,2 ,3 ,3 ,98050 ,168490 
2025,D52,상급종합병원,147 ,310 ,321 ,26590600 ,44986940 
2025,D52,종합병원,597 ,1472 ,1649 ,112147300 ,164032030 
2025,D52,한방병원,2 ,3 ,3 ,28700 ,46500 
2025,D52,의원,2527 ,4741 ,4741 ,125994140 ,161036840 
2025,D52,보건지소,1 ,2 ,2 ,9700 ,10700 
2025,D52,보건진료소,3 ,7 ,7 ,147060 ,209760 
2025,D52,병원,411 ,624 ,729 ,32710420 ,46521120 
2025,D52,요양병원,39 ,107 ,364 ,17014710 ,25478920 
2025,D52,보건소,4 ,7 ,7 ,38530 ,42630 
2025,D52,보건의료원,6 ,14 ,14 ,185390 ,242090 
2025,D52,정신병원,18 ,87 ,18 ,6253150 ,7901980 
2025,D53,상급종합병원,1399 ,4757 ,4936 ,335884270 ,612579640 
2025,D53,종합병원,1507 ,4791 ,5163 ,321992800 ,502767490 
2025,D53,한방병원,25 ,25 ,28 ,1058450 ,1605710 
2025,D53,치과병원,1 ,1 ,1 ,12500 ,20700 
2025,D53,의원,1899 ,3664 ,3659 ,107455330 ,146339350 
2025,D53,보건지소,1 ,1 ,1 ,4850 ,5350 
2025,D53,보건진료소,91 ,530 ,530 ,15440520 ,21564720 
2025,D53,병원,154 ,277 ,324 ,18640820 ,26357840 
2025,D53,요양병원,99 ,291 ,564 ,22856930 ,31723850 
2025,D53,보건소,41 ,55 ,55 ,285850 ,334950 
2025,D53,보건의료원,6 ,12 ,12 ,181350 ,215650 
2025,D53,정신병원,6 ,12 ,5 ,388450 ,520530 
2025,D55,상급종합병원,68 ,275 ,311 ,56250340 ,63151150 
2025,D55,종합병원,14 ,36 ,34 ,1549250 ,2574210 
2025,D55,의원,53 ,74 ,74 ,2354580 ,3286880 
2025,D55,보건지소,1 ,1 ,1 ,4450 ,5350 
2025,D55,보건진료소,11 ,58 ,58 ,1011880 ,1360480 
2025,D55,병원,9 ,12 ,8 ,740060 ,861360 
2025,D55,보건소,13 ,14 ,14 ,75660 ,85260 
2025,D56,상급종합병원,315 ,847 ,974 ,327176480 ,382171450 
2025,D56,종합병원,144 ,418 ,516 ,78011420 ,96906550 
2025,D56,의원,47 ,91 ,86 ,4717090 ,5931570 
2025,D56,병원,8 ,19 ,21 ,2171230 ,2619590 
2025,D56,요양병원,1 ,2 ,4 ,350010 ,461840 
2025,D57,상급종합병원,3 ,45 ,67 ,11229500 ,15803970 
2025,D57,종합병원,4 ,9 ,20 ,3632950 ,4658040 
2025,D57,의원,4 ,8 ,8 ,227140 ,327330 
2025,D58,상급종합병원,921 ,2915 ,3469 ,672929810 ,947633840 
2025,D58,종합병원,288 ,950 ,1387 ,258899040 ,348719210 
2025,D58,의원,111 ,152 ,153 ,5332790 ,7194170 
2025,D58,병원,27 ,35 ,47 ,4947050 ,6239050 
2025,D58,요양병원,2 ,3 ,28 ,3481550 ,4550540 
2025,D58,보건소,1 ,1 ,1 ,4990 ,6090 
2025,D59,상급종합병원,1491 ,8152 ,10372 ,42529105080 ,47621180020 
2025,D59,종합병원,699 ,2870 ,4057 ,3948266130 ,4539147900 
2025,D59,의원,239 ,403 ,398 ,11901750 ,14987690 
2025,D59,병원,38 ,65 ,230 ,40803290 ,49983350 
2025,D59,요양병원,14 ,59 ,712 ,52089340 ,68938030 
2025,D59,보건의료원,1 ,2 ,2 ,74260 ,105860 
2025,D60,상급종합병원,285 ,2248 ,2565 ,754228840 ,918389440 
2025,D60,종합병원,85 ,820 ,1012 ,224295120 ,277788140 
2025,D60,의원,25 ,87 ,86 ,3805500 ,4800600 
2025,D60,병원,6 ,23 ,61 ,7745550 ,9083540 
2025,D60,요양병원,7 ,29 ,446 ,28576660 ,35747490 
2025,D60,보건의료원,1 ,14 ,14 ,190450 ,227950 
2025,D61,상급종합병원,7623 ,42402 ,55199 ,31245797410 ,36085994540 
2025,D61,종합병원,2990 ,12611 ,18229 ,6279163120 ,7474460120 
2025,D61,한방병원,4 ,11 ,9 ,625110 ,829460 
2025,D61,의원,399 ,1077 ,1082 ,49329160 ,57252570 
2025,D61,보건진료소,3 ,9 ,9 ,238220 ,333720 
2025,D61,병원,113 ,357 ,764 ,119098950 ,143712030 
2025,D61,요양병원,66 ,241 ,3998 ,397350970 ,497534900 
2025,D61,보건소,5 ,10 ,10 ,53500 ,60900 
2025,D61,보건의료원,5 ,15 ,15 ,537500 ,741030 
2025,D61,정신병원,1 ,3 ,3 ,70080 ,97380 
2025,D62,상급종합병원,50 ,78 ,114 ,28450320 ,38621950 
2025,D62,종합병원,398 ,576 ,1043 ,221116760 ,287278450 
2025,D62,한방병원,1 ,1 ,0 ,303850 ,392570 
2025,D62,의원,548 ,869 ,868 ,37020130 ,53872120 
2025,D62,병원,173 ,236 ,343 ,31306950 ,44224880 
2025,D62,요양병원,2 ,2 ,5 ,1266510 ,1438860 
2025,D62,치과의원,1 ,1 ,1 ,0 ,0 
2025,D62,보건의료원,3 ,3 ,3 ,138940 ,194640 
2025,D63,상급종합병원,954 ,2812 ,2935 ,262474240 ,449757740 
2025,D63,종합병원,1466 ,3937 ,4518 ,416344550 ,594044640 
2025,D63,의원,667 ,2276 ,2272 ,150866270 ,178868900 
2025,D63,보건지소,1 ,1 ,1 ,4450 ,5350 
2025,D63,보건진료소,2 ,2 ,2 ,17360 ,24360 
2025,D63,병원,266 ,521 ,783 ,52807640 ,73242080 
2025,D63,요양병원,35 ,68 ,802 ,92496040 ,112816680 
2025,D63,보건소,1 ,1 ,1 ,4990 ,6090 
2025,D63,보건의료원,6 ,6 ,15 ,1176350 ,1379580 
2025,D63,정신병원,2 ,6 ,6 ,275690 ,438890 
2025,D64,상급종합병원,23960 ,66567 ,70199 ,6770576730 ,11751554440 
2025,D64,종합병원,42908 ,106937 ,130585 ,16009810500 ,22990780830 
2025,D64,한방병원,192 ,279 ,274 ,18446890 ,24736150 
2025,D64,치과병원,2108 ,2243 ,2243 ,54837880 ,91141980 
2025,D64,의원,91891 ,126291 ,126065 ,5946385850 ,8313427910 
2025,D64,보건지소,32 ,80 ,80 ,388190 ,452790 
2025,D64,보건진료소,179 ,681 ,681 ,15687200 ,21544700 
2025,D64,병원,11536 ,17288 ,22875 ,2025787980 ,2826226350 
2025,D64,요양병원,906 ,1890 ,7828 ,583508120 ,755805940 
2025,D64,보건소,289 ,421 ,421 ,2266790 ,2568390 
2025,D64,보건의료원,195 ,329 ,439 ,20555110 ,27410120 
2025,D64,정신병원,213 ,463 ,571 ,30251020 ,40488070 
2025,D65,상급종합병원,126 ,215 ,1114 ,1513815970 ,1750884690 
2025,D65,종합병원,115 ,214 ,1347 ,1171593160 ,1435543260 
2025,D65,의원,27 ,53 ,53 ,1428130 ,1911430 
2025,D65,병원,16 ,25 ,102 ,25014180 ,30485220 
2025,D65,요양병원,13 ,54 ,1217 ,92357780 ,126224500 
2025,D66,상급종합병원,470 ,4764 ,5216 ,33662450320 ,37273475060 
2025,D66,종합병원,485 ,5200 ,5598 ,25541719880 ,28346801070 
2025,D66,치과병원,3 ,7 ,7 ,1400640 ,1473140 
2025,D66,의원,1152 ,16824 ,16823 ,123528157960 ,136890433140 
2025,D66,병원,85 ,1792 ,1813 ,166015960 ,186388110 
2025,D66,요양병원,45 ,592 ,1271 ,8221890700 ,9155861780 
2025,D66,보건소,1 ,1 ,1 ,5590 ,6090 
2025,D67,상급종합병원,117 ,1172 ,1272 ,9844212110 ,10871720440 
2025,D67,종합병원,104 ,1043 ,1320 ,7376142180 ,8176842270 
2025,D67,한방병원,1 ,16 ,16 ,302530 ,335630 
2025,D67,의원,294 ,3909 ,3909 ,42060037990 ,46575941300 
2025,D67,병원,7 ,121 ,121 ,1121180 ,1658420 
2025,D67,요양병원,10 ,157 ,346 ,1246089160 ,1386156730 
2025,D68,상급종합병원,4776 ,17577 ,20521 ,7004154950 ,8189443610 
2025,D68,종합병원,3092 ,10752 ,13012 ,2320860350 ,2881935430 
2025,D68,한방병원,10 ,123 ,357 ,48070870 ,55557960 
2025,D68,치과병원,5 ,11 ,11 ,347150 ,635180 
2025,D68,의원,1748 ,4613 ,4602 ,3375870990 ,3780340430 
2025,D68,보건지소,1 ,1 ,1 ,4850 ,5350 
2025,D68,보건진료소,2 ,9 ,9 ,310260 ,439960 
2025,D68,병원,294 ,694 ,1361 ,152230720 ,182725390 
2025,D68,요양병원,24 ,113 ,1938 ,133803320 ,169616890 
2025,D68,보건소,1 ,2 ,2 ,11180 ,12180 
2025,D68,보건의료원,3 ,3 ,3 ,39400 ,48700 
2025,D69,상급종합병원,20204 ,78050 ,89757 ,18122980540 ,26163885590 
2025,D69,종합병원,16927 ,53317 ,65715 ,11561879930 ,15562934350 
2025,D69,한방병원,58 ,85 ,79 ,5725050 ,8392760 
2025,D69,치과병원,43 ,57 ,57 ,2566110 ,4316720 
2025,D69,의원,29867 ,47332 ,47049 ,1141463730 ,1531838850 
2025,D69,보건지소,2 ,2 ,2 ,39650 ,53250 
2025,D69,보건진료소,3 ,4 ,4 ,61240 ,85240 
2025,D69,병원,2877 ,4775 ,6860 ,698931600 ,897019230 
2025,D69,요양병원,142 ,473 ,4690 ,333438820 ,457073140 
2025,D69,보건소,34 ,48 ,48 ,243620 ,292320 
2025,D69,치과의원,26 ,32 ,32 ,476380 ,655380 
2025,D69,보건의료원,31 ,57 ,57 ,1289590 ,1663690 
2025,D69,정신병원,13 ,20 ,23 ,2004510 ,2671950 
2025,D70,상급종합병원,7310 ,15087 ,25115 ,9425832770 ,10947032330 
2025,D70,종합병원,9005 ,20185 ,28790 ,5809305880 ,7011854550 
2025,D70,한방병원,8 ,10 ,9 ,467910 ,678090 
2025,D70,의원,5402 ,7472 ,7333 ,209336090 ,291840000 
2025,D70,보건지소,2 ,2 ,2 ,8900 ,10700 
2025,D70,병원,917 ,1331 ,2393 ,352895240 ,421058180 
2025,D70,요양병원,17 ,44 ,649 ,38734390 ,51723770 
2025,D70,보건소,9 ,9 ,9 ,46610 ,54810 
2025,D70,보건의료원,11 ,13 ,13 ,419910 ,582410 
2025,D70,정신병원,5 ,24 ,22 ,450710 ,664670 
2025,D71,상급종합병원,98 ,744 ,1364 ,936834440 ,1051671950 
2025,D71,종합병원,13 ,94 ,150 ,22080770 ,24703400 
2025,D71,치과병원,1 ,3 ,3 ,132170 ,146770 
2025,D71,의원,9 ,17 ,17 ,441340 ,524740 
2025,D71,병원,2 ,8 ,8 ,223990 ,248790 
2025,D72,상급종합병원,6813 ,18054 ,19141 ,1866464590 ,3475943120 
2025,D72,종합병원,6666 ,16925 ,18021 ,1543726200 ,2432957250 
2025,D72,한방병원,8 ,10 ,4 ,277830 ,432530 
2025,D72,치과병원,2 ,2 ,2 ,28250 ,46950 
2025,D72,의원,7750 ,10465 ,10270 ,349905240 ,486305300 
2025,D72,보건지소,1 ,3 ,3 ,14550 ,16050 
2025,D72,병원,837 ,1160 ,1320 ,86431100 ,123889920 
2025,D72,요양병원,20 ,37 ,379 ,25390710 ,35170500 
2025,D72,보건소,4 ,4 ,4 ,19960 ,24360 
2025,D72,보건의료원,12 ,16 ,16 ,355700 ,492000 
2025,D72,정신병원,6 ,7 ,6 ,162460 ,258060 
2025,D73,상급종합병원,1481 ,3429 ,4424 ,998512020 ,1451846710 
2025,D73,종합병원,1261 ,2839 ,4322 ,913850190 ,1263450800 
2025,D73,한방병원,1 ,7 ,6 ,111490 ,182100 
2025,D73,치과병원,1 ,1 ,1 ,23470 ,38970 
2025,D73,의원,770 ,892 ,861 ,96874250 ,143119630 
2025,D73,병원,237 ,293 ,413 ,54219510 ,82672900 
2025,D73,요양병원,6 ,14 ,155 ,8900530 ,12967260 
2025,D73,보건의료원,1 ,1 ,1 ,91650 ,130850 
2025,D74,상급종합병원,18 ,25 ,82 ,56265050 ,70324530 
2025,D74,종합병원,5 ,6 ,20 ,8858950 ,11402030 
2025,D74,의원,5 ,6 ,6 ,145540 ,200640 
2025,D74,병원,1 ,1 ,7 ,665400 ,1081320 
2025,D75,상급종합병원,6346 ,15578 ,15955 ,1497406940 ,3037349620 
2025,D75,종합병원,4648 ,14823 ,14850 ,1038844830 ,1888719120 
2025,D75,한방병원,3 ,4 ,3 ,82610 ,128970 
2025,D75,의원,2366 ,2989 ,2918 ,112083670 ,157945000 
2025,D75,병원,152 ,220 ,283 ,15273580 ,22397410 
2025,D75,요양병원,11 ,31 ,305 ,24195760 ,31456770 
2025,D75,보건의료원,3 ,3 ,3 ,65360 ,81460 
2025,D75,정신병원,2 ,2 ,2 ,28140 ,43240 
2025,D76,상급종합병원,1051 ,4704 ,9953 ,6107661270 ,7016747760 
2025,D76,종합병원,298 ,1010 ,2491 ,1447155520 ,1659796080 
2025,D76,한방병원,2 ,4 ,16 ,4216790 ,4792340 
2025,D76,치과병원,1 ,1 ,1 ,30630 ,34030 
2025,D76,의원,151 ,364 ,368 ,15081920 ,18375050 
2025,D76,병원,30 ,151 ,187 ,18672010 ,22271830 
2025,D76,요양병원,10 ,259 ,691 ,41014340 ,49215710 
2025,D77,상급종합병원,753 ,1551 ,1557 ,131579070 ,282804430 
2025,D77,종합병원,17 ,46 ,44 ,1882100 ,3653300 
2025,D77,한방병원,1 ,1 ,1 ,31670 ,52770 
2025,D77,의원,47 ,66 ,64 ,2076950 ,2698870 
2025,D77,병원,9 ,11 ,10 ,358460 ,555760 
2025,D77,요양병원,1 ,2 ,2 ,18020 ,29720 
2025,D77,정신병원,1 ,1 ,0 ,105030 ,116690 
2025,D80,상급종합병원,721 ,5011 ,6096 ,2461365000 ,2754965960 
2025,D80,종합병원,226 ,1407 ,1664 ,541127770 ,605840330 
2025,D80,한방병원,2 ,2 ,3 ,33390 ,39010 
2025,D80,의원,152 ,1191 ,1192 ,48863010 ,55764980 
2025,D80,병원,26 ,241 ,296 ,28042750 ,32296340 
2025,D81,상급종합병원,46 ,380 ,1056 ,670897710 ,731425380 
2025,D81,종합병원,4 ,7 ,7 ,138370 ,267270 
2025,D81,의원,187 ,545 ,543 ,8794300 ,11698160 
2025,D81,병원,25 ,29 ,29 ,1018490 ,1307550 
2025,D81,요양병원,1 ,1 ,0 ,10310 ,17170 
2025,D82,상급종합병원,412 ,2703 ,3247 ,980732220 ,1055067340 
2025,D82,종합병원,59 ,432 ,466 ,40240260 ,45862650 
2025,D82,치과병원,2 ,4 ,4 ,607630 ,654530 
2025,D82,의원,39 ,226 ,225 ,11457270 ,12965470 
2025,D82,병원,9 ,326 ,326 ,25802670 ,28752020 
2025,D82,요양병원,2 ,3 ,3 ,44230 ,49130 
2025,D83,상급종합병원,44 ,458 ,522 ,247934720 ,276051880 
2025,D83,종합병원,17 ,67 ,101 ,27515100 ,32685430 
2025,D83,의원,3 ,92 ,92 ,5515490 ,7828890 
2025,D83,병원,1 ,20 ,20 ,7551240 ,8389240 
2025,D83,보건의료원,1 ,1 ,1 ,12660 ,18060 
2025,D84,상급종합병원,408 ,1700 ,1980 ,1728377760 ,1961888450 
2025,D84,종합병원,242 ,1092 ,1113 ,636139580 ,710993060 
2025,D84,한방병원,20 ,22 ,22 ,227270 ,364970 
2025,D84,치과병원,1 ,1 ,1 ,9000 ,15000 
2025,D84,의원,1712 ,4729 ,4743 ,99791570 ,133405990 
2025,D84,병원,105 ,248 ,266 ,4722920 ,6981400 
2025,D84,요양병원,9 ,23 ,37 ,1559450 ,2219350 
2025,D84,보건소,2 ,2 ,2 ,9980 ,12180 
2025,D84,정신병원,1 ,1 ,0 ,11750 ,14680 
2025,D86,상급종합병원,3063 ,12634 ,13687 ,2222143800 ,2631382880 
2025,D86,종합병원,784 ,3408 ,3751 ,477317970 ,572526900 
2025,D86,한방병원,1 ,1 ,0 ,112470 ,124960 
2025,D86,치과병원,1 ,3 ,3 ,132180 ,146580 
2025,D86,의원,238 ,930 ,924 ,57998700 ,66484900 
2025,D86,병원,35 ,101 ,233 ,35970330 ,45318810 
2025,D86,요양병원,9 ,49 ,445 ,32745040 ,40335040 
2025,D89,상급종합병원,3080 ,17312 ,18794 ,2338928670 ,3019294070 
2025,D89,종합병원,752 ,4162 ,4761 ,498464600 ,695491560 
2025,D89,한방병원,11 ,34 ,29 ,1248230 ,1816870 
2025,D89,치과병원,2 ,4 ,4 ,293500 ,415500 
2025,D89,의원,569 ,1841 ,1836 ,49886450 ,62641040 
2025,D89,보건지소,1 ,3 ,3 ,14550 ,16050 
2025,D89,병원,61 ,204 ,227 ,8171290 ,11547020 
2025,D89,요양병원,32 ,200 ,1154 ,77188570 ,100812900 
2025,D89,보건소,1 ,1 ,1 ,4990 ,6090 
2025,E00,상급종합병원,2 ,9 ,9 ,174060 ,515160 
2025,E00,종합병원,13 ,41 ,46 ,3222680 ,5191760 
2025,E00,의원,52 ,110 ,110 ,2435880 ,3202680 
2025,E00,병원,12 ,23 ,23 ,981250 ,1216810 
2025,E01,상급종합병원,17 ,53 ,53 ,1054640 ,3190740 
2025,E01,종합병원,33 ,98 ,98 ,2392760 ,4777760 
2025,E01,한방병원,2 ,6 ,6 ,151880 ,289270 
2025,E01,의원,167 ,283 ,283 ,12843130 ,18233360 
2025,E01,병원,8 ,23 ,23 ,1071600 ,1628310 
2025,E01,요양병원,2 ,5 ,4 ,83310 ,138200 
2025,E01,치과의원,1 ,1 ,1 ,0 ,0 
2025,E01,정신병원,1 ,3 ,3 ,40400 ,62000 
2025,E02,상급종합병원,1968 ,5663 ,5660 ,141240060 ,386712450 
2025,E02,종합병원,2755 ,8144 ,8108 ,257281430 ,496909250 
2025,E02,한방병원,1 ,3 ,3 ,18600 ,31000 
2025,E02,의원,2096 ,8049 ,8048 ,223649100 ,302260030 
2025,E02,보건지소,8 ,13 ,13 ,183080 ,243080 
2025,E02,병원,265 ,537 ,536 ,20166400 ,31806950 
2025,E02,요양병원,4 ,17 ,11 ,550900 ,758150 
2025,E02,보건소,49 ,113 ,113 ,622480 ,685080 
2025,E02,보건의료원,8 ,30 ,30 ,843230 ,1178830 
2025,E02,정신병원,1 ,4 ,4 ,53610 ,88810 
2025,E03,상급종합병원,82604 ,246240 ,246285 ,7109180940 ,17446200280 
2025,E03,종합병원,127359 ,418187 ,418526 ,13364814250 ,25189468260 
2025,E03,한방병원,262 ,578 ,503 ,27227950 ,38262550 
2025,E03,치과병원,23 ,52 ,52 ,1278720 ,2142880 
2025,E03,의원,411906 ,1610780 ,1610531 ,50469916040 ,69524960020 
2025,E03,보건지소,114 ,284 ,284 ,1952800 ,2340100 
2025,E03,병원,64822 ,195323 ,196833 ,7919581460 ,11974514880 
2025,E03,요양병원,1482 ,4472 ,10661 ,590501490 ,792779520 
2025,E03,보건소,554 ,1360 ,1360 ,7457290 ,8199590 
2025,E03,치과의원,4 ,9 ,9 ,92720 ,124620 
2025,E03,보건의료원,560 ,1653 ,1653 ,47694880 ,65238870 
2025,E03,정신병원,379 ,1707 ,2584 ,74470010 ,103295280 
2025,E04,상급종합병원,128016 ,291310 ,295897 ,12292495040 ,28293162870 
2025,E04,종합병원,150758 ,306153 ,308307 ,13463302900 ,24925769370 
2025,E04,한방병원,122 ,156 ,162 ,17978440 ,26208330 
2025,E04,치과병원,9 ,14 ,14 ,565330 ,941030 
2025,E04,의원,224236 ,341882 ,339491 ,21079203000 ,30506357680 
2025,E04,보건지소,2 ,2 ,2 ,47100 ,66200 
2025,E04,병원,67720 ,121558 ,122327 ,6254941440 ,10430638310 
2025,E04,요양병원,171 ,250 ,894 ,47865390 ,67460350 
2025,E04,보건소,18 ,26 ,26 ,138940 ,158340 
2025,E04,보건의료원,61 ,95 ,95 ,3089400 ,4205900 
2025,E04,정신병원,27 ,51 ,47 ,2206990 ,3476260 
2025,E05,상급종합병원,54450 ,253032 ,255874 ,9345820310 ,22102847680 
2025,E05,종합병원,71217 ,322721 ,325940 ,12682899530 ,23696874570 
2025,E05,한방병원,128 ,302 ,319 ,18389000 ,27646220 
2025,E05,치과병원,5 ,7 ,7 ,391570 ,638470 
2025,E05,의원,125225 ,541243 ,540829 ,21104312440 ,29685488630 
2025,E05,보건지소,11 ,29 ,29 ,144350 ,158850 
2025,E05,병원,21336 ,76022 ,76915 ,3405153260 ,5403714660 
2025,E05,요양병원,252 ,773 ,2238 ,120429400 ,170410280 
2025,E05,보건소,46 ,82 ,82 ,443000 ,491700 
2025,E05,보건의료원,186 ,514 ,514 ,17843310 ,24955860 
2025,E05,정신병원,60 ,308 ,459 ,11053750 ,17748310 
2025,E06,상급종합병원,21123 ,58795 ,59238 ,1868903120 ,4514488590 
2025,E06,종합병원,32769 ,90324 ,91079 ,3372108350 ,6356629990 
2025,E06,한방병원,30 ,62 ,57 ,2301540 ,3679230 
2025,E06,치과병원,3 ,3 ,3 ,51660 ,85960 
2025,E06,의원,67701 ,166939 ,166844 ,7981147670 ,11341800400 
2025,E06,보건지소,5 ,8 ,8 ,38800 ,42800 
2025,E06,보건진료소,1 ,1 ,1 ,9620 ,10520 
2025,E06,병원,11539 ,27610 ,27936 ,1356749030 ,2098900620 
2025,E06,요양병원,38 ,138 ,543 ,43986680 ,57805800 
2025,E06,보건소,18 ,37 ,37 ,203830 ,225330 
2025,E06,보건의료원,22 ,53 ,53 ,1396770 ,1931470 
2025,E06,정신병원,5 ,9 ,8 ,380060 ,593920 
2025,E07,상급종합병원,9271 ,19569 ,19558 ,776419910 ,1866598240 
2025,E07,종합병원,18820 ,33012 ,33108 ,1439261630 ,2698925220 
2025,E07,한방병원,80 ,105 ,56 ,9097880 ,12512230 
2025,E07,치과병원,40 ,59 ,59 ,5561130 ,8796130 
2025,E07,의원,143620 ,206912 ,206618 ,11469656640 ,16227896510 
2025,E07,보건지소,5 ,19 ,19 ,220150 ,286650 
2025,E07,병원,20238 ,27539 ,27965 ,1521197140 ,2287679830 
2025,E07,요양병원,185 ,302 ,572 ,28053500 ,41567600 
2025,E07,보건소,15 ,26 ,26 ,139740 ,159840 
2025,E07,보건의료원,65 ,73 ,73 ,3677450 ,5235780 
2025,E07,정신병원,47 ,95 ,282 ,16949700 ,22189490 
2025,E10,상급종합병원,16083 ,98223 ,88312 ,6554451720 ,11194792790 
2025,E10,종합병원,12547 ,61217 ,73827 ,7050877500 ,10254199110 
2025,E10,한방병원,117 ,198 ,179 ,17643710 ,24522910 
2025,E10,치과병원,661 ,787 ,778 ,31307470 ,51804060 
2025,E10,의원,17910 ,74023 ,75234 ,2501041380 ,3374530140 
2025,E10,보건지소,59 ,218 ,218 ,13054790 ,18444190 
2025,E10,보건진료소,8 ,61 ,61 ,1034200 ,1451800 
2025,E10,병원,1939 ,6534 ,8857 ,594820600 ,837156320 
2025,E10,요양병원,331 ,1418 ,17564 ,1175667790 ,1592682450 
2025,E10,보건소,133 ,340 ,340 ,1855920 ,2070420 
2025,E10,치과의원,10217 ,12090 ,11904 ,653693130 ,927315950 
2025,E10,보건의료원,22 ,56 ,56 ,1298460 ,1771860 
2025,E10,정신병원,15 ,40 ,106 ,9408600 ,12471640 
2025,E11,상급종합병원,304390 ,1163522 ,1212383 ,63792115690 ,124934482590 
2025,E11,종합병원,655911 ,2858447 ,3122696 ,168481858180 ,270918663880 
2025,E11,한방병원,3088 ,6998 ,5582 ,322148080 ,437616930 
2025,E11,치과병원,313 ,707 ,707 ,20098230 ,33455730 
2025,E11,의원,2678231 ,16956591 ,16968457 ,427621322260 ,569153968420 
2025,E11,보건지소,5273 ,18539 ,18539 ,1032599990 ,1457230790 
2025,E11,보건진료소,515 ,3975 ,3975 ,118981460 ,166883060 
2025,E11,병원,277043 ,1171924 ,1293835 ,51708392750 ,77255835150 
2025,E11,요양병원,15881 ,69340 ,455950 ,30927391970 ,41231444280 
2025,E11,보건소,23313 ,87344 ,87344 ,489157630 ,542673930 
2025,E11,치과의원,546 ,635 ,615 ,36342240 ,51622880 
2025,E11,보건의료원,5109 ,20900 ,21123 ,709648820 ,964411170 
2025,E11,정신병원,2254 ,13082 ,18956 ,756838600 ,1078853150 
2025,E12,상급종합병원,143 ,514 ,663 ,120670100 ,171096400 
2025,E12,종합병원,414 ,1325 ,1845 ,194923680 ,274134450 
2025,E12,한방병원,3 ,3 ,5 ,696460 ,1011140 
2025,E12,의원,507 ,1752 ,1771 ,46062090 ,60508910 
2025,E12,보건지소,2 ,2 ,2 ,125200 ,177200 
2025,E12,병원,120 ,423 ,865 ,82533580 ,112939550 
2025,E12,요양병원,35 ,122 ,1741 ,108806100 ,152688920 
2025,E12,보건소,173 ,540 ,540 ,2877270 ,3205170 
2025,E12,치과의원,1 ,1 ,1 ,14830 ,21130 
2025,E12,정신병원,2 ,5 ,5 ,287830 ,438930 
2025,E13,상급종합병원,1801 ,7584 ,8246 ,908190460 ,1291953340 
2025,E13,종합병원,7622 ,32611 ,39936 ,2607983580 ,3911293050 
2025,E13,한방병원,86 ,135 ,84 ,8865420 ,11626380 
2025,E13,치과병원,622 ,717 ,692 ,66336630 ,109914590 
2025,E13,의원,48531 ,244650 ,245189 ,6320983870 ,8434037880 
2025,E13,보건지소,947 ,3037 ,3037 ,191686560 ,271447960 
2025,E13,보건진료소,243 ,1708 ,1708 ,40141700 ,56129900 
2025,E13,병원,5366 ,18812 ,23509 ,1242956710 ,1787725550 
2025,E13,요양병원,481 ,2112 ,17083 ,1157427700 ,1542839200 
2025,E13,보건소,1224 ,4103 ,4103 ,22605120 ,24931720 
2025,E13,치과의원,2796 ,3132 ,3022 ,157949270 ,223214860 
2025,E13,보건의료원,505 ,2132 ,2138 ,51795310 ,68200130 
2025,E13,정신병원,132 ,647 ,951 ,38365740 ,50987510 
2025,E14,상급종합병원,58764 ,223780 ,245396 ,22397184090 ,37153923640 
2025,E14,종합병원,92421 ,343027 ,418715 ,39332622200 ,57132652900 
2025,E14,한방병원,1197 ,1952 ,982 ,78212970 ,104728440 
2025,E14,치과병원,93 ,246 ,246 ,9738740 ,15973090 
2025,E14,의원,268653 ,1287914 ,1288948 ,34268745580 ,46093632080 
2025,E14,보건지소,2227 ,7866 ,7866 ,503219260 ,713082560 
2025,E14,보건진료소,635 ,4733 ,4733 ,154616640 ,217580640 
2025,E14,병원,32992 ,103117 ,129621 ,8026529070 ,11414002540 
2025,E14,요양병원,3230 ,14585 ,128554 ,9179632460 ,12214478240 
2025,E14,보건소,4136 ,13276 ,13276 ,73614840 ,81857540 
2025,E14,치과의원,82 ,91 ,91 ,4016090 ,5557690 
2025,E14,보건의료원,1583 ,6236 ,6297 ,141301170 ,186055640 
2025,E14,정신병원,473 ,2405 ,4896 ,159257770 ,216365250 
2025,E15,상급종합병원,22 ,32 ,51 ,31355340 ,40305710 
2025,E15,종합병원,316 ,410 ,1423 ,485509260 ,633153880 
2025,E15,의원,33 ,41 ,41 ,1091710 ,1474410 
2025,E15,보건지소,5 ,5 ,5 ,31500 ,36000 
2025,E15,보건진료소,1 ,2 ,2 ,9280 ,11080 
2025,E15,병원,120 ,165 ,428 ,53683710 ,72515520 
2025,E15,요양병원,43 ,169 ,3490 ,266191830 ,352940830 
2025,E15,보건의료원,3 ,3 ,3 ,217800 ,291800 
2025,E16,상급종합병원,2942 ,5504 ,7419 ,2614833960 ,3283608790 
2025,E16,종합병원,9328 ,13848 ,23968 ,6486123540 ,8382713240 
2025,E16,한방병원,19 ,19 ,29 ,2180720 ,2995100 
2025,E16,치과병원,1 ,1 ,1 ,187780 ,217380 
2025,E16,의원,8208 ,12698 ,12682 ,372235140 ,484327490 
2025,E16,보건지소,9 ,13 ,13 ,70490 ,82890 
2025,E16,보건진료소,20 ,24 ,24 ,94000 ,114700 
2025,E16,병원,2146 ,2699 ,5435 ,679316970 ,920161110 
2025,E16,요양병원,152 ,505 ,8023 ,783472140 ,1017766200 
2025,E16,보건소,3 ,3 ,3 ,15970 ,19770 
2025,E16,보건의료원,94 ,103 ,109 ,6305860 ,8265430 
2025,E16,정신병원,5 ,14 ,14 ,1750240 ,2269830 
2025,E20,상급종합병원,1093 ,3835 ,3887 ,187764900 ,346467040 
2025,E20,종합병원,739 ,2504 ,2632 ,134510440 ,218968120 
2025,E20,의원,725 ,1725 ,1715 ,53846660 ,73766490 
2025,E20,보건지소,2 ,3 ,3 ,14550 ,16050 
2025,E20,병원,164 ,371 ,381 ,15219740 ,24053480 
2025,E20,요양병원,14 ,15 ,24 ,873460 ,1234060 
2025,E20,보건소,1 ,1 ,1 ,5590 ,6090 
2025,E21,상급종합병원,5270 ,19500 ,21420 ,2647158100 ,4512055660 
2025,E21,종합병원,2553 ,8415 ,9214 ,975699380 ,1541335560 
2025,E21,한방병원,9 ,10 ,4 ,848900 ,1107100 
2025,E21,의원,1595 ,2622 ,2551 ,170361620 ,224544850 
2025,E21,보건진료소,1 ,1 ,1 ,2980 ,3880 
2025,E21,병원,275 ,436 ,447 ,28239940 ,43893690 
2025,E21,요양병원,18 ,29 ,136 ,11134160 ,14861190 
2025,E21,보건소,1 ,1 ,1 ,5590 ,6090 
2025,E21,보건의료원,1 ,2 ,2 ,107820 ,154020 
2025,E22,상급종합병원,23447 ,112815 ,114152 ,13059399670 ,23324078900 
2025,E22,종합병원,24254 ,134982 ,136307 ,10435531900 ,19009441670 
2025,E22,한방병원,1 ,1 ,0 ,27160 ,30170 
2025,E22,의원,25996 ,115679 ,115473 ,9855561040 ,14019153980 
2025,E22,병원,10241 ,55837 ,55948 ,4541995200 ,7328427820 
2025,E22,요양병원,26 ,65 ,742 ,53120090 ,68409320 
2025,E22,보건소,1 ,1 ,1 ,5590 ,6090 
2025,E22,보건의료원,6 ,20 ,20 ,409620 ,521420 
2025,E22,정신병원,2 ,3 ,2 ,389810 ,540060 
2025,E23,상급종합병원,24271 ,121700 ,125985 ,16060066910 ,33108235800 
2025,E23,종합병원,12917 ,82699 ,84501 ,13661555070 ,25530544270 
2025,E23,한방병원,14 ,32 ,93 ,6688130 ,9100270 
2025,E23,치과병원,1 ,1 ,1 ,12500 ,20700 
2025,E23,의원,6612 ,42039 ,41992 ,8018739080 ,11289193690 
2025,E23,보건지소,1 ,1 ,1 ,42650 ,60850 
2025,E23,병원,3073 ,20121 ,20413 ,4082165290 ,6547720430 
2025,E23,요양병원,45 ,189 ,2129 ,146521710 ,186057750 
2025,E23,보건소,2 ,2 ,2 ,9980 ,12180 
2025,E23,보건의료원,1 ,3 ,3 ,1188140 ,1697040 
2025,E23,정신병원,5 ,10 ,10 ,206210 ,330610 
2025,E24,상급종합병원,2589 ,9967 ,11208 ,1311949930 ,2026006550 
2025,E24,종합병원,1511 ,5249 ,5887 ,517422830 ,770140770 
2025,E24,한방병원,5 ,6 ,1 ,508630 ,639980 
2025,E24,의원,622 ,1360 ,1331 ,52058570 ,70613970 
2025,E24,병원,121 ,252 ,335 ,20949210 ,30064440 
2025,E24,요양병원,20 ,108 ,1240 ,77798800 ,104118770 
2025,E24,보건의료원,2 ,2 ,2 ,23320 ,25820 
2025,E25,상급종합병원,1051 ,5619 ,5939 ,859077330 ,953708430 
2025,E25,종합병원,284 ,1398 ,1492 ,205105310 ,230680060 
2025,E25,한방병원,1 ,1 ,0 ,179130 ,223910 
2025,E25,의원,114 ,282 ,282 ,14748650 ,17484820 
2025,E25,병원,32 ,87 ,82 ,4751040 ,5528320 
2025,E25,요양병원,1 ,1 ,1 ,4140 ,6240 
2025,E25,정신병원,1 ,1 ,1 ,61600 ,77000 
2025,E26,상급종합병원,3813 ,15711 ,17306 ,1932022320 ,3139530170 
2025,E26,종합병원,1378 ,5447 ,5848 ,450437590 ,680882860 
2025,E26,한방병원,5 ,5 ,1 ,504910 ,649850 
2025,E26,의원,237 ,602 ,580 ,24457010 ,32081560 
2025,E26,병원,36 ,54 ,163 ,5331560 ,7996760 
2025,E26,요양병원,1 ,1 ,7 ,382070 ,522040 
2025,E27,상급종합병원,12697 ,40703 ,43220 ,3609310710 ,5906113070 
2025,E27,종합병원,11434 ,37897 ,43128 ,3372033450 ,5022179820 
2025,E27,한방병원,4 ,6 ,9 ,685350 ,866040 
2025,E27,치과병원,2 ,6 ,6 ,413120 ,688320 
2025,E27,의원,5977 ,12160 ,12118 ,568013040 ,768370270 
2025,E27,보건지소,3 ,6 ,6 ,28700 ,32100 
2025,E27,병원,983 ,2107 ,3233 ,315693380 ,426622370 
2025,E27,요양병원,156 ,507 ,5855 ,454888290 ,576489880 
2025,E27,보건소,3 ,4 ,4 ,21760 ,24360 
2025,E27,보건의료원,36 ,90 ,90 ,2476560 ,3332060 
2025,E27,정신병원,14 ,99 ,99 ,1825840 ,3081820 
2025,E28,상급종합병원,8989 ,23357 ,23366 ,758838810 ,2101721580 
2025,E28,종합병원,10002 ,25473 ,25283 ,1294135930 ,2376198870 
2025,E28,한방병원,32 ,42 ,39 ,1278780 ,2034320 
2025,E28,치과병원,1 ,1 ,1 ,9000 ,15000 
2025,E28,의원,74035 ,168563 ,168480 ,11308639720 ,16395228980 
2025,E28,보건지소,13 ,27 ,27 ,130950 ,144450 
2025,E28,보건진료소,2 ,4 ,4 ,11920 ,15520 
2025,E28,병원,15621 ,31119 ,31098 ,1276061360 ,2097721860 
2025,E28,요양병원,38 ,82 ,78 ,1595380 ,2530980 
2025,E28,보건소,50 ,135 ,135 ,747250 ,822150 
2025,E28,보건의료원,35 ,58 ,58 ,1744390 ,2487190 
2025,E28,정신병원,1 ,1 ,1 ,8630 ,14330 
2025,E29,상급종합병원,1414 ,6099 ,6098 ,121527600 ,317029740 
2025,E29,종합병원,2361 ,6399 ,6400 ,267020960 ,520303060 
2025,E29,한방병원,1 ,1 ,1 ,9300 ,15500 
2025,E29,의원,5016 ,11053 ,11051 ,493808790 ,698873310 
2025,E29,병원,53 ,122 ,121 ,2995560 ,4769430 
2025,E29,요양병원,1 ,2 ,2 ,129030 ,214730 
2025,E29,보건소,1 ,1 ,1 ,5590 ,6090 
2025,E29,보건의료원,3 ,3 ,3 ,156400 ,218100 
2025,E30,상급종합병원,23819 ,103184 ,102546 ,3305539790 ,9249010440 
2025,E30,종합병원,52883 ,262008 ,261203 ,13938778160 ,27471486450 
2025,E30,한방병원,37 ,174 ,174 ,15124540 ,25175440 
2025,E30,의원,73962 ,359417 ,358929 ,30492649340 ,43335799250 
2025,E30,보건지소,3 ,4 ,4 ,17800 ,21400 
2025,E30,병원,45696 ,219004 ,218823 ,16514527930 ,27093054070 
2025,E30,요양병원,31 ,132 ,132 ,9908950 ,16477950 
2025,E30,보건소,1 ,2 ,2 ,9980 ,12180 
2025,E30,보건의료원,29 ,127 ,127 ,1509080 ,2144180 
2025,E31,상급종합병원,23 ,122 ,428 ,340076090 ,371081750 
2025,E31,종합병원,2 ,10 ,9 ,318280 ,348080 
2025,E31,한방병원,1 ,1 ,1 ,228630 ,380930 
2025,E31,의원,8 ,9 ,9 ,392400 ,539120 
2025,E31,병원,3 ,7 ,16 ,4598020 ,4946160 
2025,E31,요양병원,1 ,2 ,4 ,341130 ,451220 
2025,E32,상급종합병원,1686 ,3282 ,3895 ,848049350 ,1264883090 
2025,E32,종합병원,740 ,1303 ,1552 ,348925200 ,485553780 
2025,E32,한방병원,1 ,1 ,0 ,225540 ,281920 
2025,E32,의원,168 ,212 ,204 ,10839280 ,15206380 
2025,E32,병원,108 ,144 ,298 ,20084970 ,30466490 
2025,E32,요양병원,2 ,3 ,17 ,1444060 ,1786900 
2025,E34,상급종합병원,19196 ,68599 ,70489 ,4319540370 ,8821204260 
2025,E34,종합병원,18148 ,80750 ,82802 ,6172384370 ,10048789030 
2025,E34,한방병원,9 ,10 ,8 ,684290 ,966380 
2025,E34,의원,12036 ,37891 ,38015 ,3210067350 ,4431023700 
2025,E34,병원,10500 ,36945 ,37257 ,2352330490 ,3602735630 
2025,E34,요양병원,35 ,46 ,55 ,3191390 ,4295900 
2025,E34,보건소,3 ,6 ,6 ,32340 ,36540 
2025,E34,보건의료원,3 ,3 ,3 ,39110 ,55710 
2025,E34,정신병원,1 ,13 ,0 ,576180 ,669910 
2025,E35,상급종합병원,239 ,942 ,941 ,29825310 ,82749550 
2025,E35,종합병원,325 ,715 ,715 ,31273880 ,55626610 
2025,E35,한방병원,1 ,7 ,7 ,201500 ,335200 
2025,E35,의원,885 ,1245 ,1238 ,63158410 ,88325170 
2025,E35,보건지소,1 ,4 ,4 ,19400 ,21400 
2025,E35,병원,159 ,234 ,233 ,11485680 ,18209600 
2025,E35,요양병원,1 ,1 ,1 ,8190 ,12490 
2025,E35,보건소,2 ,2 ,2 ,10580 ,12180 
2025,E35,보건의료원,52 ,61 ,61 ,2988740 ,4217240 
2025,E35,정신병원,1 ,1 ,1 ,10430 ,17230 
2025,E40,종합병원,2 ,3 ,40 ,14062510 ,16568970 
2025,E40,의원,10 ,16 ,16 ,326810 ,416310 
2025,E40,병원,2 ,10 ,243 ,28749220 ,38921020 
2025,E41,상급종합병원,19 ,91 ,121 ,16498090 ,23334870 
2025,E41,종합병원,79 ,174 ,281 ,31004250 ,42843330 
2025,E41,한방병원,24 ,24 ,22 ,1342650 ,1713840 
2025,E41,의원,6375 ,11011 ,10962 ,292204190 ,376829220 
2025,E41,보건지소,1 ,1 ,1 ,4450 ,5350 
2025,E41,보건진료소,26 ,103 ,103 ,1019420 ,1143320 
2025,E41,병원,606 ,760 ,873 ,26368080 ,38161620 
2025,E41,요양병원,20 ,55 ,355 ,32894450 ,38328900 
2025,E41,보건소,1 ,1 ,1 ,5590 ,6090 
2025,E42,상급종합병원,1 ,2 ,2 ,106960 ,221060 
2025,E42,종합병원,10 ,35 ,35 ,1252360 ,2106960 
2025,E42,의원,28 ,57 ,57 ,1436590 ,1847290 
2025,E42,병원,6 ,9 ,9 ,183530 ,301550 
2025,E42,요양병원,1 ,4 ,98 ,7277250 ,9688770 
2025,E43,상급종합병원,24 ,63 ,153 ,52032050 ,64753980 
2025,E43,종합병원,34 ,89 ,558 ,74602550 ,97254540 
2025,E43,의원,225 ,284 ,283 ,5859690 ,7916130 
2025,E43,병원,56 ,116 ,1679 ,159025270 ,213956050 
2025,E43,요양병원,14 ,23 ,284 ,21989380 ,29195840 
2025,E43,보건의료원,1 ,1 ,1 ,114880 ,163980 
2025,E43,정신병원,1 ,1 ,1 ,7590 ,12490 
2025,E44,상급종합병원,111 ,531 ,587 ,70274300 ,85569400 
2025,E44,종합병원,250 ,581 ,759 ,60363980 ,80035420 
2025,E44,한방병원,6 ,7 ,3 ,337400 ,402570 
2025,E44,의원,1164 ,1769 ,1768 ,32504740 ,42781540 
2025,E44,보건지소,9 ,14 ,14 ,86350 ,98950 
2025,E44,보건진료소,6 ,16 ,16 ,226200 ,281200 
2025,E44,병원,95 ,143 ,437 ,42184310 ,56499870 
2025,E44,요양병원,62 ,361 ,2020 ,146195540 ,182834930 
2025,E44,보건의료원,396 ,522 ,522 ,9399320 ,11889320 
2025,E44,정신병원,28 ,30 ,30 ,350300 ,566200 
2025,E45,상급종합병원,7 ,15 ,14 ,1401690 ,2383720 
2025,E45,종합병원,3 ,5 ,5 ,390320 ,580420 
2025,E45,의원,32 ,39 ,39 ,602940 ,757440 
2025,E45,병원,10 ,15 ,14 ,275500 ,379420 
2025,E46,상급종합병원,279 ,559 ,1015 ,310062260 ,391733870 
2025,E46,종합병원,798 ,2489 ,3289 ,354508690 ,473611520 
2025,E46,한방병원,46 ,54 ,31 ,1823570 ,2385650 
2025,E46,치과병원,1 ,2 ,2 ,42530 ,70730 
2025,E46,의원,5570 ,8746 ,8748 ,216521660 ,284678810 
2025,E46,보건지소,1 ,1 ,1 ,4450 ,5350 
2025,E46,보건진료소,43 ,88 ,88 ,2922940 ,4151140 
2025,E46,병원,899 ,1486 ,1786 ,56983600 ,82247800 
2025,E46,요양병원,94 ,212 ,1936 ,133644890 ,176868730 
2025,E46,보건의료원,2 ,3 ,3 ,144540 ,206240 
2025,E46,정신병원,26 ,62 ,62 ,1626520 ,2655820 
2025,E50,상급종합병원,527 ,934 ,931 ,20814270 ,66238150 
2025,E50,종합병원,1730 ,2765 ,2740 ,57531300 ,110121950 
2025,E50,한방병원,606 ,1027 ,1012 ,13039360 ,21001860 
2025,E50,치과병원,6 ,9 ,9 ,200650 ,332450 
2025,E50,의원,33915 ,52354 ,52343 ,1423746620 ,1983801570 
2025,E50,보건지소,311 ,471 ,471 ,4530290 ,5686990 
2025,E50,보건진료소,439 ,767 ,767 ,7095160 ,8711260 
2025,E50,병원,3092 ,4882 ,4862 ,59840130 ,93761750 
2025,E50,요양병원,1050 ,1740 ,2360 ,56792450 ,80902030 
2025,E50,보건소,738 ,1056 ,1056 ,5904340 ,6439140 
2025,E50,치과의원,4 ,8 ,8 ,13800 ,19600 
2025,E50,보건의료원,15 ,29 ,29 ,385410 ,492310 
2025,E50,정신병원,63 ,99 ,114 ,4649730 ,6156400 
2025,E51,상급종합병원,257 ,668 ,1635 ,656500800 ,881065110 
2025,E51,종합병원,501 ,1472 ,4179 ,999914270 ,1320195900 
2025,E51,한방병원,5 ,29 ,702 ,141938760 ,181902740 
2025,E51,의원,511 ,1040 ,1040 ,30266700 ,40537660 
2025,E51,병원,162 ,685 ,5328 ,934398800 ,1175756020 
2025,E51,요양병원,153 ,841 ,16899 ,1277989580 ,1701742670 
2025,E51,보건의료원,1 ,5 ,5 ,161130 ,202130 
2025,E51,정신병원,8 ,23 ,368 ,31196170 ,41639880 
2025,E52,종합병원,5 ,9 ,8 ,1052130 ,1954850 
2025,E52,의원,5 ,22 ,22 ,258940 ,327840 
2025,E53,상급종합병원,399 ,1131 ,1151 ,40353800 ,88541880 
2025,E53,종합병원,1185 ,2879 ,2905 ,124882510 ,201558800 
2025,E53,한방병원,5 ,5 ,4 ,90880 ,148790 
2025,E53,치과병원,13 ,21 ,21 ,357210 ,592810 
2025,E53,의원,7605 ,11947 ,11982 ,364043430 ,507520120 
2025,E53,보건진료소,16 ,50 ,50 ,1261880 ,1800880 
2025,E53,병원,630 ,948 ,1011 ,61725290 ,80431640 
2025,E53,요양병원,60 ,95 ,451 ,52027440 ,68072240 
2025,E53,보건소,11 ,21 ,21 ,115590 ,127890 
2025,E53,치과의원,2 ,4 ,4 ,67270 ,95770 
2025,E53,보건의료원,45 ,72 ,72 ,1963460 ,2656960 
2025,E53,정신병원,30 ,51 ,38 ,1749160 ,2361580 
2025,E54,상급종합병원,2 ,7 ,7 ,170800 ,514170 
2025,E54,종합병원,34 ,70 ,66 ,1809400 ,3535940 
2025,E54,한방병원,46 ,52 ,50 ,2047990 ,2549280 
2025,E54,의원,948 ,1579 ,1579 ,39248990 ,54653930 
2025,E54,보건진료소,6 ,12 ,12 ,364060 ,519660 
2025,E54,병원,52 ,71 ,74 ,952330 ,1521480 
2025,E54,요양병원,18 ,44 ,44 ,1775930 ,2163630 
2025,E55,상급종합병원,17621 ,49795 ,49721 ,2720107520 ,5479802400 
2025,E55,종합병원,24356 ,57019 ,56738 ,1881060130 ,3512404350 
2025,E55,한방병원,490 ,616 ,546 ,14133280 ,20589350 
2025,E55,치과병원,92 ,131 ,131 ,3009310 ,4775610 
2025,E55,의원,216346 ,337053 ,337059 ,7108058110 ,9807806410 
2025,E55,보건지소,121 ,219 ,219 ,7463890 ,10336290 
2025,E55,보건진료소,3 ,47 ,47 ,452140 ,494440 
2025,E55,병원,22285 ,32843 ,32891 ,680152610 ,1105090670 
2025,E55,요양병원,396 ,671 ,683 ,11900380 ,18490520 
2025,E55,보건소,568 ,882 ,882 ,4952410 ,5418710 
2025,E55,치과의원,10 ,13 ,13 ,173880 ,237680 
2025,E55,보건의료원,81 ,103 ,103 ,1988330 ,2573130 
2025,E55,정신병원,87 ,173 ,172 ,2517640 ,4000820 
2025,E56,상급종합병원,333 ,924 ,921 ,28651300 ,76085490 
2025,E56,종합병원,1386 ,3249 ,3157 ,103441070 ,154278030 
2025,E56,한방병원,42 ,49 ,23 ,2785240 ,3615340 
2025,E56,치과병원,1 ,2 ,2 ,51540 ,85840 
2025,E56,의원,11779 ,19575 ,19590 ,451645210 ,601723830 
2025,E56,보건지소,7 ,8 ,8 ,270000 ,375800 
2025,E56,보건진료소,120 ,570 ,570 ,13016000 ,18164200 
2025,E56,병원,1249 ,1623 ,1594 ,33781500 ,53982700 
2025,E56,요양병원,87 ,137 ,199 ,7128610 ,9838010 
2025,E56,보건소,19 ,40 ,40 ,222400 ,243600 
2025,E56,보건의료원,69 ,71 ,71 ,1259160 ,1548460 
2025,E56,정신병원,4 ,5 ,5 ,73840 ,108440 
2025,E58,상급종합병원,594 ,1957 ,1955 ,81226020 ,210504970 
2025,E58,종합병원,981 ,2062 ,2054 ,64754900 ,121859910 
2025,E58,한방병원,2 ,10 ,10 ,96590 ,160890 
2025,E58,의원,5814 ,11886 ,11886 ,252266280 ,337860350 
2025,E58,보건지소,112 ,285 ,285 ,28179900 ,40110000 
2025,E58,보건진료소,3 ,13 ,13 ,256540 ,365840 
2025,E58,병원,713 ,928 ,910 ,18030990 ,29706660 
2025,E58,요양병원,20 ,45 ,45 ,369840 ,541140 
2025,E58,보건소,197 ,309 ,309 ,1724120 ,1880220 
2025,E58,보건의료원,22 ,29 ,29 ,916640 ,1246440 
2025,E59,상급종합병원,14 ,30 ,30 ,556700 ,1815200 
2025,E59,종합병원,3 ,3 ,3 ,91660 ,183160 
2025,E59,의원,100 ,172 ,172 ,6490040 ,9035050 
2025,E59,병원,23 ,29 ,29 ,1034220 ,1622050 
2025,E59,요양병원,7 ,52 ,52 ,455570 ,725500 
2025,E60,상급종합병원,15 ,24 ,24 ,666610 ,1521240 
2025,E60,종합병원,206 ,445 ,445 ,14935130 ,27636520 
2025,E60,의원,187 ,299 ,299 ,9927560 ,13684230 
2025,E60,병원,28 ,32 ,32 ,813470 ,1306270 
2025,E60,요양병원,1 ,1 ,1 ,9020 ,14920 
2025,E61,상급종합병원,281 ,658 ,681 ,39451210 ,69122250 
2025,E61,종합병원,983 ,2414 ,2432 ,77566560 ,132576100 
2025,E61,한방병원,43 ,56 ,49 ,2177770 ,2880260 
2025,E61,의원,7986 ,13348 ,13337 ,355191360 ,481754230 
2025,E61,보건지소,1 ,2 ,2 ,9700 ,10700 
2025,E61,보건진료소,83 ,291 ,291 ,8196600 ,11656800 
2025,E61,병원,530 ,759 ,956 ,30127950 ,41349730 
2025,E61,요양병원,61 ,115 ,117 ,3032030 ,4447550 
2025,E61,보건소,12 ,17 ,17 ,90630 ,105030 
2025,E61,보건의료원,10 ,13 ,13 ,238160 ,311460 
2025,E61,정신병원,8 ,8 ,8 ,85600 ,129300 
2025,E63,상급종합병원,237 ,585 ,585 ,13993520 ,35473930 
2025,E63,종합병원,1613 ,3416 ,4116 ,377326580 ,504118640 
2025,E63,한방병원,282 ,475 ,524 ,16591480 ,23223490 
2025,E63,치과병원,19 ,36 ,36 ,1068340 ,1754840 
2025,E63,의원,40905 ,68739 ,68734 ,1683054750 ,2188507610 
2025,E63,보건지소,83 ,115 ,115 ,907100 ,1093700 
2025,E63,보건진료소,144 ,478 ,478 ,9962340 ,13707040 
2025,E63,병원,1754 ,2767 ,3064 ,163622790 ,224578880 
2025,E63,요양병원,583 ,2145 ,2961 ,129351640 ,170161070 
2025,E63,보건소,3 ,10 ,10 ,55900 ,60900 
2025,E63,보건의료원,8 ,15 ,15 ,223800 ,260300 
2025,E63,정신병원,19 ,39 ,45 ,2206100 ,2662110 
2025,E64,상급종합병원,1 ,6 ,6 ,194270 ,406970 
2025,E64,종합병원,14 ,27 ,26 ,938270 ,1326240 
2025,E64,한방병원,8 ,10 ,10 ,136720 ,202120 
2025,E64,의원,2200 ,3718 ,3717 ,77377440 ,102032460 
2025,E64,보건진료소,3 ,5 ,5 ,131980 ,182080 
2025,E64,병원,44 ,55 ,57 ,1478100 ,2161810 
2025,E64,요양병원,10 ,95 ,96 ,866050 ,1428000 
2025,E64,보건소,1 ,1 ,1 ,5590 ,6090 
2025,E64,치과의원,3 ,3 ,2 ,28100 ,31760 
2025,E64,보건의료원,1 ,3 ,3 ,14880 ,19380 
2025,E64,정신병원,4 ,4 ,4 ,90080 ,119280 
2025,E65,상급종합병원,177 ,593 ,602 ,15724070 ,41296740 
2025,E65,종합병원,181 ,333 ,336 ,10382880 ,17501540 
2025,E65,의원,236 ,317 ,317 ,9519640 ,13426950 
2025,E65,병원,16 ,19 ,21 ,1086480 ,1605470 
2025,E65,보건의료원,1 ,1 ,1 ,16260 ,18060 
2025,E66,상급종합병원,5444 ,18706 ,21774 ,5028435730 ,7561637660 
2025,E66,종합병원,4803 ,12913 ,16820 ,6575523280 ,9217965240 
2025,E66,한방병원,126 ,203 ,202 ,1851150 ,3036630 
2025,E66,치과병원,5 ,9 ,9 ,279130 ,474380 
2025,E66,의원,20158 ,33037 ,33024 ,792908750 ,1125328960 
2025,E66,보건지소,45 ,78 ,78 ,371600 ,444600 
2025,E66,보건진료소,23 ,46 ,46 ,119200 ,155200 
2025,E66,병원,1797 ,3683 ,5698 ,3459666310 ,5064234730 
2025,E66,요양병원,91 ,163 ,515 ,28772170 ,39006840 
2025,E66,보건소,84 ,142 ,142 ,592860 ,694260 
2025,E66,치과의원,1 ,1 ,1 ,0 ,0 
2025,E66,보건의료원,14 ,18 ,18 ,201620 ,287120 
2025,E66,정신병원,43 ,57 ,57 ,769820 ,1210620 
2025,E67,상급종합병원,30 ,73 ,77 ,6096330 ,9100810 
2025,E67,종합병원,75 ,125 ,126 ,5190530 ,9134410 
2025,E67,한방병원,1 ,1 ,1 ,50310 ,83710 
2025,E67,의원,218 ,263 ,264 ,6887700 ,8979970 
2025,E67,병원,46 ,69 ,73 ,4723730 ,6433170 
2025,E67,요양병원,1 ,1 ,1 ,10430 ,17230 
2025,E67,보건의료원,1 ,1 ,1 ,16260 ,18060 
2025,E68,의원,12 ,31 ,31 ,384970 ,526970 
2025,E68,병원,2 ,2 ,2 ,31240 ,51840 
2025,E70,상급종합병원,251 ,948 ,991 ,1120970200 ,1241460290 
2025,E70,종합병원,216 ,1323 ,1334 ,3060694900 ,3400117060 
2025,E70,의원,84 ,358 ,357 ,13882100 ,16294400 
2025,E70,보건진료소,1 ,2 ,2 ,19240 ,21040 
2025,E70,병원,53 ,122 ,135 ,72232180 ,79331770 
2025,E71,상급종합병원,475 ,3196 ,4129 ,1668586300 ,1843035010 
2025,E71,종합병원,96 ,758 ,796 ,122917400 ,139859120 
2025,E71,한방병원,1 ,1 ,0 ,115690 ,128540 
2025,E71,치과병원,1 ,4 ,4 ,95360 ,105760 
2025,E71,의원,96 ,645 ,640 ,39652260 ,44480980 
2025,E71,병원,190 ,1282 ,1470 ,366825510 ,407555400 
2025,E71,요양병원,6 ,339 ,707 ,71183670 ,84147260 
2025,E72,상급종합병원,580 ,3521 ,4631 ,2872872810 ,3170849890 
2025,E72,종합병원,271 ,1243 ,1842 ,478756170 ,570661440 
2025,E72,치과병원,2 ,7 ,7 ,680940 ,714740 
2025,E72,의원,222 ,807 ,807 ,70453100 ,81511940 
2025,E72,병원,128 ,607 ,687 ,139109680 ,155516460 
2025,E72,요양병원,6 ,87 ,236 ,24359900 ,28455940 
2025,E73,상급종합병원,68 ,121 ,125 ,8159590 ,10152030 
2025,E73,종합병원,118 ,180 ,231 ,59389450 ,61107960 
2025,E73,의원,1389 ,1973 ,1972 ,45277880 ,49475280 
2025,E73,보건지소,1 ,1 ,1 ,12900 ,18300 
2025,E73,병원,448 ,578 ,589 ,19368530 ,22176380 
2025,E73,요양병원,3 ,5 ,5 ,71030 ,78530 
2025,E74,상급종합병원,526 ,3221 ,4026 ,14554439810 ,16043018900 
2025,E74,종합병원,141 ,823 ,931 ,2769551790 ,3061909300 
2025,E74,한방병원,1 ,1 ,8 ,1034180 ,1407730 
2025,E74,치과병원,2 ,5 ,5 ,372190 ,405790 
2025,E74,의원,437 ,731 ,730 ,18769030 ,23709760 
2025,E74,보건진료소,1 ,5 ,5 ,187900 ,268400 
2025,E74,병원,104 ,235 ,327 ,50606510 ,56752070 
2025,E74,요양병원,2 ,15 ,143 ,22719900 ,24467460 
2025,E75,상급종합병원,925 ,10053 ,11336 ,52690069180 ,58507927100 
2025,E75,종합병원,299 ,3197 ,3319 ,10145080090 ,11275580320 
2025,E75,한방병원,1 ,2 ,2 ,33290 ,36890 
2025,E75,치과병원,1 ,2 ,2 ,53980 ,59880 
2025,E75,의원,423 ,2099 ,2099 ,179748620 ,201557720 
2025,E75,병원,144 ,1148 ,1513 ,128601780 ,149986210 
2025,E75,요양병원,14 ,378 ,1133 ,140745150 ,158518100 
2025,E75,보건소,1 ,1 ,1 ,4990 ,6090 
2025,E76,상급종합병원,167 ,6673 ,6970 ,44932722170 ,49492319720 
2025,E76,종합병원,34 ,1542 ,1571 ,7886737120 ,8772292010 
2025,E76,치과병원,4 ,7 ,7 ,1814150 ,2499930 
2025,E76,의원,39 ,660 ,660 ,40916700 ,45683100 
2025,E76,병원,26 ,653 ,651 ,859815660 ,955882340 
2025,E76,요양병원,2 ,90 ,90 ,4734050 ,5254350 
2025,E76,정신병원,1 ,12 ,12 ,940810 ,1044710 
2025,E77,상급종합병원,47 ,482 ,531 ,67053500 ,74077080 
2025,E77,종합병원,10 ,431 ,431 ,21896610 ,25891310 
2025,E77,치과병원,2 ,6 ,6 ,671230 ,702830 
2025,E77,의원,16 ,129 ,130 ,17304060 ,19690710 
2025,E77,병원,6 ,32 ,32 ,1495330 ,1693330 
2025,E77,요양병원,2 ,39 ,39 ,1682480 ,1868080 
2025,E78,상급종합병원,12170 ,27222 ,25325 ,711989160 ,1958292500 
2025,E78,종합병원,268979 ,709555 ,705944 ,17947428830 ,34770124240 
2025,E78,한방병원,2125 ,4431 ,3962 ,110253880 ,166602020 
2025,E78,치과병원,179 ,369 ,369 ,10532730 ,17616210 
2025,E78,의원,2874450 ,9594629 ,9593061 ,222513260730 ,307376326920 
2025,E78,보건지소,10931 ,33128 ,33128 ,2272873970 ,3221705370 
2025,E78,보건진료소,3615 ,27255 ,27255 ,994449980 ,1401151980 
2025,E78,병원,334776 ,890778 ,893897 ,23640095560 ,38627838170 
2025,E78,요양병원,8201 ,24356 ,39556 ,1506280090 ,2122678840 
2025,E78,보건소,43705 ,126250 ,126250 ,698964660 ,776161060 
2025,E78,치과의원,3 ,6 ,6 ,19360 ,27460 
2025,E78,보건의료원,6326 ,18518 ,18533 ,461332650 ,622878320 
2025,E78,정신병원,1955 ,7170 ,7877 ,235500440 ,340186440 
2025,E79,상급종합병원,3038 ,7683 ,7705 ,245986950 ,560339300 
2025,E79,종합병원,4142 ,10747 ,10786 ,328404400 ,617800030 
2025,E79,한방병원,18 ,18 ,10 ,502480 ,731050 
2025,E79,치과병원,4 ,6 ,6 ,92770 ,127870 
2025,E79,의원,17632 ,26679 ,26672 ,1236547430 ,1738645870 
2025,E79,보건지소,1 ,2 ,2 ,9700 ,10700 
2025,E79,병원,657 ,1155 ,1185 ,33501190 ,52182390 
2025,E79,요양병원,17 ,109 ,112 ,5474410 ,6434500 
2025,E79,보건소,37 ,71 ,71 ,388190 ,432390 
2025,E79,보건의료원,16 ,27 ,27 ,850530 ,1201430 
2025,E79,정신병원,3 ,6 ,5 ,265260 ,395410 
2025,E80,상급종합병원,1244 ,2891 ,2985 ,175119890 ,322577880 
2025,E80,종합병원,1632 ,3377 ,3450 ,191414660 ,330751450 
2025,E80,한방병원,4 ,5 ,5 ,125770 ,209370 
2025,E80,의원,947 ,1246 ,1234 ,48671790 ,69525840 
2025,E80,병원,223 ,305 ,316 ,20084170 ,29854620 
2025,E80,요양병원,7 ,9 ,38 ,4175940 ,4981630 
2025,E80,보건의료원,1 ,1 ,1 ,11260 ,16060 
2025,E83,상급종합병원,7718 ,26184 ,27769 ,14999937160 ,17522738190 
2025,E83,종합병원,9078 ,20526 ,21699 ,2824024480 ,3781943250 
2025,E83,한방병원,26 ,34 ,31 ,786470 ,1121720 
2025,E83,치과병원,8 ,14 ,14 ,394340 ,513140 
2025,E83,의원,23945 ,43674 ,43625 ,1098438060 ,1483823690 
2025,E83,보건지소,16 ,44 ,44 ,795340 ,1072340 
2025,E83,병원,7487 ,11886 ,12270 ,354074600 ,521359890 
2025,E83,요양병원,65 ,160 ,1799 ,193029720 ,220454930 
2025,E83,보건소,38 ,62 ,62 ,344780 ,377580 
2025,E83,보건의료원,155 ,292 ,292 ,4797300 ,5881100 
2025,E83,정신병원,12 ,41 ,345 ,1330310 ,1844530 
2025,E84,상급종합병원,41 ,516 ,784 ,255375710 ,280423700 
2025,E84,종합병원,19 ,27 ,91 ,25549750 ,31364200 
2025,E84,치과병원,10 ,21 ,21 ,1254030 ,2088830 
2025,E84,의원,47 ,64 ,63 ,1925580 ,2651960 
2025,E84,병원,10 ,17 ,38 ,2420980 ,3003090 
2025,E84,요양병원,2 ,6 ,66 ,4424930 ,5587410 
2025,E85,상급종합병원,1412 ,8428 ,11932 ,5669514010 ,6478176520 
2025,E85,종합병원,352 ,1478 ,2533 ,851869360 ,1007732240 
2025,E85,치과병원,1 ,1 ,1 ,13520 ,22520 
2025,E85,의원,101 ,282 ,276 ,14479240 ,17639390 
2025,E85,병원,27 ,59 ,93 ,14841370 ,18004530 
2025,E85,요양병원,22 ,141 ,1858 ,215370170 ,254606370 
2025,E86,상급종합병원,2005 ,2771 ,3534 ,1257362120 ,1518178990 
2025,E86,종합병원,11059 ,22499 ,27243 ,2827483850 ,3853134340 
2025,E86,한방병원,578 ,896 ,881 ,36540240 ,48659160 
2025,E86,치과병원,97 ,112 ,112 ,2726340 ,4534340 
2025,E86,의원,136933 ,225621 ,225965 ,7216733160 ,9626846360 
2025,E86,보건지소,13 ,17 ,17 ,121700 ,148300 
2025,E86,보건진료소,20 ,32 ,32 ,166120 ,192220 
2025,E86,병원,18375 ,23006 ,28049 ,2181049750 ,2802850080 
2025,E86,요양병원,3486 ,13345 ,14280 ,576659110 ,729845380 
2025,E86,보건의료원,958 ,1293 ,1383 ,35107930 ,43063640 
2025,E86,정신병원,105 ,130 ,183 ,12567400 ,17361200 
2025,E87,상급종합병원,9034 ,21417 ,32048 ,9719781740 ,12696777760 
2025,E87,종합병원,27767 ,62586 ,137395 ,33324429030 ,43413330980 
2025,E87,한방병원,144 ,214 ,183 ,4954480 ,6874890 
2025,E87,치과병원,10 ,13 ,13 ,632800 ,1053900 
2025,E87,의원,28899 ,61390 ,61735 ,2666442360 ,3419167870 
2025,E87,보건지소,3 ,3 ,3 ,15200 ,17900 
2025,E87,보건진료소,3 ,3 ,3 ,17240 ,19940 
2025,E87,병원,5874 ,9554 ,20871 ,2420037300 ,3231837890 
2025,E87,요양병원,5012 ,11470 ,31786 ,2103236340 ,2798105090 
2025,E87,보건소,9 ,25 ,25 ,138550 ,152250 
2025,E87,보건의료원,385 ,554 ,561 ,10259450 ,12731720 
2025,E87,정신병원,173 ,330 ,909 ,57561650 ,76746320 
2025,E88,상급종합병원,30793 ,91399 ,92105 ,2307066870 ,6049196980 
2025,E88,종합병원,23841 ,69717 ,71161 ,2859149410 ,4970051430 
2025,E88,한방병원,6 ,7 ,4 ,253040 ,348000 
2025,E88,치과병원,4 ,7 ,7 ,367560 ,612160 
2025,E88,의원,3749 ,8442 ,8455 ,464955520 ,618995300 
2025,E88,보건지소,2 ,4 ,4 ,40900 ,55500 
2025,E88,보건진료소,1 ,2 ,2 ,17580 ,19380 
2025,E88,병원,4453 ,7240 ,7669 ,682677420 ,1080175920 
2025,E88,요양병원,50 ,80 ,582 ,46952190 ,62360260 
2025,E88,보건소,7 ,8 ,8 ,41120 ,48720 
2025,E88,보건의료원,13 ,19 ,19 ,940570 ,1292040 
2025,E88,정신병원,6 ,12 ,12 ,1387570 ,1787810 
2025,E89,상급종합병원,18286 ,48501 ,48555 ,1418472300 ,3595634150 
2025,E89,종합병원,27087 ,76741 ,76948 ,2746710260 ,5259638960 
2025,E89,한방병원,16 ,54 ,51 ,1032490 ,1617840 
2025,E89,의원,12966 ,39075 ,39068 ,1276504960 ,1774812230 
2025,E89,보건지소,25 ,57 ,57 ,279010 ,307910 
2025,E89,병원,3754 ,9289 ,9357 ,389327360 ,624607510 
2025,E89,요양병원,71 ,275 ,352 ,12635460 ,17446670 
2025,E89,보건소,39 ,79 ,79 ,440710 ,481110 
2025,E89,보건의료원,62 ,173 ,173 ,3965980 ,5344530 
2025,E89,정신병원,9 ,32 ,61 ,3016400 ,4055470 
2025,E90,상급종합병원,610 ,1953 ,1953 ,39788850 ,127267650 
2025,E90,종합병원,43 ,58 ,58 ,1850630 ,3423330 
2025,E90,한방병원,1 ,1 ,0 ,19850 ,24810 
2025,E90,의원,100 ,213 ,227 ,4566720 ,6114810 
2025,E90,병원,4 ,4 ,4 ,148090 ,230670 
2025,E90,요양병원,3 ,3 ,1 ,643400 ,790360 
2025,E90,정신병원,33 ,58 ,58 ,587250 ,969950 
2025,F00,상급종합병원,39354 ,133538 ,136809 ,9436262180 ,16578681070 
2025,F00,종합병원,206476 ,905475 ,931334 ,44728112010 ,70498604010 
2025,F00,한방병원,868 ,5170 ,45670 ,5578141790 ,7213266530 
2025,F00,치과병원,2 ,2 ,2 ,207750 ,397970 
2025,F00,의원,266753 ,1629630 ,1636971 ,58286205320 ,75509342570 
2025,F00,보건지소,165 ,545 ,545 ,3394310 ,3837810 
2025,F00,보건진료소,2 ,4 ,4 ,191120 ,272820 
2025,F00,병원,91282 ,439073 ,596173 ,35521139280 ,48899232720 
2025,F00,요양병원,159819 ,1159695 ,20652438 ,1408393627880 ,1865263156340 
2025,F00,보건소,699 ,2201 ,2201 ,12303940 ,13410440 
2025,F00,보건의료원,2908 ,10710 ,10746 ,323842910 ,422384340 
2025,F00,정신병원,15523 ,92398 ,391880 ,29904350830 ,39939971590 
2025,F01,상급종합병원,4079 ,12584 ,13058 ,1057334720 ,1613858080 
2025,F01,종합병원,7400 ,26454 ,28658 ,1785229360 ,2581578980 
2025,F01,한방병원,14 ,54 ,490 ,52652430 ,69442910 
2025,F01,치과병원,2 ,2 ,2 ,209120 ,400240 
2025,F01,의원,6839 ,22263 ,22316 ,840673730 ,1084538350 
2025,F01,보건지소,11 ,20 ,20 ,1096680 ,1551480 
2025,F01,병원,1583 ,5462 ,10755 ,1035121110 ,1364411420 
2025,F01,요양병원,1786 ,10321 ,227557 ,16420989120 ,21695018440 
2025,F01,보건소,28 ,62 ,62 ,345180 ,377580 
2025,F01,보건의료원,48 ,125 ,211 ,12302320 ,15956630 
2025,F01,정신병원,277 ,1386 ,9783 ,726733080 ,974222650 
2025,F02,상급종합병원,1026 ,3056 ,3710 ,505936840 ,682058200 
2025,F02,종합병원,1369 ,4731 ,5759 ,398608810 ,580127260 
2025,F02,한방병원,12 ,76 ,438 ,42647310 ,57943030 
2025,F02,의원,1419 ,4656 ,4654 ,235314400 ,302522710 
2025,F02,보건지소,2 ,2 ,2 ,9700 ,10700 
2025,F02,병원,259 ,864 ,1977 ,149510650 ,193118880 
2025,F02,요양병원,497 ,2715 ,48309 ,3846063800 ,4857079260 
2025,F02,보건소,4 ,6 ,6 ,33540 ,36540 
2025,F02,보건의료원,16 ,35 ,35 ,2383660 ,3098660 
2025,F02,정신병원,148 ,711 ,6672 ,552794100 ,703966990 
2025,F03,상급종합병원,7921 ,20800 ,21274 ,1598230920 ,3491591220 
2025,F03,종합병원,27200 ,85419 ,88230 ,5235364920 ,9091020650 
2025,F03,한방병원,397 ,1861 ,1974 ,98437760 ,122977820 
2025,F03,치과병원,2 ,2 ,2 ,157590 ,288450 
2025,F03,의원,22576 ,66948 ,67324 ,3532446520 ,4628919890 
2025,F03,보건지소,120 ,247 ,247 ,11780140 ,16429740 
2025,F03,보건진료소,17 ,33 ,33 ,120740 ,161240 
2025,F03,병원,5831 ,11370 ,14088 ,1204015450 ,1786478410 
2025,F03,요양병원,9297 ,47945 ,821101 ,56317064430 ,74710753500 
2025,F03,보건소,325 ,570 ,570 ,2599840 ,2909640 
2025,F03,보건의료원,184 ,359 ,412 ,22809210 ,30814940 
2025,F03,정신병원,1813 ,8228 ,28782 ,2111351440 ,2815190700 
2025,F04,상급종합병원,6 ,17 ,17 ,609170 ,1381690 
2025,F04,종합병원,38 ,104 ,109 ,10119420 ,15903400 
2025,F04,의원,64 ,271 ,271 ,7171520 ,9351140 
2025,F04,병원,5 ,29 ,735 ,48241460 ,65259240 
2025,F04,정신병원,1 ,1 ,3 ,297570 ,384130 
2025,F05,상급종합병원,1513 ,3887 ,4438 ,719515730 ,1026800350 
2025,F05,종합병원,6443 ,16374 ,20742 ,1911051950 ,2782983610 
2025,F05,한방병원,11 ,36 ,27 ,1708120 ,2136470 
2025,F05,의원,1893 ,5522 ,5521 ,248178740 ,317804220 
2025,F05,보건지소,1 ,1 ,1 ,4450 ,5350 
2025,F05,병원,774 ,1674 ,4662 ,418337430 ,576464220 
2025,F05,요양병원,451 ,1476 ,22275 ,1682868880 ,2211921830 
2025,F05,보건소,3 ,7 ,7 ,39130 ,42630 
2025,F05,보건의료원,20 ,41 ,41 ,1025650 ,1358750 
2025,F05,정신병원,397 ,1396 ,5325 ,415614920 ,548289590 
2025,F06,상급종합병원,38619 ,111027 ,112703 ,5870377990 ,13479099240 
2025,F06,종합병원,72037 ,208884 ,211176 ,11919320620 ,22182909100 
2025,F06,한방병원,135 ,351 ,1748 ,149938810 ,200389890 
2025,F06,치과병원,92 ,101 ,101 ,16145410 ,18988570 
2025,F06,의원,197385 ,584036 ,588052 ,17580776420 ,22930517980 
2025,F06,보건지소,1837 ,4055 ,4055 ,179403910 ,251477110 
2025,F06,보건진료소,2 ,2 ,2 ,17580 ,19380 
2025,F06,병원,16638 ,36083 ,42164 ,2421851590 ,3733857650 
2025,F06,요양병원,1908 ,4685 ,22166 ,1162491630 ,1702579000 
2025,F06,보건소,5672 ,11009 ,11009 ,61233550 ,66886250 
2025,F06,치과의원,12 ,18 ,18 ,5387230 ,5876030 
2025,F06,보건의료원,1250 ,2775 ,2775 ,77713950 ,106356810 
2025,F06,정신병원,2712 ,13459 ,91996 ,6894122350 ,9044398350 
2025,F07,상급종합병원,786 ,2238 ,2422 ,184359400 ,320401080 
2025,F07,종합병원,1914 ,4868 ,6074 ,418170280 ,608100980 
2025,F07,한방병원,17 ,92 ,157 ,13585300 ,16388380 
2025,F07,치과병원,52 ,58 ,58 ,56574700 ,75283610 
2025,F07,의원,2707 ,6544 ,6993 ,255148160 ,338195920 
2025,F07,보건지소,6 ,14 ,14 ,526300 ,740900 
2025,F07,보건진료소,8 ,14 ,14 ,98160 ,110760 
2025,F07,병원,786 ,1283 ,3549 ,281493790 ,380735120 
2025,F07,요양병원,126 ,365 ,5042 ,383409380 ,504683670 
2025,F07,보건소,12 ,105 ,105 ,196200 ,253800 
2025,F07,보건의료원,46 ,65 ,65 ,4272860 ,6039160 
2025,F07,정신병원,311 ,2076 ,27574 ,2056119000 ,2702101790 
2025,F09,상급종합병원,177 ,795 ,909 ,98400000 ,157859390 
2025,F09,종합병원,339 ,1537 ,2595 ,273594130 ,361962610 
2025,F09,한방병원,1 ,1 ,1 ,3600 ,5700 
2025,F09,의원,252 ,1125 ,1125 ,47013790 ,60758220 
2025,F09,병원,19 ,43 ,136 ,7318370 ,9960110 
2025,F09,요양병원,27 ,116 ,844 ,68788600 ,91130750 
2025,F09,정신병원,201 ,800 ,7969 ,652349430 ,859947920 
2025,F10,상급종합병원,3189 ,11290 ,13546 ,1925138600 ,2833990080 
2025,F10,종합병원,10888 ,34050 ,55116 ,5898250090 ,8224045070 
2025,F10,한방병원,52 ,249 ,5138 ,444837210 ,582943830 
2025,F10,의원,21474 ,109606 ,120340 ,7253363910 ,9402775040 
2025,F10,보건지소,7 ,9 ,9 ,52350 ,59250 
2025,F10,보건진료소,2 ,2 ,2 ,47200 ,64200 
2025,F10,병원,2020 ,7240 ,62254 ,4964678890 ,6512748380 
2025,F10,요양병원,333 ,1526 ,26349 ,1653088040 ,2255121220 
2025,F10,보건소,3 ,5 ,5 ,27950 ,30450 
2025,F10,보건의료원,83 ,300 ,300 ,10899010 ,13457010 
2025,F10,정신병원,25837 ,152176 ,1335643 ,105678070280 ,140217050490 
2025,F11,상급종합병원,69 ,321 ,426 ,64505310 ,90894810 
2025,F11,종합병원,52 ,209 ,306 ,46995470 ,60660330 
2025,F11,의원,47 ,222 ,222 ,16244340 ,21244340 
2025,F11,요양병원,1 ,2 ,2 ,30140 ,50140 
2025,F11,정신병원,92 ,501 ,1789 ,159604790 ,217449200 
2025,F12,상급종합병원,8 ,55 ,55 ,3448800 ,7868800 
2025,F12,종합병원,11 ,41 ,41 ,1455180 ,2907060 
2025,F12,의원,57 ,261 ,261 ,24613500 ,32739440 
2025,F12,병원,1 ,1 ,1 ,8960 ,14860 
2025,F12,정신병원,182 ,1103 ,1815 ,148193300 ,209015930 
2025,F13,상급종합병원,462 ,892 ,1501 ,583941430 ,767908060 
2025,F13,종합병원,1284 ,2164 ,3687 ,1091967390 ,1441499030 
2025,F13,치과병원,1 ,1 ,1 ,0 ,0 
2025,F13,의원,214 ,1464 ,1466 ,102111420 ,132149650 
2025,F13,병원,85 ,145 ,417 ,55485470 ,76037910 
2025,F13,요양병원,14 ,40 ,507 ,34229280 ,49375960 
2025,F13,정신병원,162 ,965 ,3624 ,299693160 ,404924720 
2025,F14,상급종합병원,1 ,3 ,3 ,190240 ,357740 
2025,F14,종합병원,2 ,3 ,3 ,253350 ,436950 
2025,F14,의원,9 ,12 ,12 ,602590 ,786490 
2025,F14,정신병원,12 ,74 ,76 ,4990140 ,6990790 
2025,F15,상급종합병원,62 ,190 ,304 ,70802460 ,94519240 
2025,F15,종합병원,112 ,424 ,531 ,69833740 ,94260710 
2025,F15,의원,108 ,629 ,629 ,46878520 ,60182420 
2025,F15,병원,10 ,12 ,53 ,4913120 ,6637700 
2025,F15,정신병원,486 ,3379 ,6927 ,509424830 ,700233730 
2025,F16,상급종합병원,16 ,78 ,88 ,11579140 ,18104790 
2025,F16,종합병원,12 ,24 ,29 ,2757710 ,4091670 
2025,F16,의원,103 ,615 ,615 ,55427240 ,73284880 
2025,F16,병원,3 ,8 ,25 ,2060200 ,2745320 
2025,F16,보건의료원,1 ,1 ,1 ,11410 ,12910 
2025,F16,정신병원,221 ,1374 ,4132 ,411413340 ,569929350 
2025,F17,상급종합병원,328 ,653 ,654 ,10895830 ,30593990 
2025,F17,종합병원,354 ,649 ,654 ,20635260 ,33695560 
2025,F17,한방병원,2 ,2 ,1 ,30010 ,42780 
2025,F17,치과병원,2 ,2 ,2 ,2572840 ,3011740 
2025,F17,의원,1109 ,2006 ,2085 ,45521950 ,60077670 
2025,F17,보건지소,1 ,1 ,1 ,4450 ,5350 
2025,F17,병원,31 ,39 ,39 ,1187630 ,1910610 
2025,F17,요양병원,4 ,17 ,16 ,177260 ,242050 
2025,F17,보건소,38 ,92 ,92 ,464480 ,560280 
2025,F17,치과의원,2 ,2 ,2 ,60630 ,86430 
2025,F17,보건의료원,2 ,3 ,3 ,39080 ,43880 
2025,F17,정신병원,20 ,49 ,420 ,25462470 ,34590490 
2025,F18,상급종합병원,14 ,23 ,79 ,23105190 ,29354020 
2025,F18,종합병원,34 ,51 ,61 ,9921800 ,14796980 
2025,F18,의원,11 ,50 ,50 ,1920430 ,2542730 
2025,F18,보건지소,1 ,1 ,1 ,10000 ,10900 
2025,F18,병원,6 ,18 ,20 ,797820 ,990000 
2025,F18,정신병원,25 ,144 ,674 ,59757900 ,80105380 
2025,F19,상급종합병원,678 ,1384 ,2536 ,914444120 ,1176790960 
2025,F19,종합병원,1091 ,1767 ,2953 ,933705210 ,1208664540 
2025,F19,의원,299 ,1381 ,1380 ,92128330 ,120809990 
2025,F19,보건지소,3 ,3 ,3 ,17050 ,19750 
2025,F19,병원,68 ,113 ,464 ,44794620 ,60942460 
2025,F19,요양병원,4 ,29 ,648 ,36510070 ,53312680 
2025,F19,보건의료원,3 ,3 ,3 ,273820 ,381420 
2025,F19,정신병원,814 ,6990 ,19548 ,1959864720 ,2623502520 
2025,F20,상급종합병원,19947 ,126535 ,155872 ,28891873500 ,34789379200 
2025,F20,종합병원,15233 ,109973 ,196331 ,25316923490 ,29977686370 
2025,F20,한방병원,83 ,807 ,12151 ,1201560100 ,1499284930 
2025,F20,의원,40680 ,454872 ,532465 ,34986682780 ,41687100430 
2025,F20,병원,2445 ,17278 ,127427 ,10757848830 ,13298304920 
2025,F20,요양병원,273 ,1791 ,16227 ,1086359330 ,1361306340 
2025,F20,보건소,1 ,1 ,1 ,6090 ,6090 
2025,F20,보건의료원,68 ,420 ,420 ,13432460 ,15754190 
2025,F20,정신병원,35937 ,332069 ,2532805 ,217026132710 ,265013696530 
2025,F21,상급종합병원,166 ,1037 ,1155 ,153969550 ,199688690 
2025,F21,종합병원,157 ,1075 ,1165 ,87126860 ,109690770 
2025,F21,의원,582 ,6115 ,6115 ,307922750 ,378432200 
2025,F21,병원,14 ,92 ,110 ,6319260 ,8558660 
2025,F21,요양병원,1 ,1 ,0 ,91000 ,113750 
2025,F21,보건의료원,3 ,8 ,8 ,215350 ,265450 
2025,F21,정신병원,138 ,993 ,4802 ,377907910 ,483507590 
2025,F22,상급종합병원,1196 ,5301 ,6488 ,774978420 ,1062806410 
2025,F22,종합병원,1370 ,6999 ,10128 ,940475760 ,1250001790 
2025,F22,한방병원,4 ,32 ,910 ,93106760 ,122633600 
2025,F22,의원,3703 ,27781 ,30032 ,1540460440 ,1956023010 
2025,F22,병원,162 ,823 ,5100 ,379599600 ,494316890 
2025,F22,요양병원,74 ,208 ,2289 ,165203480 ,216490470 
2025,F22,보건소,3 ,7 ,7 ,37830 ,42630 
2025,F22,보건의료원,14 ,48 ,48 ,1702290 ,2193090 
2025,F22,정신병원,1485 ,8891 ,77099 ,6173438820 ,7868201930 
2025,F23,상급종합병원,637 ,3152 ,3816 ,543235360 ,729260190 
2025,F23,종합병원,616 ,3029 ,4192 ,475237310 ,638054790 
2025,F23,한방병원,3 ,20 ,448 ,54744130 ,69225940 
2025,F23,의원,2294 ,16556 ,16603 ,876871930 ,1118981600 
2025,F23,보건지소,2 ,11 ,11 ,52950 ,58850 
2025,F23,병원,56 ,284 ,1742 ,150212680 ,190461800 
2025,F23,요양병원,14 ,72 ,787 ,63574950 ,73082970 
2025,F23,보건소,1 ,1 ,1 ,4990 ,6090 
2025,F23,보건의료원,4 ,21 ,21 ,329180 ,422980 
2025,F23,정신병원,1157 ,6436 ,24551 ,1999876960 ,2595837060 
2025,F24,상급종합병원,8 ,30 ,30 ,1609460 ,2639660 
2025,F24,종합병원,7 ,45 ,45 ,3197490 ,4604900 
2025,F24,의원,10 ,60 ,60 ,4008140 ,4729940 
2025,F24,정신병원,13 ,61 ,606 ,41154900 ,50592220 
2025,F25,상급종합병원,2770 ,19154 ,27371 ,5287868330 ,6430687120 
2025,F25,종합병원,1688 ,13903 ,23930 ,3126122840 ,3720287170 
2025,F25,한방병원,4 ,50 ,1129 ,102968150 ,130028050 
2025,F25,의원,4945 ,57698 ,65527 ,4249408860 ,5084195970 
2025,F25,병원,228 ,1799 ,9420 ,818575370 ,1000763020 
2025,F25,요양병원,19 ,101 ,1330 ,87643080 ,110015820 
2025,F25,보건의료원,4 ,47 ,47 ,1253740 ,1561340 
2025,F25,정신병원,3747 ,34131 ,194952 ,17166474220 ,20968755050 
2025,F28,상급종합병원,804 ,4678 ,5167 ,717410620 ,928976940 
2025,F28,종합병원,638 ,3893 ,4272 ,318858760 ,430808870 
2025,F28,의원,904 ,7088 ,7811 ,443022540 ,554504650 
2025,F28,병원,27 ,113 ,503 ,33963360 ,42716320 
2025,F28,요양병원,7 ,31 ,690 ,48538060 ,60665720 
2025,F28,정신병원,749 ,5227 ,22406 ,2165809900 ,2689443710 
2025,F29,상급종합병원,4055 ,20631 ,25309 ,3278028770 ,4482258140 
2025,F29,종합병원,2694 ,14949 ,19722 ,2014058080 ,2589996190 
2025,F29,한방병원,3 ,9 ,31 ,2903720 ,4314140 
2025,F29,의원,6746 ,53571 ,59032 ,3123615410 ,3926875630 
2025,F29,병원,276 ,1134 ,4656 ,436417630 ,559405560 
2025,F29,요양병원,23 ,146 ,1973 ,143435450 ,180919530 
2025,F29,보건소,1 ,1 ,1 ,5590 ,6090 
2025,F29,보건의료원,14 ,60 ,60 ,1358340 ,1676440 
2025,F29,정신병원,4819 ,29068 ,150670 ,12857280750 ,16188314750 
2025,F30,상급종합병원,233 ,1220 ,1565 ,171473830 ,255268640 
2025,F30,종합병원,168 ,660 ,738 ,57356040 ,83040140 
2025,F30,한방병원,3 ,3 ,2 ,379290 ,478590 
2025,F30,의원,2040 ,13182 ,13686 ,778600060 ,1004192850 
2025,F30,병원,88 ,178 ,179 ,1412360 ,2040270 
2025,F30,요양병원,44 ,134 ,739 ,46078210 ,59845030 
2025,F30,보건소,1 ,12 ,12 ,67080 ,73080 
2025,F30,보건의료원,3 ,7 ,7 ,111330 ,132430 
2025,F30,정신병원,297 ,1676 ,7424 ,584057060 ,765560830 
2025,F31,상급종합병원,21712 ,133302 ,163726 ,17274552590 ,26714633150 
2025,F31,종합병원,14630 ,91139 ,112483 ,9152502870 ,13108222920 
2025,F31,한방병원,50 ,247 ,1133 ,90812200 ,120781430 
2025,F31,의원,93475 ,839298 ,849214 ,51143342820 ,66358381680 
2025,F31,보건지소,4 ,25 ,25 ,121250 ,133750 
2025,F31,병원,2680 ,11060 ,25923 ,1755798090 ,2336302170 
2025,F31,요양병원,1718 ,5608 ,23349 ,1373646840 ,1838986140 
2025,F31,보건소,3 ,4 ,4 ,21160 ,24360 
2025,F31,보건의료원,73 ,417 ,417 ,12241050 ,15364450 
2025,F31,정신병원,20303 ,152452 ,513719 ,41065136040 ,54361690900 
2025,F32,상급종합병원,6441 ,29760 ,38877 ,7478967680 ,10120478030 
2025,F32,종합병원,54755 ,287912 ,320734 ,19545506840 ,28710806330 
2025,F32,한방병원,185 ,544 ,656 ,39996850 ,54320810 
2025,F32,치과병원,2 ,10 ,10 ,24220 ,40320 
2025,F32,의원,951291 ,7239949 ,7248568 ,430586570570 ,558488747550 
2025,F32,보건지소,36 ,85 ,85 ,418490 ,462890 
2025,F32,보건진료소,3 ,3 ,3 ,31740 ,44840 
2025,F32,병원,9815 ,35644 ,54627 ,2980163180 ,4042744370 
2025,F32,요양병원,2574 ,8938 ,24333 ,1289593990 ,1791673310 
2025,F32,보건소,161 ,560 ,560 ,3065510 ,3358310 
2025,F32,치과의원,1 ,1 ,1 ,7750 ,10950 
2025,F32,보건의료원,1317 ,6453 ,6461 ,193108030 ,238188780 
2025,F32,정신병원,61399 ,357764 ,648500 ,42743748810 ,57673198590 
2025,F33,상급종합병원,2068 ,10151 ,15103 ,2350785510 ,3260784710 
2025,F33,종합병원,5244 ,30086 ,36659 ,2794491340 ,3968858700 
2025,F33,한방병원,12 ,26 ,14 ,1677150 ,2052850 
2025,F33,의원,68003 ,574509 ,576511 ,28804840180 ,36948373380 
2025,F33,보건지소,1 ,1 ,1 ,4850 ,5350 
2025,F33,병원,698 ,3834 ,7040 ,412714900 ,556165120 
2025,F33,요양병원,124 ,473 ,2463 ,143980990 ,196325700 
2025,F33,보건소,14 ,23 ,23 ,127870 ,140070 
2025,F33,보건의료원,55 ,270 ,270 ,9075140 ,11177440 
2025,F33,정신병원,6873 ,43945 ,109420 ,7883408810 ,10613765980 
2025,F34,상급종합병원,28940 ,149140 ,169612 ,14044909840 ,22673914320 
2025,F34,종합병원,22843 ,123783 ,130194 ,7003356520 ,10748173240 
2025,F34,한방병원,12 ,16 ,10 ,455450 ,603910 
2025,F34,의원,31242 ,232199 ,232576 ,10144900480 ,12917157880 
2025,F34,보건지소,3 ,14 ,14 ,68500 ,76400 
2025,F34,보건진료소,1 ,2 ,2 ,19240 ,21040 
2025,F34,병원,192 ,672 ,1016 ,55715310 ,76666960 
2025,F34,요양병원,77 ,272 ,886 ,48275470 ,68966780 
2025,F34,보건소,3 ,5 ,5 ,27950 ,30450 
2025,F34,보건의료원,55 ,235 ,235 ,7096930 ,8758330 
2025,F34,정신병원,2154 ,13402 ,22630 ,1432033840 ,1935635470 
2025,F38,상급종합병원,2834 ,12774 ,14489 ,1199367150 ,1970764910 
2025,F38,종합병원,2134 ,11059 ,11497 ,605514220 ,924604940 
2025,F38,의원,6375 ,36105 ,36136 ,1372024600 ,1751903880 
2025,F38,병원,50 ,117 ,148 ,4677750 ,6794850 
2025,F38,요양병원,12 ,31 ,58 ,2175800 ,3023110 
2025,F38,보건의료원,3 ,7 ,7 ,169590 ,203090 
2025,F38,정신병원,179 ,984 ,2774 ,206631110 ,267147550 
2025,F39,상급종합병원,15807 ,75496 ,93864 ,9816483110 ,15042574440 
2025,F39,종합병원,5741 ,27014 ,32189 ,2687685970 ,3870453180 
2025,F39,한방병원,10 ,43 ,573 ,42841180 ,61256970 
2025,F39,의원,8789 ,48432 ,48463 ,2472792490 ,3172713370 
2025,F39,병원,215 ,830 ,1240 ,99412960 ,129041110 
2025,F39,요양병원,14 ,38 ,420 ,19453060 ,31953480 
2025,F39,보건소,1 ,4 ,4 ,22360 ,24360 
2025,F39,보건의료원,11 ,50 ,50 ,1592850 ,1924950 
2025,F39,정신병원,929 ,4998 ,14993 ,1146552960 ,1495962620 
2025,F40,상급종합병원,10777 ,46557 ,46633 ,1870460760 ,3843103130 
2025,F40,종합병원,9339 ,45803 ,46442 ,2007848190 ,3196704040 
2025,F40,한방병원,7 ,12 ,10 ,521900 ,709220 
2025,F40,치과병원,154 ,154 ,154 ,15756520 ,29513900 
2025,F40,의원,39031 ,212967 ,212991 ,11744488850 ,15186804600 
2025,F40,보건지소,2 ,2 ,2 ,11150 ,12550 
2025,F40,병원,393 ,1058 ,1132 ,41552760 ,59486560 
2025,F40,요양병원,34 ,209 ,220 ,11237260 ,14900790 
2025,F40,보건소,8 ,14 ,14 ,78260 ,85260 
2025,F40,치과의원,23 ,25 ,23 ,3865520 ,5520220 
2025,F40,보건의료원,26 ,113 ,113 ,3292430 ,4126230 
2025,F40,정신병원,1872 ,9363 ,10764 ,536749100 ,759539320 
2025,F41,상급종합병원,3945 ,13233 ,9774 ,786739120 ,1344179120 
2025,F41,종합병원,52902 ,220208 ,225879 ,10059520650 ,15781155060 
2025,F41,한방병원,245 ,481 ,424 ,18778610 ,25341630 
2025,F41,치과병원,18 ,28 ,28 ,1007850 ,1730070 
2025,F41,의원,754924 ,4473119 ,4473766 ,213131254600 ,275207547800 
2025,F41,보건지소,48 ,124 ,124 ,642040 ,715640 
2025,F41,보건진료소,13 ,44 ,44 ,360200 ,399800 
2025,F41,병원,16241 ,39531 ,45991 ,1685385340 ,2395199930 
2025,F41,요양병원,1822 ,5756 ,9109 ,355944030 ,504496700 
2025,F41,보건소,135 ,325 ,325 ,1820400 ,1991600 
2025,F41,치과의원,6 ,7 ,7 ,38540 ,52240 
2025,F41,보건의료원,854 ,3182 ,3183 ,82522970 ,103458000 
2025,F41,정신병원,35260 ,193320 ,234252 ,11832539040 ,16552935790 
2025,F42,상급종합병원,2588 ,14310 ,14995 ,1054259680 ,1825659230 
2025,F42,종합병원,2653 ,15199 ,16618 ,954579800 ,1444632760 
2025,F42,한방병원,4 ,19 ,19 ,601680 ,872480 
2025,F42,의원,39152 ,319141 ,319758 ,19161448120 ,24849955880 
2025,F42,병원,176 ,967 ,2052 ,137348680 ,181636040 
2025,F42,요양병원,34 ,202 ,205 ,13536220 ,18239500 
2025,F42,보건소,3 ,12 ,12 ,67080 ,73080 
2025,F42,보건의료원,9 ,49 ,49 ,1296210 ,1634810 
2025,F42,정신병원,1985 ,12831 ,21775 ,1432110350 ,1950626940 
2025,F43,상급종합병원,26355 ,113462 ,117320 ,6168148500 ,11713013490 
2025,F43,종합병원,32527 ,136396 ,142007 ,7178474940 ,11250438910 
2025,F43,한방병원,36 ,57 ,47 ,4413340 ,5768110 
2025,F43,치과병원,2 ,2 ,2 ,51410 ,85410 
2025,F43,의원,167794 ,754050 ,754688 ,47738002500 ,61492588610 
2025,F43,보건지소,3 ,3 ,3 ,19700 ,21600 
2025,F43,보건진료소,1 ,1 ,1 ,9620 ,10520 
2025,F43,병원,2411 ,6680 ,8855 ,491303060 ,672217940 
2025,F43,요양병원,162 ,935 ,960 ,60848310 ,81471050 
2025,F43,보건소,15 ,18 ,18 ,100620 ,109620 
2025,F43,치과의원,1 ,1 ,1 ,19830 ,24030 
2025,F43,보건의료원,249 ,875 ,877 ,25129680 ,31324180 
2025,F43,정신병원,16557 ,65762 ,99974 ,6520717730 ,9019973630 
2025,F44,상급종합병원,253 ,1052 ,1277 ,170744670 ,249899650 
2025,F44,종합병원,421 ,1379 ,1542 ,133061190 ,198317720 
2025,F44,의원,775 ,4643 ,4815 ,275911180 ,350906110 
2025,F44,병원,26 ,106 ,105 ,3782570 ,5540770 
2025,F44,요양병원,4 ,16 ,145 ,9080130 ,11032040 
2025,F44,보건의료원,1 ,1 ,1 ,16740 ,20840 
2025,F44,정신병원,87 ,446 ,1642 ,122808940 ,158586330 
2025,F45,상급종합병원,6316 ,26539 ,26913 ,1317586840 ,2515069940 
2025,F45,종합병원,11662 ,47430 ,50113 ,2571334590 ,3927983120 
2025,F45,한방병원,25 ,30 ,25 ,1644080 ,2386060 
2025,F45,치과병원,1206 ,2196 ,2194 ,65056290 ,107687410 
2025,F45,의원,62500 ,314877 ,314620 ,12771246260 ,16412160680 
2025,F45,보건지소,53 ,75 ,75 ,681250 ,891450 
2025,F45,보건진료소,457 ,834 ,834 ,8360720 ,10216220 
2025,F45,병원,1557 ,2699 ,3223 ,150382590 ,224588060 
2025,F45,요양병원,76 ,186 ,465 ,16871210 ,26724740 
2025,F45,보건소,57 ,71 ,71 ,394290 ,433890 
2025,F45,치과의원,1794 ,2833 ,2833 ,62714510 ,88712210 
2025,F45,보건의료원,180 ,594 ,594 ,18198400 ,24117600 
2025,F45,정신병원,2354 ,15395 ,18629 ,898836190 ,1266062850 
2025,F48,상급종합병원,3368 ,13620 ,13682 ,541286260 ,1123633310 
2025,F48,종합병원,7437 ,18167 ,18365 ,696052720 ,1195702120 
2025,F48,한방병원,832 ,1222 ,1180 ,31524600 ,50173140 
2025,F48,치과병원,2 ,3 ,3 ,24320 ,40120 
2025,F48,의원,57197 ,145066 ,145034 ,4007294990 ,5183050490 
2025,F48,보건지소,11 ,21 ,21 ,718550 ,992950 
2025,F48,보건진료소,534 ,1907 ,1907 ,28162440 ,36321340 
2025,F48,병원,4970 ,6740 ,7331 ,219799900 ,344303470 
2025,F48,요양병원,429 ,780 ,1058 ,28281590 ,42172550 
2025,F48,보건소,8 ,14 ,14 ,75260 ,85260 
2025,F48,치과의원,11 ,13 ,12 ,167120 ,215820 
2025,F48,보건의료원,244 ,403 ,403 ,7100560 ,8820590 
2025,F48,정신병원,319 ,1442 ,1647 ,75372280 ,107782240 
2025,F50,상급종합병원,743 ,3810 ,7320 ,1629797120 ,2069858800 
2025,F50,종합병원,1098 ,4533 ,6118 ,601080460 ,839976010 
2025,F50,한방병원,62 ,92 ,90 ,5548090 ,7377190 
2025,F50,치과병원,3 ,4 ,4 ,108320 ,180220 
2025,F50,의원,11828 ,52800 ,52794 ,2992290390 ,3796620950 
2025,F50,보건지소,3 ,4 ,4 ,19000 ,21400 
2025,F50,보건진료소,181 ,471 ,471 ,8219980 ,10982380 
2025,F50,병원,356 ,1146 ,1462 ,81037400 ,105670690 
2025,F50,요양병원,508 ,1524 ,1709 ,76576120 ,97626710 
2025,F50,보건소,10 ,12 ,12 ,63480 ,73080 
2025,F50,치과의원,12 ,12 ,12 ,1190940 ,1510040 
2025,F50,보건의료원,247 ,387 ,387 ,6801640 ,8266740 
2025,F50,정신병원,232 ,1025 ,1835 ,139644380 ,184950700 
2025,F51,상급종합병원,836 ,2149 ,1711 ,73975630 ,140322910 
2025,F51,종합병원,22292 ,93582 ,94024 ,2755258580 ,4478176780 
2025,F51,한방병원,116 ,216 ,204 ,8438770 ,11757110 
2025,F51,치과병원,26 ,55 ,55 ,973940 ,1620940 
2025,F51,의원,378594 ,1990161 ,1990338 ,67341711790 ,86338981820 
2025,F51,보건지소,161 ,398 ,398 ,2095460 ,2387560 
2025,F51,보건진료소,36 ,58 ,58 ,687020 ,877420 
2025,F51,병원,6218 ,18809 ,19777 ,456041430 ,668007900 
2025,F51,요양병원,930 ,2981 ,3556 ,85155440 ,119838870 
2025,F51,보건소,509 ,1360 ,1360 ,7537410 ,8240010 
2025,F51,보건의료원,957 ,4087 ,4087 ,98799790 ,121985090 
2025,F51,정신병원,13645 ,69618 ,73915 ,2837536110 ,4017963340 
2025,F52,상급종합병원,113 ,280 ,279 ,11425420 ,29081950 
2025,F52,종합병원,235 ,399 ,397 ,9204550 ,18054280 
2025,F52,한방병원,17 ,23 ,23 ,166640 ,258740 
2025,F52,의원,4359 ,6368 ,6368 ,148520550 ,205567850 
2025,F52,보건지소,7 ,7 ,7 ,20140 ,22140 
2025,F52,병원,70 ,91 ,91 ,1269000 ,2006400 
2025,F52,요양병원,33 ,47 ,47 ,207480 ,341180 
2025,F52,보건소,28 ,35 ,35 ,55100 ,62400 
2025,F52,보건의료원,21 ,27 ,27 ,390060 ,470260 
2025,F52,정신병원,10 ,17 ,17 ,387770 ,556370 
2025,F53,상급종합병원,47 ,151 ,184 ,15814030 ,25154360 
2025,F53,종합병원,83 ,414 ,447 ,26503900 ,39684870 
2025,F53,의원,450 ,2393 ,2393 ,178108790 ,232624510 
2025,F53,병원,17 ,34 ,34 ,646820 ,930620 
2025,F53,보건의료원,1 ,6 ,6 ,197470 ,248070 
2025,F53,정신병원,24 ,113 ,119 ,5085450 ,6978070 
2025,F54,상급종합병원,81 ,189 ,189 ,5521710 ,13674950 
2025,F54,종합병원,118 ,363 ,361 ,14932000 ,23735800 
2025,F54,한방병원,47 ,59 ,48 ,873570 ,1327240 
2025,F54,의원,671 ,1227 ,1224 ,35775320 ,47423830 
2025,F54,병원,99 ,118 ,118 ,1735200 ,2670920 
2025,F54,요양병원,28 ,45 ,149 ,10484190 ,13981120 
2025,F54,치과의원,5 ,8 ,8 ,101250 ,135150 
2025,F54,정신병원,5 ,6 ,6 ,109140 ,159440 
2025,F55,상급종합병원,14 ,26 ,28 ,5934550 ,7959230 
2025,F55,종합병원,52 ,75 ,93 ,15432450 ,21115810 
2025,F55,의원,29 ,38 ,38 ,832540 ,1126040 
2025,F55,보건진료소,1 ,1 ,1 ,9620 ,10520 
2025,F55,병원,7 ,8 ,11 ,1467610 ,2048910 
2025,F59,상급종합병원,4 ,14 ,14 ,946020 ,1787220 
2025,F59,종합병원,10 ,18 ,18 ,940060 ,1481520 
2025,F59,의원,239 ,504 ,503 ,18176670 ,23633980 
2025,F59,보건진료소,2 ,2 ,2 ,15920 ,17720 
2025,F59,병원,5 ,14 ,14 ,488110 ,673910 
2025,F59,요양병원,1 ,1 ,2 ,219970 ,279920 
2025,F59,보건소,1 ,1 ,1 ,5590 ,6090 
2025,F59,정신병원,9 ,27 ,27 ,830640 ,1203640 
2025,F60,상급종합병원,754 ,4077 ,4444 ,313845380 ,535875750 
2025,F60,종합병원,788 ,4633 ,5353 ,324403370 ,484476690 
2025,F60,의원,1391 ,10041 ,10057 ,640639430 ,815239070 
2025,F60,병원,34 ,162 ,601 ,50454200 ,65135660 
2025,F60,요양병원,18 ,80 ,1322 ,80761860 ,110615700 
2025,F60,정신병원,637 ,3266 ,18838 ,1499423250 ,1970288930 
2025,F61,상급종합병원,4 ,21 ,21 ,866740 ,1769240 
2025,F61,종합병원,3 ,5 ,5 ,152610 ,245310 
2025,F61,한방병원,1 ,9 ,275 ,24381530 ,32756620 
2025,F61,의원,14 ,80 ,80 ,4694860 ,6070860 
2025,F61,병원,1 ,7 ,7 ,143120 ,193520 
2025,F61,요양병원,1 ,4 ,4 ,36040 ,59440 
2025,F61,정신병원,21 ,99 ,952 ,67956020 ,91341680 
2025,F62,상급종합병원,8 ,21 ,21 ,531880 ,1170380 
2025,F62,종합병원,12 ,32 ,32 ,2141330 ,3679530 
2025,F62,의원,13 ,67 ,67 ,2215550 ,2714750 
2025,F62,병원,1 ,1 ,1 ,2940 ,4040 
2025,F62,정신병원,12 ,24 ,84 ,4660250 ,6515490 
2025,F63,상급종합병원,781 ,3203 ,3898 ,383809790 ,599966090 
2025,F63,종합병원,910 ,4247 ,4919 ,283737160 ,435565670 
2025,F63,의원,6103 ,30829 ,32159 ,2318824110 ,3039882050 
2025,F63,병원,171 ,789 ,2807 ,223349650 ,295832830 
2025,F63,요양병원,5 ,20 ,19 ,696550 ,897700 
2025,F63,보건의료원,4 ,17 ,17 ,513290 ,648290 
2025,F63,정신병원,2518 ,11333 ,49156 ,4065347610 ,5390798650 
2025,F64,상급종합병원,150 ,804 ,821 ,29122720 ,59947120 
2025,F64,종합병원,379 ,1048 ,1046 ,53712380 ,96528330 
2025,F64,의원,2462 ,15508 ,15508 ,374027590 ,508664400 
2025,F64,병원,10 ,39 ,39 ,624910 ,1007410 
2025,F64,요양병원,1 ,5 ,5 ,156640 ,212040 
2025,F64,정신병원,31 ,101 ,142 ,9436200 ,13450850 
2025,F65,상급종합병원,30 ,111 ,111 ,3854800 ,9080500 
2025,F65,종합병원,44 ,231 ,231 ,9074800 ,14697500 
2025,F65,의원,363 ,2404 ,2404 ,178735350 ,234086200 
2025,F65,병원,1 ,1 ,1 ,97330 ,152430 
2025,F65,정신병원,104 ,530 ,1727 ,123796320 ,168211110 
2025,F66,상급종합병원,2 ,3 ,3 ,36050 ,118950 
2025,F66,종합병원,10 ,36 ,36 ,556070 ,1047970 
2025,F66,의원,203 ,509 ,498 ,22195220 ,28242420 
2025,F66,보건지소,1 ,1 ,1 ,4450 ,5350 
2025,F66,병원,5 ,111 ,111 ,1391720 ,2263820 
2025,F66,요양병원,2 ,5 ,5 ,202650 ,301450 
2025,F66,보건소,1 ,26 ,26 ,90870 ,118170 
2025,F66,정신병원,26 ,73 ,603 ,54169760 ,69926200 
2025,F68,상급종합병원,22 ,136 ,158 ,16044210 ,24526350 
2025,F68,종합병원,306 ,2818 ,2820 ,36505370 ,64227330 
2025,F68,의원,129 ,543 ,543 ,30578580 ,38540680 
2025,F68,병원,3 ,15 ,15 ,110400 ,180500 
2025,F68,요양병원,1 ,5 ,5 ,153800 ,207300 
2025,F68,보건소,2 ,3 ,3 ,17170 ,19770 
2025,F68,정신병원,56 ,381 ,1008 ,75803270 ,96774040 
2025,F69,상급종합병원,13 ,54 ,55 ,4322090 ,7326570 
2025,F69,종합병원,17 ,69 ,68 ,3855210 ,5777020 
2025,F69,의원,43 ,147 ,147 ,9036710 ,11420810 
2025,F69,병원,4 ,8 ,7 ,414830 ,592930 
2025,F69,요양병원,1 ,1 ,1 ,117320 ,148450 
2025,F69,보건의료원,1 ,1 ,1 ,15800 ,22500 
2025,F69,정신병원,22 ,85 ,212 ,21075170 ,27788470 
2025,F70,상급종합병원,1557 ,5615 ,5750 ,338767380 ,634866780 
2025,F70,종합병원,1730 ,7348 ,7534 ,380547590 ,602229700 
2025,F70,치과병원,122 ,166 ,166 ,169463580 ,231673760 
2025,F70,의원,8006 ,45378 ,47234 ,2815456360 ,3645941280 
2025,F70,병원,254 ,2958 ,4343 ,151345030 ,205503670 
2025,F70,요양병원,89 ,328 ,411 ,21132770 ,30185150 
2025,F70,보건의료원,6 ,27 ,27 ,728790 ,913990 
2025,F70,정신병원,2069 ,12006 ,74972 ,5845955070 ,7519585180 
2025,F71,상급종합병원,790 ,2646 ,2704 ,176157790 ,307426060 
2025,F71,종합병원,775 ,3432 ,4190 ,258739860 ,369059540 
2025,F71,의원,3103 ,20471 ,21667 ,1135743460 ,1455840690 
2025,F71,병원,133 ,1304 ,2096 ,92064020 ,120204530 
2025,F71,요양병원,24 ,117 ,632 ,43186170 ,54211640 
2025,F71,보건소,1 ,1 ,1 ,4990 ,6090 
2025,F71,보건의료원,9 ,49 ,49 ,1197750 ,1511850 
2025,F71,정신병원,1071 ,6657 ,62772 ,4806801550 ,6220706070 
2025,F72,상급종합병원,293 ,1141 ,1148 ,77624200 ,123910810 
2025,F72,종합병원,342 ,1683 ,2624 ,192188700 ,259209350 
2025,F72,한방병원,1 ,2 ,27 ,1827210 ,2957570 
2025,F72,의원,1205 ,8900 ,9447 ,437415150 ,565408400 
2025,F72,병원,60 ,512 ,1534 ,80901740 ,96944280 
2025,F72,요양병원,17 ,297 ,1028 ,62663710 ,78844860 
2025,F72,정신병원,466 ,3476 ,32917 ,2690074860 ,3461346390 
2025,F73,상급종합병원,48 ,161 ,161 ,8532290 ,14286790 
2025,F73,종합병원,71 ,393 ,407 ,22752530 ,33197390 
2025,F73,의원,247 ,1925 ,1924 ,95114050 ,125664410 
2025,F73,보건지소,2 ,4 ,4 ,21800 ,27400 
2025,F73,병원,7 ,88 ,1116 ,130246020 ,162816200 
2025,F73,요양병원,2 ,8 ,176 ,6787250 ,11875440 
2025,F73,정신병원,106 ,834 ,4278 ,326831190 ,419875910 
2025,F78,상급종합병원,146 ,595 ,658 ,53095520 ,85064780 
2025,F78,종합병원,209 ,985 ,982 ,44347220 ,70206330 
2025,F78,의원,917 ,4715 ,4708 ,310948110 ,405418370 
2025,F78,보건지소,1 ,10 ,10 ,14450 ,20350 
2025,F78,병원,92 ,719 ,1269 ,85646110 ,108165650 
2025,F78,요양병원,4 ,20 ,452 ,25277970 ,31626000 
2025,F78,보건의료원,1 ,1 ,1 ,12660 ,18060 
2025,F78,정신병원,362 ,2312 ,22030 ,1762497800 ,2251154100 
2025,F79,상급종합병원,2077 ,7353 ,7364 ,339393880 ,665037030 
2025,F79,종합병원,1197 ,5405 ,6404 ,402683270 ,607000670 
2025,F79,치과병원,3 ,7 ,7 ,111580 ,185080 
2025,F79,의원,1690 ,9974 ,9952 ,624577000 ,808111010 
2025,F79,보건지소,2 ,5 ,5 ,17350 ,22050 
2025,F79,병원,146 ,1119 ,2461 ,121772430 ,171786160 
2025,F79,요양병원,24 ,158 ,3131 ,181336810 ,251426360 
2025,F79,보건소,1 ,1 ,1 ,4990 ,6090 
2025,F79,보건의료원,4 ,20 ,20 ,767970 ,946870 
2025,F79,정신병원,987 ,6001 ,55067 ,4161134650 ,5430078220 
2025,F80,상급종합병원,1850 ,5862 ,5930 ,280409240 ,528659410 
2025,F80,종합병원,1489 ,4417 ,4464 ,279768160 ,467284710 
2025,F80,한방병원,3 ,6 ,1 ,3127260 ,3976110 
2025,F80,치과병원,1 ,1 ,1 ,15940 ,26440 
2025,F80,의원,5559 ,14841 ,14808 ,785089670 ,1016544090 
2025,F80,보건진료소,1 ,1 ,1 ,2980 ,3880 
2025,F80,병원,822 ,3192 ,3381 ,97814290 ,146828720 
2025,F80,요양병원,32 ,434 ,480 ,7352560 ,9811840 
2025,F80,보건소,1 ,1 ,1 ,4990 ,6090 
2025,F80,보건의료원,52 ,53 ,53 ,886650 ,1148050 
2025,F80,정신병원,226 ,848 ,848 ,41693580 ,60582850 
2025,F81,상급종합병원,86 ,252 ,252 ,9702630 ,22232650 
2025,F81,종합병원,76 ,217 ,212 ,10056200 ,17251450 
2025,F81,의원,932 ,3523 ,3521 ,246828550 ,316928420 
2025,F81,병원,25 ,306 ,306 ,2807630 ,4461630 
2025,F81,요양병원,5 ,51 ,51 ,465510 ,720980 
2025,F81,정신병원,49 ,138 ,227 ,18315690 ,26241080 
2025,F82,상급종합병원,85 ,270 ,271 ,24512880 ,33841340 
2025,F82,종합병원,85 ,1232 ,1231 ,85616410 ,103432820 
2025,F82,의원,115 ,306 ,296 ,15509630 ,18877630 
2025,F82,병원,36 ,234 ,230 ,5303080 ,6786350 
2025,F82,요양병원,1 ,10 ,10 ,177100 ,295100 
2025,F82,정신병원,2 ,18 ,233 ,16883460 ,22877130 
2025,F83,상급종합병원,120 ,762 ,762 ,26921990 ,50375190 
2025,F83,종합병원,13 ,230 ,229 ,7506200 ,9608800 
2025,F83,의원,33 ,354 ,354 ,18364440 ,24117260 
2025,F83,병원,9 ,172 ,170 ,3725810 ,6110410 
2025,F83,정신병원,3 ,16 ,16 ,1857280 ,2674480 
2025,F84,상급종합병원,12454 ,47096 ,48444 ,2819693920 ,5024890500 
2025,F84,종합병원,4942 ,31527 ,33235 ,1995110530 ,2941303090 
2025,F84,한방병원,2 ,8 ,66 ,14446750 ,16157070 
2025,F84,치과병원,132 ,166 ,166 ,129157930 ,177799470 
2025,F84,의원,22057 ,164943 ,165653 ,10060418730 ,13115268600 
2025,F84,보건지소,1 ,2 ,2 ,6450 ,8350 
2025,F84,병원,1683 ,29242 ,31092 ,948500840 ,1202887280 
2025,F84,요양병원,393 ,5754 ,6939 ,235523720 ,325286360 
2025,F84,보건의료원,20 ,37 ,37 ,511560 ,687960 
2025,F84,정신병원,2108 ,14278 ,62199 ,4991244710 ,6475135680 
2025,F88,상급종합병원,2 ,6 ,6 ,155550 ,285750 
2025,F88,종합병원,3 ,32 ,32 ,1094300 ,1740500 
2025,F88,의원,45 ,154 ,150 ,10620140 ,12976270 
2025,F88,병원,5 ,79 ,79 ,2060960 ,3356560 
2025,F88,정신병원,1 ,1 ,1 ,94480 ,147780 
2025,F89,상급종합병원,226 ,671 ,676 ,43567240 ,77340980 
2025,F89,종합병원,116 ,644 ,664 ,29259190 ,40733010 
2025,F89,한방병원,2 ,52 ,405 ,34106470 ,45359310 
2025,F89,의원,525 ,1935 ,1926 ,141009140 ,176305810 
2025,F89,병원,121 ,1287 ,1280 ,30628350 ,40951740 
2025,F89,요양병원,13 ,209 ,211 ,3320280 ,4887290 
2025,F89,보건의료원,4 ,6 ,6 ,79560 ,108360 
2025,F89,정신병원,100 ,747 ,1104 ,42411440 ,59361320 
2025,F90,상급종합병원,18657 ,82323 ,84559 ,4545373290 ,8950498440 
2025,F90,종합병원,15494 ,81710 ,82442 ,4748777370 ,7660819390 
2025,F90,한방병원,11 ,16 ,9 ,499880 ,622050 
2025,F90,의원,288164 ,2246647 ,2253689 ,159728237580 ,210019281160 
2025,F90,보건지소,2 ,4 ,4 ,132800 ,187900 
2025,F90,병원,2703 ,13561 ,14648 ,823566800 ,1167541500 
2025,F90,요양병원,688 ,4658 ,4924 ,223572220 ,325745300 
2025,F90,보건소,6 ,10 ,10 ,55300 ,60900 
2025,F90,보건의료원,27 ,116 ,116 ,2555210 ,3253110 
2025,F90,정신병원,11687 ,69850 ,100487 ,7567731470 ,10212778550 
2025,F91,상급종합병원,308 ,1467 ,2068 ,303350270 ,416039090 
2025,F91,종합병원,588 ,1670 ,2432 ,230356260 ,323463880 
2025,F91,한방병원,1 ,1 ,1 ,6040 ,10040 
2025,F91,의원,2528 ,13776 ,14242 ,990674900 ,1289967930 
2025,F91,병원,99 ,225 ,1185 ,110412600 ,140893780 
2025,F91,요양병원,34 ,134 ,412 ,32879220 ,42920130 
2025,F91,보건의료원,1 ,2 ,2 ,16370 ,19370 
2025,F91,정신병원,889 ,3655 ,23833 ,2239764950 ,2764339870 
2025,F92,상급종합병원,75 ,282 ,337 ,25174920 ,38390240 
2025,F92,종합병원,107 ,465 ,584 ,49166760 ,64975360 
2025,F92,한방병원,1 ,15 ,15 ,141310 ,235510 
2025,F92,의원,2721 ,14139 ,14136 ,838117950 ,1075517740 
2025,F92,병원,94 ,457 ,2137 ,214628820 ,267466270 
2025,F92,요양병원,29 ,98 ,408 ,30817770 ,39851450 
2025,F92,정신병원,414 ,1724 ,10006 ,946595730 ,1164330280 
2025,F93,상급종합병원,581 ,2862 ,3460 ,284448550 ,452914650 
2025,F93,종합병원,420 ,1863 ,2129 ,150664650 ,231150250 
2025,F93,치과병원,2 ,2 ,2 ,209120 ,400240 
2025,F93,의원,6858 ,31827 ,31826 ,2427706860 ,3147713000 
2025,F93,병원,73 ,256 ,437 ,28940480 ,37025640 
2025,F93,요양병원,2 ,18 ,18 ,842240 ,1278640 
2025,F93,정신병원,285 ,1287 ,1724 ,119888820 ,170669380 
2025,F94,상급종합병원,306 ,961 ,961 ,46483570 ,100844730 
2025,F94,종합병원,227 ,1032 ,1025 ,62066580 ,101699060 
2025,F94,의원,1603 ,9249 ,9248 ,690373300 ,893087560 
2025,F94,병원,33 ,111 ,111 ,9246260 ,13186560 
2025,F94,요양병원,18 ,83 ,83 ,4638310 ,6863770 
2025,F94,정신병원,97 ,545 ,640 ,41986730 ,58710940 
2025,F95,상급종합병원,3591 ,13720 ,14057 ,978753870 ,1810382810 
2025,F95,종합병원,2454 ,10386 ,10436 ,628911780 ,1017475560 
2025,F95,한방병원,4 ,6 ,4 ,314950 ,415510 
2025,F95,의원,20718 ,134734 ,134685 ,8593702520 ,11292325800 
2025,F95,보건진료소,1 ,3 ,3 ,8940 ,11640 
2025,F95,병원,483 ,1278 ,1468 ,84200700 ,120509880 
2025,F95,요양병원,55 ,181 ,181 ,12912480 ,18558280 
2025,F95,보건소,2 ,12 ,12 ,67080 ,73080 
2025,F95,치과의원,11 ,15 ,15 ,272990 ,376090 
2025,F95,보건의료원,2 ,11 ,11 ,248520 ,307920 
2025,F95,정신병원,787 ,4329 ,5082 ,319843220 ,454147050 
2025,F98,상급종합병원,1031 ,3816 ,3923 ,153618380 ,302577140 
2025,F98,종합병원,1084 ,3681 ,3666 ,152385010 ,260291400 
2025,F98,치과병원,1 ,1 ,1 ,15350 ,25550 
2025,F98,의원,7247 ,21186 ,22237 ,2363971140 ,3146237360 
2025,F98,병원,238 ,626 ,769 ,37081830 ,51995200 
2025,F98,요양병원,9 ,41 ,41 ,729810 ,1051910 
2025,F98,보건소,1 ,3 ,3 ,16770 ,18270 
2025,F98,치과의원,1 ,1 ,1 ,13990 ,17590 
2025,F98,보건의료원,2 ,2 ,2 ,129930 ,157130 
2025,F98,정신병원,679 ,3429 ,5988 ,474969360 ,635345910 
2025,F99,상급종합병원,583 ,1050 ,1270 ,480856260 ,699494890 
2025,F99,종합병원,1108 ,2333 ,2855 ,799841540 ,1088819920 
2025,F99,치과병원,5 ,5 ,5 ,3412040 ,4747990 
2025,F99,의원,1498 ,3489 ,3487 ,231202510 ,303385460 
2025,F99,병원,24 ,49 ,683 ,72176380 ,93970570 
2025,F99,요양병원,10 ,42 ,643 ,51090600 ,68213980 
2025,F99,정신병원,219 ,473 ,1434 ,128865800 ,173837120 
2025,G00,상급종합병원,233 ,688 ,2661 ,1492459010 ,1788165470 
2025,G00,종합병원,153 ,576 ,2502 ,916130030 ,1142577350 
2025,G00,의원,38 ,51 ,51 ,2359790 ,3244570 
2025,G00,병원,32 ,135 ,1356 ,254320190 ,323170460 
2025,G00,요양병원,15 ,86 ,1197 ,87167510 ,119059920 
2025,G01,상급종합병원,22 ,44 ,189 ,74807710 ,98153410 
2025,G01,종합병원,14 ,44 ,46 ,5201370 ,6689440 
2025,G01,의원,4 ,4 ,4 ,225100 ,307000 
2025,G01,병원,3 ,9 ,110 ,30505800 ,37780970 
2025,G01,요양병원,1 ,2 ,2 ,20860 ,34460 
2025,G02,상급종합병원,45 ,89 ,215 ,128878990 ,149851830 
2025,G02,종합병원,73 ,166 ,446 ,95610800 ,129586760 
2025,G02,한방병원,1 ,1 ,0 ,40900 ,51120 
2025,G02,의원,32 ,45 ,47 ,2066830 ,2589960 
2025,G02,병원,15 ,27 ,227 ,55103350 ,70406240 
2025,G02,요양병원,2 ,20 ,424 ,31507360 ,42013980 
2025,G03,상급종합병원,1483 ,3576 ,8959 ,3503204810 ,4653796940 
2025,G03,종합병원,1253 ,2451 ,7885 ,2671639040 ,3506048590 
2025,G03,한방병원,3 ,9 ,127 ,15313970 ,20340800 
2025,G03,의원,320 ,598 ,612 ,36128660 ,45361690 
2025,G03,병원,423 ,735 ,2141 ,372037130 ,469943850 
2025,G03,요양병원,25 ,110 ,1779 ,144022470 ,187193790 
2025,G03,정신병원,1 ,1 ,1 ,58510 ,81610 
2025,G04,상급종합병원,3406 ,16796 ,39337 ,23048398170 ,27063447290 
2025,G04,종합병원,1156 ,5445 ,15207 ,6584344310 ,8173085520 
2025,G04,한방병원,10 ,61 ,104 ,8952030 ,12728150 
2025,G04,의원,279 ,1698 ,1697 ,143091530 ,169805630 
2025,G04,보건지소,2 ,14 ,14 ,77150 ,96250 
2025,G04,병원,347 ,4250 ,24467 ,5540929730 ,6637795020 
2025,G04,요양병원,182 ,1305 ,22130 ,2362923620 ,2917055730 
2025,G04,정신병원,2 ,3 ,35 ,4087240 ,5321630 
2025,G05,상급종합병원,221 ,457 ,805 ,297729410 ,364331110 
2025,G05,종합병원,3402 ,4215 ,5616 ,702418140 ,954008750 
2025,G05,한방병원,11 ,13 ,13 ,624430 ,849010 
2025,G05,의원,6275 ,8681 ,8714 ,191064390 ,262477560 
2025,G05,병원,2039 ,2886 ,4500 ,485361490 ,612672800 
2025,G05,요양병원,86 ,244 ,2218 ,214316630 ,271907460 
2025,G05,보건의료원,1 ,1 ,1 ,12660 ,18060 
2025,G05,정신병원,37 ,38 ,38 ,227990 ,353590 
2025,G06,상급종합병원,1182 ,3901 ,18855 ,10301666790 ,13067989160 
2025,G06,종합병원,906 ,3749 ,20208 ,7087787610 ,9161261300 
2025,G06,한방병원,9 ,57 ,220 ,27301700 ,36053880 
2025,G06,치과병원,1 ,1 ,1 ,15350 ,25550 
2025,G06,의원,60 ,201 ,261 ,13116340 ,17692710 
2025,G06,병원,287 ,1753 ,14465 ,3031421350 ,3887219250 
2025,G06,요양병원,148 ,718 ,13022 ,1241696210 ,1609132170 
2025,G07,상급종합병원,11 ,28 ,102 ,41374160 ,59385070 
2025,G07,종합병원,10 ,23 ,145 ,40784650 ,58176710 
2025,G07,한방병원,1 ,1 ,1 ,17340 ,28740 
2025,G07,의원,2 ,2 ,2 ,1281130 ,1832330 
2025,G07,요양병원,4 ,12 ,117 ,15340790 ,19626930 
2025,G08,상급종합병원,305 ,932 ,1336 ,325651350 ,447520340 
2025,G08,종합병원,102 ,381 ,574 ,91862040 ,131762080 
2025,G08,의원,9 ,27 ,27 ,1751050 ,2490750 
2025,G08,병원,1 ,5 ,9 ,2103610 ,3003730 
2025,G08,요양병원,3 ,31 ,752 ,128847130 ,161079500 
2025,G09,상급종합병원,5 ,14 ,14 ,633110 ,915110 
2025,G09,종합병원,10 ,20 ,50 ,19264050 ,25883570 
2025,G09,의원,5 ,90 ,90 ,2187510 ,3112510 
2025,G09,병원,4 ,6 ,6 ,593140 ,984240 
2025,G09,요양병원,1 ,4 ,78 ,5563870 ,7425780 
2025,G10,상급종합병원,242 ,1012 ,1091 ,146539810 ,167600770 
2025,G10,종합병원,118 ,520 ,630 ,82017770 ,95614880 
2025,G10,한방병원,1 ,56 ,56 ,3709920 ,4116720 
2025,G10,의원,51 ,293 ,291 ,15842960 ,17801510 
2025,G10,병원,14 ,110 ,348 ,30237510 ,35782980 
2025,G10,요양병원,56 ,641 ,9814 ,813896500 ,982566830 
2025,G10,정신병원,3 ,9 ,181 ,13691960 ,16915330 
2025,G11,상급종합병원,4570 ,26269 ,28893 ,3938863800 ,4772035740 
2025,G11,종합병원,1620 ,19278 ,23023 ,2415476980 ,2838001800 
2025,G11,한방병원,55 ,596 ,735 ,75023030 ,85468170 
2025,G11,치과병원,4 ,6 ,6 ,941550 ,991750 
2025,G11,의원,806 ,9698 ,9680 ,591915260 ,661560300 
2025,G11,병원,450 ,11846 ,20095 ,2382620710 ,2751489330 
2025,G11,요양병원,400 ,5310 ,57121 ,5729831620 ,6803712570 
2025,G11,보건소,3 ,3 ,3 ,16670 ,18270 
2025,G11,보건의료원,1 ,44 ,44 ,1093730 ,1230130 
2025,G11,정신병원,3 ,6 ,4 ,423260 ,475750 
2025,G12,상급종합병원,4143 ,49072 ,75519 ,67210698020 ,73723960880 
2025,G12,종합병원,1509 ,20289 ,29789 ,13403494270 ,14427112130 
2025,G12,한방병원,30 ,349 ,560 ,57245800 ,70434050 
2025,G12,치과병원,2 ,4 ,4 ,115490 ,128090 
2025,G12,의원,955 ,9121 ,9045 ,645147700 ,728028200 
2025,G12,병원,420 ,7927 ,17311 ,2980751190 ,3414569700 
2025,G12,요양병원,819 ,8279 ,95404 ,11750631020 ,13714266410 
2025,G12,보건소,2 ,4 ,4 ,21760 ,24360 
2025,G12,치과의원,1 ,1 ,1 ,13570 ,15070 
2025,G12,보건의료원,2 ,2 ,4 ,203970 ,226620 
2025,G12,정신병원,4 ,13 ,229 ,71204810 ,81650450 
2025,G13,상급종합병원,119 ,567 ,915 ,254189320 ,295900130 
2025,G13,종합병원,42 ,203 ,260 ,39612070 ,47454310 
2025,G13,의원,37 ,170 ,170 ,9133270 ,10833760 
2025,G13,병원,11 ,21 ,140 ,26178000 ,31186410 
2025,G13,요양병원,17 ,117 ,1629 ,140181150 ,174309980 
2025,G14,상급종합병원,160 ,743 ,764 ,33002540 ,67433670 
2025,G14,종합병원,295 ,778 ,790 ,20289870 ,37077360 
2025,G14,한방병원,3 ,13 ,12 ,840710 ,1058200 
2025,G14,의원,831 ,2012 ,2011 ,91845700 ,116155770 
2025,G14,병원,304 ,1068 ,1428 ,117185370 ,158206910 
2025,G14,요양병원,83 ,249 ,2645 ,166331300 ,225648540 
2025,G14,보건소,7 ,227 ,227 ,401650 ,553650 
2025,G14,보건의료원,1 ,1 ,1 ,16260 ,18060 
2025,G20,상급종합병원,59504 ,264898 ,286642 ,46556623890 ,54774495130 
2025,G20,종합병원,48029 ,261449 ,314280 ,39556940070 ,46714174010 
2025,G20,한방병원,436 ,3283 ,9639 ,1390446250 ,1595490530 
2025,G20,치과병원,7 ,14 ,14 ,1636810 ,1816510 
2025,G20,의원,29108 ,175964 ,177861 ,9459577290 ,10830097700 
2025,G20,보건지소,11 ,46 ,46 ,161290 ,184390 
2025,G20,보건진료소,2 ,3 ,3 ,10740 ,11640 
2025,G20,병원,9198 ,80616 ,224060 ,33504859610 ,39174447840 
2025,G20,요양병원,18106 ,147030 ,2679043 ,247135007780 ,297979838270 
2025,G20,보건소,52 ,723 ,723 ,1676460 ,1950360 
2025,G20,보건의료원,45 ,266 ,266 ,5537270 ,6565870 
2025,G20,정신병원,140 ,588 ,5489 ,512349600 ,619650280 
2025,G21,상급종합병원,3008 ,7840 ,8499 ,853143690 ,1392732500 
2025,G21,종합병원,4124 ,13911 ,16883 ,1574557900 ,2386206140 
2025,G21,한방병원,21 ,49 ,593 ,74843110 ,95619000 
2025,G21,의원,2473 ,9785 ,9907 ,388923330 ,499678590 
2025,G21,보건지소,4 ,12 ,12 ,64760 ,76160 
2025,G21,보건진료소,1 ,4 ,4 ,11920 ,15520 
2025,G21,병원,524 ,1745 ,3887 ,537208050 ,717463400 
2025,G21,요양병원,498 ,2854 ,51303 ,3870804310 ,5079563650 
2025,G21,보건소,13 ,147 ,147 ,374730 ,490230 
2025,G21,보건의료원,5 ,13 ,13 ,247860 ,299860 
2025,G21,정신병원,86 ,302 ,725 ,60851160 ,76904560 
2025,G22,상급종합병원,4744 ,12475 ,12951 ,1261594980 ,2666099420 
2025,G22,종합병원,4474 ,13168 ,14672 ,1459423410 ,2426474290 
2025,G22,한방병원,6 ,14 ,166 ,24236000 ,31679610 
2025,G22,의원,1658 ,6225 ,6198 ,315426850 ,416610530 
2025,G22,병원,789 ,2978 ,5089 ,588842170 ,839766830 
2025,G22,요양병원,361 ,1695 ,24440 ,1986412010 ,2527439380 
2025,G22,보건소,4 ,10 ,10 ,54100 ,60900 
2025,G22,보건의료원,1 ,7 ,7 ,298730 ,350030 
2025,G22,정신병원,2 ,7 ,7 ,227650 ,293050 
2025,G23,상급종합병원,3223 ,12446 ,16577 ,3905358230 ,4744243320 
2025,G23,종합병원,1858 ,8741 ,12568 ,2018916840 ,2478090980 
2025,G23,한방병원,22 ,103 ,823 ,99283580 ,125835700 
2025,G23,치과병원,2 ,7 ,7 ,1146310 ,1214110 
2025,G23,의원,831 ,3585 ,3588 ,192876180 ,239500000 
2025,G23,보건지소,1 ,25 ,25 ,100650 ,128450 
2025,G23,병원,314 ,4138 ,11144 ,1780946110 ,2089101430 
2025,G23,요양병원,324 ,2528 ,34380 ,3782539950 ,4514890510 
2025,G23,보건소,2 ,108 ,108 ,177860 ,247260 
2025,G23,보건의료원,1 ,25 ,25 ,402280 ,445280 
2025,G23,정신병원,2 ,11 ,11 ,906390 ,1132290 
2025,G24,상급종합병원,9736 ,28070 ,29173 ,2856290450 ,5272497000 
2025,G24,종합병원,8490 ,21809 ,23433 ,1734773040 ,2841783860 
2025,G24,한방병원,32 ,49 ,115 ,12780830 ,19543750 
2025,G24,치과병원,65 ,137 ,136 ,4190500 ,6956300 
2025,G24,의원,21350 ,43608 ,43603 ,1583442730 ,2208106250 
2025,G24,보건진료소,21 ,48 ,48 ,428540 ,534840 
2025,G24,병원,2725 ,6078 ,6329 ,309274710 ,468140310 
2025,G24,요양병원,74 ,228 ,1808 ,120700130 ,159642030 
2025,G24,보건소,3 ,63 ,63 ,96730 ,132630 
2025,G24,치과의원,162 ,197 ,197 ,3513830 ,4849830 
2025,G24,보건의료원,25 ,36 ,36 ,685390 ,846790 
2025,G24,정신병원,4 ,13 ,13 ,1033800 ,1487900 
2025,G25,상급종합병원,23059 ,56573 ,58511 ,3987143880 ,7142084970 
2025,G25,종합병원,37303 ,105408 ,109123 ,4429843170 ,7487308340 
2025,G25,한방병원,76 ,178 ,194 ,14312790 ,19701590 
2025,G25,의원,81528 ,246354 ,246349 ,7143150570 ,9582488650 
2025,G25,보건지소,34 ,72 ,72 ,417900 ,496200 
2025,G25,보건진료소,25 ,63 ,63 ,609400 ,744100 
2025,G25,병원,8970 ,22819 ,24588 ,933596280 ,1419854170 
2025,G25,요양병원,327 ,1093 ,6793 ,466752520 ,629812430 
2025,G25,보건소,69 ,146 ,146 ,817440 ,893640 
2025,G25,보건의료원,87 ,218 ,218 ,5262900 ,6781000 
2025,G25,정신병원,99 ,291 ,482 ,26329930 ,34515300 
2025,G26,상급종합병원,56 ,182 ,184 ,11646400 ,28716460 
2025,G26,종합병원,60 ,187 ,215 ,12348110 ,19843580 
2025,G26,의원,51 ,117 ,117 ,3842400 ,4748600 
2025,G26,병원,13 ,23 ,23 ,2414520 ,4021820 
2025,G26,정신병원,3 ,11 ,40 ,2774980 ,3778390 
2025,G30,상급종합병원,16623 ,60374 ,64050 ,4577984250 ,8316416670 
2025,G30,종합병원,33188 ,121691 ,131474 ,8543753550 ,13405445640 
2025,G30,한방병원,107 ,533 ,13373 ,1152912230 ,1539137720 
2025,G30,치과병원,1 ,1 ,1 ,104560 ,200120 
2025,G30,의원,18879 ,78728 ,78750 ,3219908730 ,4272701800 
2025,G30,보건지소,50 ,150 ,150 ,1055620 ,1292620 
2025,G30,병원,4347 ,17524 ,23431 ,2198639120 ,2755099320 
2025,G30,요양병원,5632 ,36781 ,647727 ,44951973760 ,59232419630 
2025,G30,보건소,122 ,340 ,340 ,2019200 ,2237100 
2025,G30,보건의료원,291 ,918 ,918 ,20100540 ,24853490 
2025,G30,정신병원,143 ,760 ,4704 ,344073860 ,458729610 
2025,G31,상급종합병원,3979 ,14098 ,15384 ,1726720550 ,2412951580 
2025,G31,종합병원,11060 ,30275 ,34608 ,2732883170 ,3960543180 
2025,G31,한방병원,89 ,164 ,512 ,74264280 ,84174030 
2025,G31,치과병원,25 ,52 ,52 ,502500 ,834900 
2025,G31,의원,216660 ,622976 ,623094 ,11479088490 ,14131978530 
2025,G31,보건지소,2059 ,4031 ,4031 ,118395300 ,163727200 
2025,G31,보건진료소,5 ,21 ,21 ,673780 ,961280 
2025,G31,병원,9192 ,21404 ,26936 ,1847212970 ,2453624480 
2025,G31,요양병원,1062 ,5177 ,78811 ,6245879520 ,7732791740 
2025,G31,보건소,4109 ,8039 ,8039 ,44779350 ,48941550 
2025,G31,보건의료원,322 ,790 ,790 ,13267980 ,16441520 
2025,G31,정신병원,89 ,409 ,2666 ,212850340 ,264642990 
2025,G32,상급종합병원,151 ,587 ,669 ,62902280 ,106594850 
2025,G32,종합병원,589 ,1760 ,1891 ,168855510 ,299157000 
2025,G32,한방병원,1 ,1 ,0 ,454390 ,567980 
2025,G32,의원,291 ,844 ,843 ,16241110 ,20720150 
2025,G32,보건지소,1 ,4 ,4 ,19400 ,21400 
2025,G32,병원,54 ,312 ,558 ,45105250 ,58623380 
2025,G32,요양병원,15 ,179 ,1470 ,159390610 ,205754960 
2025,G32,보건소,4 ,7 ,7 ,39130 ,42630 
2025,G32,보건의료원,2 ,7 ,7 ,129820 ,165020 
2025,G35,상급종합병원,1934 ,11878 ,13717 ,10284259490 ,11470971270 
2025,G35,종합병원,841 ,5195 ,5926 ,3723168770 ,4165696610 
2025,G35,한방병원,4 ,20 ,191 ,26493090 ,31364550 
2025,G35,의원,420 ,2310 ,2302 ,219490420 ,248798140 
2025,G35,보건지소,1 ,19 ,19 ,60600 ,60600 
2025,G35,병원,83 ,1154 ,1401 ,127657970 ,151645230 
2025,G35,요양병원,46 ,984 ,9602 ,916747140 ,1078365050 
2025,G35,정신병원,1 ,65 ,65 ,1035960 ,1146760 
2025,G36,상급종합병원,1879 ,11641 ,16279 ,9699599640 ,10835827580 
2025,G36,종합병원,719 ,4911 ,6869 ,2613638940 ,2955812120 
2025,G36,한방병원,6 ,19 ,92 ,32428270 ,36679700 
2025,G36,의원,222 ,950 ,950 ,109328620 ,123652320 
2025,G36,병원,122 ,1700 ,10864 ,2514721530 ,2873061110 
2025,G36,요양병원,42 ,390 ,4888 ,571250470 ,679321870 
2025,G36,정신병원,1 ,3 ,3 ,50120 ,55520 
2025,G37,상급종합병원,3307 ,13284 ,19755 ,5094201140 ,7043869140 
2025,G37,종합병원,1421 ,6455 ,11239 ,2371955260 ,3160591150 
2025,G37,한방병원,11 ,74 ,127 ,16757280 ,22417200 
2025,G37,의원,272 ,868 ,890 ,49184610 ,67213210 
2025,G37,병원,330 ,2880 ,13990 ,2743976470 ,3465601100 
2025,G37,요양병원,73 ,1389 ,8411 ,831614800 ,1048981920 
2025,G37,보건의료원,1 ,3 ,3 ,39080 ,43880 
2025,G40,상급종합병원,85634 ,301508 ,328545 ,48791584350 ,70533150680 
2025,G40,종합병원,43442 ,173005 ,193274 ,18730114250 ,26629063000 
2025,G40,한방병원,51 ,243 ,2101 ,288973410 ,364398680 
2025,G40,치과병원,33 ,60 ,60 ,5744780 ,6903120 
2025,G40,의원,26020 ,140874 ,140966 ,7430931290 ,9178357570 
2025,G40,보건지소,10 ,78 ,78 ,279370 ,346270 
2025,G40,병원,4516 ,32549 ,46090 ,5235137260 ,6162182350 
2025,G40,요양병원,1090 ,9543 ,67236 ,5388467680 ,6838958070 
2025,G40,보건소,23 ,92 ,92 ,356430 ,410130 
2025,G40,보건의료원,33 ,118 ,122 ,2146360 ,2795340 
2025,G40,정신병원,644 ,3328 ,7217 ,498465630 ,662086020 
2025,G41,상급종합병원,3158 ,14384 ,37866 ,30462092420 ,34099686630 
2025,G41,종합병원,2140 ,10087 ,30113 ,15358456210 ,17708835940 
2025,G41,한방병원,6 ,44 ,694 ,121379010 ,138308880 
2025,G41,치과병원,7 ,16 ,16 ,1330200 ,1469800 
2025,G41,의원,1496 ,6799 ,6780 ,407522960 ,465475300 
2025,G41,병원,280 ,4221 ,15009 ,2854226330 ,3278834020 
2025,G41,요양병원,655 ,4398 ,75071 ,8170398870 ,9696891270 
2025,G41,보건소,1 ,2 ,2 ,11180 ,12180 
2025,G41,보건의료원,3 ,8 ,8 ,202480 ,288880 
2025,G41,정신병원,18 ,97 ,516 ,44037710 ,52808950 
2025,G43,상급종합병원,25729 ,70819 ,73243 ,2743003320 ,5789788350 
2025,G43,종합병원,80374 ,180151 ,193554 ,11376156500 ,19052398460 
2025,G43,한방병원,344 ,547 ,492 ,17435780 ,26721080 
2025,G43,치과병원,42 ,63 ,63 ,1251940 ,2082240 
2025,G43,의원,436630 ,964262 ,965352 ,26934919680 ,37733212770 
2025,G43,보건지소,496 ,637 ,637 ,7718100 ,9813900 
2025,G43,보건진료소,6878 ,11874 ,11874 ,111743600 ,133342300 
2025,G43,병원,44595 ,83909 ,91205 ,4348469100 ,6835627970 
2025,G43,요양병원,854 ,1707 ,1893 ,34036690 ,53387810 
2025,G43,보건소,378 ,560 ,560 ,3184730 ,3522230 
2025,G43,치과의원,22 ,27 ,27 ,577680 ,817280 
2025,G43,보건의료원,375 ,504 ,504 ,13061450 ,17879450 
2025,G43,정신병원,160 ,447 ,467 ,17939250 ,26249700 
2025,G44,상급종합병원,21644 ,43738 ,45114 ,3010872830 ,6093702460 
2025,G44,종합병원,131336 ,243406 ,267136 ,21800356280 ,37621870720 
2025,G44,한방병원,289 ,511 ,442 ,20232550 ,29190680 
2025,G44,치과병원,17 ,19 ,19 ,509390 ,847890 
2025,G44,의원,311410 ,584715 ,585606 ,24389377690 ,34292882230 
2025,G44,보건지소,594 ,848 ,848 ,11169250 ,14438050 
2025,G44,보건진료소,4805 ,8029 ,8029 ,74724860 ,88304660 
2025,G44,병원,44273 ,75962 ,87635 ,5965955080 ,9421350410 
2025,G44,요양병원,819 ,1740 ,2654 ,107983870 ,153650020 
2025,G44,보건소,339 ,470 ,470 ,2694000 ,2980900 
2025,G44,치과의원,1 ,2 ,2 ,23220 ,33020 
2025,G44,보건의료원,386 ,551 ,559 ,18280420 ,24994930 
2025,G44,정신병원,83 ,167 ,165 ,3332540 ,5097030 
2025,G45,상급종합병원,34699 ,91782 ,101510 ,13344703510 ,23332017190 
2025,G45,종합병원,63965 ,186606 ,225192 ,31671544200 ,49083453710 
2025,G45,한방병원,39 ,81 ,459 ,60914990 ,74083950 
2025,G45,의원,18869 ,49043 ,49311 ,3293325700 ,4603341430 
2025,G45,보건지소,21 ,49 ,49 ,700850 ,935550 
2025,G45,병원,6220 ,16824 ,22298 ,2008736140 ,3044387940 
2025,G45,요양병원,230 ,977 ,13553 ,925590160 ,1274843440 
2025,G45,보건소,19 ,47 ,47 ,260930 ,286230 
2025,G45,보건의료원,25 ,76 ,76 ,2440870 ,3299770 
2025,G45,정신병원,8 ,34 ,31 ,1890460 ,2460750 
2025,G46,상급종합병원,1683 ,4404 ,4483 ,233665000 ,486393890 
2025,G46,종합병원,12337 ,52706 ,56143 ,2275513620 ,3950790960 
2025,G46,한방병원,16 ,21 ,60 ,5736540 ,7570490 
2025,G46,의원,5843 ,24692 ,24865 ,1011154530 ,1358192290 
2025,G46,보건지소,2 ,2 ,2 ,8900 ,10700 
2025,G46,병원,1863 ,6619 ,10250 ,875373030 ,1231423690 
2025,G46,요양병원,77 ,425 ,5594 ,429258300 ,572726970 
2025,G46,보건소,7 ,19 ,19 ,106010 ,117210 
2025,G46,보건의료원,1 ,3 ,3 ,157620 ,160620 
2025,G46,정신병원,3 ,11 ,68 ,4167700 ,5701030 
2025,G47,상급종합병원,63961 ,183705 ,187755 ,13561345420 ,22155282180 
2025,G47,종합병원,79774 ,245670 ,250873 ,12869687080 ,19079671780 
2025,G47,한방병원,1735 ,3623 ,3266 ,88539570 ,127036120 
2025,G47,치과병원,982 ,1504 ,1506 ,113577680 ,151352250 
2025,G47,의원,744371 ,2385909 ,2450133 ,96808539570 ,123857252640 
2025,G47,보건지소,297 ,819 ,819 ,4493850 ,5181050 
2025,G47,보건진료소,100 ,222 ,222 ,1975360 ,2371960 
2025,G47,병원,52148 ,130715 ,139070 ,7888285510 ,10855384670 
2025,G47,요양병원,4453 ,13334 ,19789 ,582479860 ,804000090 
2025,G47,보건소,1023 ,2543 ,2543 ,14114750 ,15458950 
2025,G47,치과의원,27 ,45 ,45 ,520220 ,702620 
2025,G47,보건의료원,600 ,1730 ,1730 ,36407730 ,44871130 
2025,G47,정신병원,1263 ,4913 ,5177 ,190474760 ,270323930 
2025,G50,상급종합병원,10406 ,31518 ,34657 ,4254717430 ,7011225030 
2025,G50,종합병원,14753 ,38095 ,42706 ,3564208960 ,5913517150 
2025,G50,한방병원,69 ,138 ,82 ,8355560 ,11072600 
2025,G50,치과병원,3182 ,8882 ,8892 ,263416810 ,429294630 
2025,G50,의원,54327 ,114151 ,114770 ,4628143760 ,6419387870 
2025,G50,보건지소,15 ,36 ,36 ,120720 ,141820 
2025,G50,보건진료소,13 ,23 ,23 ,253500 ,331600 
2025,G50,병원,5071 ,14726 ,16411 ,1246513690 ,1998520330 
2025,G50,요양병원,100 ,282 ,1009 ,55815340 ,77775300 
2025,G50,보건소,15 ,26 ,26 ,144140 ,158340 
2025,G50,치과의원,3347 ,5883 ,5873 ,89161370 ,120838970 
2025,G50,보건의료원,31 ,61 ,61 ,1120760 ,1429760 
2025,G50,정신병원,2 ,28 ,28 ,541320 ,858220 
2025,G51,상급종합병원,18026 ,59665 ,68295 ,11737802670 ,17973651960 
2025,G51,종합병원,38608 ,145939 ,168234 ,16788264740 ,25682692660 
2025,G51,한방병원,3081 ,12896 ,10852 ,472091480 ,626251260 
2025,G51,치과병원,93 ,191 ,191 ,5931970 ,9584170 
2025,G51,의원,48639 ,158003 ,158187 ,6477111790 ,9110408690 
2025,G51,보건지소,4 ,4 ,4 ,28500 ,36200 
2025,G51,보건진료소,3 ,3 ,3 ,26780 ,34880 
2025,G51,병원,8123 ,29239 ,34814 ,1898115700 ,2904864990 
2025,G51,요양병원,122 ,316 ,1783 ,106963140 ,149906020 
2025,G51,보건소,6 ,8 ,8 ,42320 ,48720 
2025,G51,치과의원,44 ,59 ,58 ,1061040 ,1471340 
2025,G51,보건의료원,18 ,40 ,40 ,961060 ,1328560 
2025,G51,정신병원,7 ,12 ,2 ,1333370 ,1751620 
2025,G52,상급종합병원,3189 ,8801 ,11038 ,1710989070 ,2768377130 
2025,G52,종합병원,4014 ,7783 ,8875 ,929670270 ,1430132720 
2025,G52,한방병원,7 ,8 ,2 ,624780 ,797570 
2025,G52,치과병원,17 ,34 ,34 ,873050 ,1453050 
2025,G52,의원,4659 ,8530 ,8609 ,421570500 ,591956300 
2025,G52,보건지소,1 ,42 ,42 ,162150 ,207450 
2025,G52,병원,296 ,567 ,1363 ,184880310 ,243364410 
2025,G52,요양병원,128 ,163 ,571 ,47174950 ,62129630 
2025,G52,치과의원,7 ,7 ,7 ,79530 ,110730 
2025,G52,보건의료원,2 ,3 ,7 ,460380 ,602590 
2025,G52,정신병원,1 ,2 ,2 ,92910 ,135410 
2025,G53,상급종합병원,4574 ,16392 ,16916 ,708082170 ,1548884520 
2025,G53,종합병원,16119 ,46750 ,53891 ,2416596150 ,3806912150 
2025,G53,한방병원,315 ,972 ,880 ,55126110 ,75828930 
2025,G53,치과병원,7 ,15 ,15 ,336990 ,560790 
2025,G53,의원,123260 ,375341 ,378295 ,9999896920 ,13327396210 
2025,G53,보건지소,21 ,31 ,31 ,210910 ,242810 
2025,G53,보건진료소,26 ,109 ,109 ,1051060 ,1209760 
2025,G53,병원,10108 ,45666 ,58931 ,4352448260 ,6581579940 
2025,G53,요양병원,358 ,1314 ,4506 ,234729900 ,325918520 
2025,G53,보건소,33 ,70 ,70 ,390100 ,426300 
2025,G53,치과의원,6 ,16 ,16 ,132480 ,164280 
2025,G53,보건의료원,118 ,211 ,230 ,5024360 ,6458500 
2025,G53,정신병원,26 ,48 ,121 ,3781980 ,5357480 
2025,G54,상급종합병원,3997 ,14161 ,15397 ,1258850510 ,2136309490 
2025,G54,종합병원,4112 ,16184 ,18197 ,1178037580 ,1911013460 
2025,G54,한방병원,49 ,90 ,158 ,13063560 ,17270880 
2025,G54,치과병원,1 ,1 ,1 ,7400 ,12200 
2025,G54,의원,26153 ,82249 ,82657 ,4593902950 ,6413493120 
2025,G54,보건지소,3 ,15 ,15 ,114900 ,145000 
2025,G54,보건진료소,167 ,609 ,609 ,5784160 ,6444860 
2025,G54,병원,1649 ,4883 ,5802 ,378816560 ,544597540 
2025,G54,요양병원,49 ,401 ,1802 ,118756490 ,160863550 
2025,G54,보건소,4 ,10 ,10 ,42530 ,48630 
2025,G54,치과의원,4 ,9 ,9 ,92700 ,119000 
2025,G54,보건의료원,17 ,74 ,74 ,1384650 ,1734950 
2025,G54,정신병원,1 ,1 ,0 ,13740 ,17170 
2025,G55,상급종합병원,4676 ,12674 ,13419 ,1104453340 ,2019679160 
2025,G55,종합병원,9366 ,23872 ,28057 ,1857920430 ,2892137960 
2025,G55,한방병원,129 ,217 ,310 ,41422530 ,55925900 
2025,G55,의원,12280 ,46087 ,47597 ,2875303880 ,4005563310 
2025,G55,보건지소,1 ,2 ,2 ,9700 ,10700 
2025,G55,병원,1617 ,4305 ,7805 ,684753020 ,994850340 
2025,G55,요양병원,195 ,747 ,6969 ,411732970 ,594088930 
2025,G55,보건소,4 ,82 ,82 ,166130 ,222030 
2025,G55,보건의료원,60 ,96 ,123 ,5252600 ,7317340 
2025,G55,정신병원,2 ,2 ,1 ,100340 ,129220 
2025,G56,상급종합병원,9623 ,29171 ,32948 ,3351596830 ,5698381400 
2025,G56,종합병원,32885 ,100205 ,127821 ,12644012950 ,18925347950 
2025,G56,한방병원,385 ,811 ,716 ,47863840 ,69199950 
2025,G56,의원,150403 ,403010 ,409497 ,19300425000 ,27043980050 
2025,G56,보건지소,24 ,63 ,63 ,688440 ,928240 
2025,G56,보건진료소,6 ,6 ,6 ,56680 ,64780 
2025,G56,병원,38436 ,120508 ,161806 ,15409986340 ,21954749130 
2025,G56,요양병원,677 ,1796 ,2626 ,105686890 ,163528230 
2025,G56,보건소,16 ,71 ,71 ,201130 ,255930 
2025,G56,보건의료원,90 ,148 ,148 ,3027590 ,3965100 
2025,G56,정신병원,18 ,40 ,40 ,1434330 ,2378130 
2025,G57,상급종합병원,1286 ,3304 ,3678 ,299892330 ,558300320 
2025,G57,종합병원,6182 ,15473 ,17576 ,991405760 ,1575476460 
2025,G57,한방병원,289 ,647 ,540 ,22059370 ,30874240 
2025,G57,의원,76724 ,214275 ,215217 ,9174608300 ,12814953020 
2025,G57,보건지소,2 ,7 ,7 ,80250 ,104050 
2025,G57,보건진료소,6 ,25 ,25 ,140800 ,171700 
2025,G57,병원,11524 ,28604 ,32802 ,1624742340 ,2420117310 
2025,G57,요양병원,101 ,369 ,2276 ,127120470 ,172147930 
2025,G57,보건의료원,10 ,15 ,15 ,289090 ,379490 
2025,G57,정신병원,7 ,12 ,12 ,451690 ,734990 
2025,G58,상급종합병원,1709 ,5105 ,5530 ,372854900 ,704468570 
2025,G58,종합병원,3644 ,7288 ,7667 ,381902820 ,652949260 
2025,G58,한방병원,33 ,51 ,45 ,1715710 ,2424310 
2025,G58,의원,39639 ,85255 ,85375 ,4016249760 ,5591817930 
2025,G58,보건지소,3 ,5 ,5 ,35720 ,41920 
2025,G58,보건진료소,14 ,27 ,27 ,143240 ,176140 
2025,G58,병원,2267 ,3533 ,4562 ,251286580 ,370610560 
2025,G58,요양병원,320 ,1197 ,1607 ,68710280 ,100135680 
2025,G58,보건소,4 ,4 ,4 ,21760 ,24360 
2025,G58,치과의원,5 ,11 ,11 ,116190 ,148390 
2025,G58,보건의료원,75 ,108 ,108 ,6599510 ,9345110 
2025,G58,정신병원,11 ,17 ,15 ,344990 ,479960 
2025,G59,상급종합병원,259 ,649 ,675 ,30130090 ,59113340 
2025,G59,종합병원,499 ,1487 ,1541 ,57540280 ,98629320 
2025,G59,의원,1899 ,5838 ,5868 ,133731720 ,174844930 
2025,G59,보건지소,3 ,12 ,12 ,524600 ,748700 
2025,G59,병원,231 ,782 ,788 ,16281020 ,25537050 
2025,G59,요양병원,5 ,22 ,162 ,9909720 ,13269490 
2025,G59,보건의료원,5 ,13 ,13 ,417920 ,555620 
2025,G59,정신병원,1 ,2 ,2 ,30440 ,46640 
2025,G60,상급종합병원,2129 ,6267 ,6788 ,821709870 ,1057127440 
2025,G60,종합병원,454 ,3211 ,3626 ,303062600 ,375449530 
2025,G60,한방병원,8 ,24 ,7 ,3530670 ,3968590 
2025,G60,의원,418 ,2119 ,2125 ,135581030 ,155101260 
2025,G60,병원,123 ,1344 ,1933 ,215829310 ,251040850 
2025,G60,요양병원,15 ,112 ,1093 ,97732850 ,117811650 
2025,G60,보건소,1 ,3 ,3 ,9690 ,10590 
2025,G60,정신병원,1 ,9 ,9 ,85060 ,131260 
2025,G61,상급종합병원,3454 ,18513 ,34276 ,15752295050 ,17843169020 
2025,G61,종합병원,1820 ,11798 ,24221 ,7304163360 ,8381734220 
2025,G61,한방병원,39 ,166 ,546 ,173385770 ,197899120 
2025,G61,치과병원,1 ,4 ,4 ,199560 ,221560 
2025,G61,의원,930 ,4732 ,5003 ,295187020 ,342902810 
2025,G61,보건지소,2 ,2 ,2 ,14990 ,16990 
2025,G61,보건진료소,2 ,2 ,2 ,13220 ,17720 
2025,G61,병원,748 ,7964 ,45249 ,8851675290 ,10287653640 
2025,G61,요양병원,305 ,4162 ,38806 ,4085582170 ,4848466050 
2025,G61,보건소,6 ,105 ,105 ,146110 ,200310 
2025,G61,보건의료원,1 ,1 ,1 ,59010 ,65510 
2025,G61,정신병원,3 ,16 ,14 ,1170960 ,1300510 
2025,G62,상급종합병원,14200 ,38997 ,40623 ,2640306550 ,5059252950 
2025,G62,종합병원,21475 ,57376 ,60842 ,3139768780 ,5375786790 
2025,G62,한방병원,69 ,341 ,1086 ,91198590 ,125614250 
2025,G62,치과병원,7 ,17 ,17 ,410190 ,672290 
2025,G62,의원,23240 ,58993 ,59226 ,3992437660 ,5530164900 
2025,G62,보건지소,35 ,90 ,90 ,2281390 ,3208090 
2025,G62,보건진료소,2 ,2 ,2 ,47200 ,64200 
2025,G62,병원,3586 ,7351 ,8534 ,564884920 ,838481230 
2025,G62,요양병원,208 ,768 ,6498 ,411472420 ,583937700 
2025,G62,보건소,27 ,49 ,49 ,273310 ,299910 
2025,G62,보건의료원,66 ,83 ,83 ,1524390 ,1968690 
2025,G62,정신병원,10 ,29 ,22 ,1483750 ,2056230 
2025,G63,상급종합병원,8202 ,26422 ,26591 ,991442690 ,2140515750 
2025,G63,종합병원,18309 ,64135 ,64780 ,2320813110 ,4111010710 
2025,G63,한방병원,18 ,28 ,52 ,6756560 ,10753930 
2025,G63,의원,19479 ,65556 ,65639 ,2331580370 ,3056012880 
2025,G63,보건지소,23 ,83 ,83 ,1931900 ,2691000 
2025,G63,병원,2298 ,5680 ,6887 ,323096970 ,476633690 
2025,G63,요양병원,100 ,409 ,3627 ,222052060 ,307547550 
2025,G63,보건소,115 ,336 ,336 ,1512350 ,1704450 
2025,G63,보건의료원,85 ,335 ,341 ,8239740 ,11027420 
2025,G63,정신병원,5 ,15 ,15 ,194150 ,313250 
2025,G64,상급종합병원,287 ,841 ,848 ,31079330 ,65961600 
2025,G64,종합병원,5215 ,12107 ,12508 ,465132700 ,818306710 
2025,G64,한방병원,76 ,216 ,193 ,7610860 ,11464130 
2025,G64,치과병원,5 ,7 ,7 ,94170 ,156470 
2025,G64,의원,23854 ,52528 ,52526 ,2330110970 ,3205274470 
2025,G64,보건지소,133 ,430 ,430 ,5037340 ,5916140 
2025,G64,보건진료소,15 ,27 ,27 ,244580 ,282380 
2025,G64,병원,4165 ,8189 ,8594 ,348634670 ,558894660 
2025,G64,요양병원,71 ,154 ,272 ,10161470 ,13056140 
2025,G64,보건소,10 ,29 ,29 ,169710 ,205110 
2025,G64,치과의원,6 ,20 ,20 ,260140 ,339540 
2025,G64,보건의료원,257 ,561 ,561 ,26974750 ,38357150 
2025,G64,정신병원,5 ,5 ,4 ,71380 ,105430 
2025,G70,상급종합병원,7014 ,32135 ,38194 ,6311574230 ,7342858160 
2025,G70,종합병원,2649 ,12173 ,14566 ,2019708140 ,2352342390 
2025,G70,한방병원,10 ,13 ,5 ,1836530 ,2105140 
2025,G70,치과병원,2 ,4 ,4 ,96910 ,122810 
2025,G70,의원,2600 ,9514 ,9608 ,623952270 ,749049890 
2025,G70,보건지소,1 ,5 ,5 ,18350 ,23550 
2025,G70,병원,244 ,898 ,1898 ,236992930 ,280406460 
2025,G70,요양병원,115 ,691 ,11198 ,1081513270 ,1300083600 
2025,G70,보건소,4 ,7 ,7 ,37930 ,42630 
2025,G70,치과의원,1 ,1 ,1 ,9120 ,13020 
2025,G70,보건의료원,1 ,1 ,1 ,16260 ,18060 
2025,G70,정신병원,1 ,1 ,1 ,11420 ,19020 
2025,G71,상급종합병원,4549 ,34350 ,41235 ,10460992670 ,11579288680 
2025,G71,종합병원,1248 ,16663 ,18182 ,1619101570 ,1855165080 
2025,G71,한방병원,12 ,175 ,161 ,7978630 ,9212030 
2025,G71,치과병원,16 ,37 ,37 ,4908580 ,5353790 
2025,G71,의원,1166 ,10511 ,10542 ,794093530 ,876324540 
2025,G71,보건지소,1 ,1 ,1 ,16750 ,23850 
2025,G71,보건진료소,293 ,929 ,929 ,10185560 ,12351060 
2025,G71,병원,441 ,9600 ,13082 ,1674008930 ,1868691920 
2025,G71,요양병원,168 ,4043 ,16843 ,1768374060 ,2074718070 
2025,G71,보건소,2 ,47 ,47 ,292580 ,326280 
2025,G71,치과의원,2 ,3 ,3 ,87800 ,118000 
2025,G71,보건의료원,2 ,2 ,2 ,27670 ,30970 
2025,G72,상급종합병원,1395 ,4043 ,5310 ,1011825520 ,1520286650 
2025,G72,종합병원,1073 ,2897 ,4361 ,857135880 ,1149171060 
2025,G72,한방병원,5 ,5 ,2 ,244720 ,305380 
2025,G72,의원,491 ,1049 ,1058 ,51869730 ,72563220 
2025,G72,보건지소,1 ,3 ,3 ,166750 ,238050 
2025,G72,보건진료소,1 ,2 ,2 ,19240 ,21040 
2025,G72,병원,267 ,951 ,1561 ,217896410 ,278565760 
2025,G72,요양병원,18 ,138 ,607 ,49804810 ,65769920 
2025,G72,보건의료원,1 ,1 ,1 ,29480 ,41980 
2025,G73,상급종합병원,100 ,405 ,456 ,57105830 ,76284020 
2025,G73,종합병원,112 ,325 ,401 ,50554910 ,67435950 
2025,G73,한방병원,3 ,4 ,36 ,3186580 ,4720120 
2025,G73,의원,307 ,813 ,809 ,30253950 ,40302810 
2025,G73,병원,33 ,221 ,635 ,78777970 ,102031850 
2025,G73,요양병원,12 ,47 ,248 ,17564000 ,22050450 
2025,G73,보건소,1 ,1 ,1 ,5990 ,7590 
2025,G73,보건의료원,1 ,3 ,3 ,39080 ,43880 
2025,G80,상급종합병원,5382 ,54706 ,60998 ,7446249570 ,9585426910 
2025,G80,종합병원,2786 ,60414 ,63170 ,3427725720 ,4766265980 
2025,G80,한방병원,16 ,362 ,354 ,16944490 ,23637180 
2025,G80,치과병원,1 ,1 ,1 ,105060 ,201020 
2025,G80,의원,2022 ,86244 ,86350 ,9426177040 ,10769699910 
2025,G80,보건지소,7 ,319 ,319 ,505700 ,701700 
2025,G80,병원,2216 ,89580 ,103040 ,12215078140 ,14004202700 
2025,G80,요양병원,844 ,30663 ,71542 ,7286330560 ,8665596940 
2025,G80,보건의료원,4 ,8 ,8 ,72880 ,103280 
2025,G80,정신병원,2 ,5 ,5 ,269600 ,392600 
2025,G81,상급종합병원,2828 ,20359 ,24886 ,3050892000 ,4374528610 
2025,G81,종합병원,11057 ,118007 ,195685 ,21791159800 ,29928059180 
2025,G81,한방병원,623 ,6153 ,34763 ,5085008120 ,6568656890 
2025,G81,치과병원,1 ,1 ,1 ,105060 ,201020 
2025,G81,의원,3550 ,42537 ,50997 ,2760115630 ,3594562890 
2025,G81,보건지소,53 ,1423 ,1423 ,3495520 ,4584320 
2025,G81,병원,9820 ,142413 ,768844 ,133770064060 ,171954217890 
2025,G81,요양병원,26089 ,211171 ,4368350 ,396740069040 ,515100332910 
2025,G81,보건소,64 ,2538 ,2538 ,6119830 ,8105130 
2025,G81,보건의료원,22 ,214 ,214 ,4627500 ,6355200 
2025,G81,정신병원,5 ,10 ,81 ,5897530 ,8039250 
2025,G82,상급종합병원,2125 ,11178 ,17015 ,3456254080 ,4680205940 
2025,G82,종합병원,4646 ,49090 ,98279 ,13791513330 ,18103633340 
2025,G82,한방병원,189 ,2398 ,13799 ,2147178680 ,2732134780 
2025,G82,의원,1492 ,15327 ,17305 ,1158070710 ,1426699210 
2025,G82,보건지소,10 ,210 ,210 ,561190 ,735590 
2025,G82,병원,5002 ,56991 ,360164 ,62998634290 ,79566710600 
2025,G82,요양병원,6799 ,60373 ,1079851 ,109466847540 ,140256581990 
2025,G82,보건소,8 ,325 ,325 ,1043160 ,1362960 
2025,G82,보건의료원,5 ,23 ,23 ,379510 ,505910 
2025,G83,상급종합병원,1513 ,4806 ,7210 ,1633535640 ,2303936830 
2025,G83,종합병원,4313 ,11867 ,20464 ,3257366090 ,4758485770 
2025,G83,한방병원,43 ,124 ,404 ,51960540 ,68080750 
2025,G83,의원,2219 ,6854 ,7403 ,451527630 ,618214570 
2025,G83,보건지소,4 ,138 ,138 ,563670 ,650370 
2025,G83,병원,1238 ,6187 ,24168 ,3572966210 ,4715277290 
2025,G83,요양병원,231 ,1915 ,24782 ,1984307080 ,2618422870 
2025,G83,보건의료원,2 ,6 ,6 ,91440 ,111640 
2025,G83,정신병원,2 ,2 ,0 ,301090 ,380550 
2025,G90,상급종합병원,4160 ,28851 ,32152 ,4076671470 ,4989626080 
2025,G90,종합병원,5163 ,30581 ,35751 ,3158099270 ,4105376740 
2025,G90,한방병원,289 ,926 ,1099 ,119618580 ,154614860 
2025,G90,치과병원,1 ,1 ,1 ,34450 ,52850 
2025,G90,의원,46502 ,118015 ,118509 ,7121712690 ,9897186070 
2025,G90,보건지소,4 ,20 ,20 ,89270 ,116470 
2025,G90,보건진료소,4 ,5 ,5 ,50660 ,62560 
2025,G90,병원,3219 ,14785 ,19797 ,1514223190 ,2135676740 
2025,G90,요양병원,134 ,827 ,8768 ,803454690 ,975595290 
2025,G90,보건소,4 ,11 ,11 ,61490 ,66990 
2025,G90,치과의원,1 ,1 ,1 ,9700 ,13800 
2025,G90,보건의료원,20 ,40 ,40 ,2100340 ,2941540 
2025,G90,정신병원,44 ,204 ,234 ,10907920 ,16116800 
2025,G91,상급종합병원,7729 ,26634 ,49012 ,18039244220 ,22814019390 
2025,G91,종합병원,4891 ,16850 ,37890 ,9840823100 ,12690143010 
2025,G91,한방병원,21 ,61 ,832 ,138978290 ,179162760 
2025,G91,의원,1410 ,4843 ,5012 ,637126230 ,764440870 
2025,G91,병원,1046 ,7447 ,45671 ,9658403790 ,12081908260 
2025,G91,요양병원,526 ,3619 ,57956 ,5597196610 ,7258051800 
2025,G91,보건소,1 ,1 ,1 ,4990 ,6090 
2025,G91,보건의료원,2 ,7 ,7 ,168440 ,228140 
2025,G91,정신병원,6 ,7 ,37 ,2643700 ,3570940 
2025,G92,상급종합병원,71 ,197 ,544 ,267689900 ,338547130 
2025,G92,종합병원,75 ,332 ,942 ,348694200 ,440884260 
2025,G92,한방병원,1 ,1 ,9 ,2439230 ,2439230 
2025,G92,의원,7 ,21 ,21 ,1606620 ,2170220 
2025,G92,병원,17 ,101 ,1644 ,404920860 ,509290580 
2025,G92,요양병원,17 ,89 ,1276 ,113585420 ,151542240 
2025,G93,상급종합병원,10073 ,30966 ,53569 ,22133281730 ,27469065970 
2025,G93,종합병원,8319 ,23196 ,55242 ,17073197010 ,22028680540 
2025,G93,한방병원,54 ,160 ,1320 ,193220030 ,247746360 
2025,G93,치과병원,34 ,43 ,43 ,2443510 ,4069110 
2025,G93,의원,16525 ,34277 ,34320 ,3606701330 ,4687460210 
2025,G93,보건지소,6 ,97 ,97 ,344300 ,479200 
2025,G93,보건진료소,4 ,22 ,22 ,274500 ,324400 
2025,G93,병원,3054 ,14380 ,72901 ,15325512440 ,19209308060 
2025,G93,요양병원,1428 ,10825 ,141726 ,15267317340 ,19538975800 
2025,G93,보건소,4 ,132 ,132 ,604650 ,773550 
2025,G93,보건의료원,73 ,89 ,89 ,2138210 ,2889110 
2025,G93,정신병원,25 ,53 ,245 ,26035440 ,34003220 
2025,G94,상급종합병원,133 ,254 ,585 ,438862900 ,504840960 
2025,G94,종합병원,94 ,239 ,680 ,213577880 ,270510100 
2025,G94,의원,82 ,147 ,146 ,13966850 ,18464760 
2025,G94,보건지소,1 ,20 ,20 ,33350 ,46050 
2025,G94,병원,44 ,257 ,818 ,178092780 ,209859390 
2025,G94,요양병원,29 ,319 ,2529 ,280080330 ,345402150 
2025,G94,보건소,1 ,1 ,1 ,4990 ,6090 
2025,G95,상급종합병원,12356 ,39873 ,65474 ,18214908610 ,24953812810 
2025,G95,종합병원,6345 ,30954 ,56278 ,10253866250 ,13847158500 
2025,G95,한방병원,64 ,187 ,866 ,137260250 ,179901150 
2025,G95,의원,2663 ,8869 ,9401 ,456430640 ,580264170 
2025,G95,보건지소,5 ,18 ,18 ,533000 ,743800 
2025,G95,병원,2537 ,21683 ,156168 ,34462848190 ,43566942030 
2025,G95,요양병원,627 ,6510 ,77735 ,8057038950 ,10289233850 
2025,G95,보건소,12 ,100 ,100 ,260670 ,314970 
2025,G95,보건의료원,6 ,17 ,17 ,252990 ,342990 
2025,G95,정신병원,2 ,17 ,166 ,27085060 ,31329980 
2025,G96,상급종합병원,981 ,2554 ,5243 ,1601618700 ,2125019530 
2025,G96,종합병원,1197 ,3481 ,5129 ,727006700 ,1019848830 
2025,G96,한방병원,29 ,47 ,35 ,1588120 ,2084200 
2025,G96,의원,993 ,2423 ,3140 ,474016960 ,622900810 
2025,G96,보건진료소,4 ,4 ,4 ,39380 ,42080 
2025,G96,병원,180 ,785 ,1481 ,223042630 ,308321070 
2025,G96,요양병원,7 ,24 ,426 ,28441010 ,38674480 
2025,G97,상급종합병원,180 ,609 ,1275 ,428312860 ,528905550 
2025,G97,종합병원,202 ,392 ,1239 ,231949840 ,314513620 
2025,G97,한방병원,1 ,23 ,23 ,136310 ,152910 
2025,G97,치과병원,15 ,25 ,25 ,662280 ,1102280 
2025,G97,의원,114 ,208 ,213 ,11200210 ,15654980 
2025,G97,병원,68 ,120 ,643 ,134013020 ,177639620 
2025,G97,요양병원,1 ,12 ,365 ,25491260 ,34077290 
2025,G98,상급종합병원,535 ,1275 ,1852 ,508812420 ,690585890 
2025,G98,종합병원,1110 ,3170 ,3831 ,442159660 ,695611810 
2025,G98,한방병원,3 ,9 ,4 ,640690 ,829970 
2025,G98,의원,456 ,751 ,747 ,42289960 ,52985530 
2025,G98,병원,117 ,194 ,279 ,22823360 ,33394710 
2025,G98,요양병원,4 ,7 ,75 ,3926070 ,5921480 
2025,G98,정신병원,1 ,1 ,1 ,10430 ,17230 
2025,G99,상급종합병원,1249 ,3524 ,4667 ,812386820 ,1239947380 
2025,G99,종합병원,904 ,3020 ,4791 ,676107680 ,966616570 
2025,G99,한방병원,30 ,54 ,39 ,10873980 ,12100900 
2025,G99,의원,1566 ,3643 ,3687 ,150259390 ,203523840 
2025,G99,보건진료소,1 ,1 ,1 ,72480 ,103480 
2025,G99,병원,536 ,3028 ,21165 ,4423755790 ,5684334410 
2025,G99,요양병원,94 ,858 ,8735 ,798785050 ,1034843740 
2025,G99,보건소,2 ,45 ,45 ,251550 ,274050 
2025,G99,보건의료원,2 ,6 ,6 ,74620 ,95920 
2025,G99,정신병원,1 ,1 ,28 ,2609270 ,3499360 
2025,H00,상급종합병원,689 ,1104 ,1143 ,130142020 ,196708940 
2025,H00,종합병원,7896 ,11453 ,11708 ,391676460 ,643486980 
2025,H00,한방병원,182 ,219 ,193 ,2854970 ,4418720 
2025,H00,치과병원,6 ,8 ,8 ,86880 ,143980 
2025,H00,의원,1517024 ,2503683 ,2503269 ,60174623020 ,84365375350 
2025,H00,보건지소,297 ,327 ,327 ,2796010 ,3383410 
2025,H00,보건진료소,1030 ,1258 ,1258 ,10611980 ,11950980 
2025,H00,병원,29492 ,41641 ,41631 ,1022818430 ,1592333680 
2025,H00,요양병원,446 ,567 ,501 ,9351460 ,13486950 
2025,H00,보건소,160 ,171 ,171 ,959640 ,1046940 
2025,H00,치과의원,2 ,3 ,3 ,11610 ,16510 
2025,H00,보건의료원,418 ,527 ,527 ,10062590 ,13992620 
2025,H00,정신병원,54 ,66 ,61 ,1045090 ,1553760 
2025,H01,상급종합병원,9757 ,19938 ,20039 ,733291860 ,1919437030 
2025,H01,종합병원,19069 ,34998 ,35050 ,1310318400 ,2488284500 
2025,H01,한방병원,68 ,82 ,72 ,1000470 ,1576490 
2025,H01,치과병원,18 ,19 ,19 ,197670 ,327270 
2025,H01,의원,610471 ,990896 ,990776 ,26353524750 ,36448798180 
2025,H01,보건지소,67 ,81 ,81 ,736640 ,865140 
2025,H01,보건진료소,654 ,877 ,877 ,7196200 ,8472400 
2025,H01,병원,24929 ,39209 ,39213 ,1284311710 ,2075507040 
2025,H01,요양병원,257 ,382 ,378 ,10038670 ,13960210 
2025,H01,보건소,93 ,124 ,124 ,690630 ,758230 
2025,H01,보건의료원,209 ,266 ,266 ,4999350 ,6573750 
2025,H01,정신병원,21 ,25 ,24 ,445130 ,629790 
2025,H02,상급종합병원,17173 ,39829 ,40623 ,4537244710 ,7836189320 
2025,H02,종합병원,16069 ,36637 ,36918 ,3813051110 ,6014843280 
2025,H02,한방병원,14 ,17 ,15 ,479160 ,753460 
2025,H02,치과병원,1 ,5 ,5 ,96180 ,160180 
2025,H02,의원,245668 ,627927 ,628124 ,40511828620 ,55786723820 
2025,H02,보건지소,20 ,28 ,28 ,163590 ,189390 
2025,H02,보건진료소,46 ,64 ,64 ,967160 ,1250960 
2025,H02,병원,15792 ,29913 ,30235 ,3487446960 ,5092562980 
2025,H02,요양병원,74 ,134 ,521 ,30512020 ,40823290 
2025,H02,보건소,36 ,52 ,52 ,281680 ,316680 
2025,H02,보건의료원,316 ,845 ,845 ,20680980 ,28934420 
2025,H02,정신병원,3 ,3 ,1 ,96300 ,123560 
2025,H03,상급종합병원,90 ,175 ,202 ,19356220 ,31647430 
2025,H03,종합병원,293 ,589 ,746 ,50975640 ,79426110 
2025,H03,한방병원,1 ,1 ,1 ,9300 ,15500 
2025,H03,의원,9389 ,15950 ,15948 ,347077150 ,483593680 
2025,H03,보건진료소,2 ,3 ,3 ,22220 ,24920 
2025,H03,병원,369 ,670 ,710 ,21692660 ,33072270 
2025,H03,요양병원,3 ,13 ,13 ,168640 ,279140 
2025,H04,상급종합병원,3522 ,6046 ,7069 ,1877931360 ,2815743590 
2025,H04,종합병원,27019 ,47852 ,48125 ,2185849810 ,3909343810 
2025,H04,한방병원,367 ,610 ,581 ,8138830 ,12790030 
2025,H04,치과병원,6 ,11 ,11 ,93160 ,154760 
2025,H04,의원,2516532 ,4505553 ,4504823 ,146507047970 ,203151922020 
2025,H04,보건지소,766 ,1269 ,1269 ,10953200 ,13502800 
2025,H04,보건진료소,238 ,426 ,426 ,4014340 ,4908140 
2025,H04,병원,97108 ,151965 ,152159 ,7369730820 ,11860440100 
2025,H04,요양병원,1200 ,2282 ,2687 ,49689360 ,70996720 
2025,H04,보건소,1540 ,2304 ,2304 ,13036800 ,14290100 
2025,H04,치과의원,3 ,7 ,7 ,23220 ,33020 
2025,H04,보건의료원,3086 ,4221 ,4221 ,83554060 ,110795860 
2025,H04,정신병원,108 ,174 ,170 ,2429600 ,3601360 
2025,H05,상급종합병원,3691 ,11468 ,13056 ,1794481750 ,3059930210 
2025,H05,종합병원,2032 ,5217 ,5945 ,615917660 ,955833690 
2025,H05,한방병원,5 ,8 ,7 ,121750 ,189270 
2025,H05,치과병원,1 ,1 ,1 ,30460 ,50760 
2025,H05,의원,8869 ,14823 ,14790 ,555996140 ,782850960 
2025,H05,보건지소,7 ,7 ,7 ,97150 ,126250 
2025,H05,보건진료소,20 ,21 ,21 ,174000 ,201000 
2025,H05,병원,1371 ,2258 ,2652 ,161209610 ,227156080 
2025,H05,요양병원,10 ,16 ,15 ,341160 ,469330 
2025,H05,보건소,1 ,1 ,1 ,5590 ,6090 
2025,H05,보건의료원,11 ,12 ,12 ,318860 ,452860 
2025,H05,정신병원,1 ,1 ,1 ,13660 ,20960 
2025,H06,상급종합병원,14538 ,48726 ,49124 ,3374485190 ,7502020290 
2025,H06,종합병원,4787 ,13422 ,13361 ,838605230 ,1578013470 
2025,H06,한방병원,5 ,7 ,0 ,663200 ,828980 
2025,H06,의원,1496 ,2730 ,2725 ,189176290 ,271853210 
2025,H06,병원,729 ,2150 ,2117 ,101763120 ,169474140 
2025,H06,요양병원,2 ,10 ,23 ,3711870 ,4800410 
2025,H06,보건소,1 ,1 ,1 ,4990 ,6090 
2025,H06,보건의료원,2 ,9 ,9 ,172690 ,246390 
2025,H10,상급종합병원,1132 ,1390 ,1405 ,96300640 ,195777920 
2025,H10,종합병원,21843 ,29680 ,30033 ,874409900 ,1532864330 
2025,H10,한방병원,273 ,362 ,333 ,4439440 ,6677980 
2025,H10,치과병원,11 ,18 ,18 ,347780 ,576480 
2025,H10,의원,4074541 ,6726285 ,6725492 ,156851460210 ,214408552620 
2025,H10,보건지소,251 ,318 ,318 ,2332690 ,2790290 
2025,H10,보건진료소,1087 ,1625 ,1625 ,12561720 ,14807520 
2025,H10,병원,111725 ,142763 ,142845 ,3346605360 ,5092150130 
2025,H10,요양병원,1775 ,2566 ,2951 ,81455520 ,107867710 
2025,H10,보건소,470 ,660 ,660 ,3801750 ,4239050 
2025,H10,치과의원,5 ,5 ,5 ,33050 ,47050 
2025,H10,보건의료원,2145 ,3770 ,3770 ,68466260 ,91836560 
2025,H10,정신병원,136 ,184 ,196 ,6911310 ,9177890 
2025,H11,상급종합병원,9569 ,21005 ,21211 ,1430337050 ,3091516610 
2025,H11,종합병원,11700 ,20047 ,19949 ,1009948760 ,1870938330 
2025,H11,한방병원,47 ,72 ,61 ,1009250 ,1470590 
2025,H11,치과병원,5 ,9 ,9 ,530340 ,883340 
2025,H11,의원,562091 ,833958 ,833834 ,38046195080 ,53449401550 
2025,H11,보건지소,198 ,280 ,280 ,2749880 ,3453880 
2025,H11,보건진료소,1006 ,1597 ,1597 ,14108160 ,17127460 
2025,H11,병원,22781 ,40790 ,40910 ,2554033710 ,4196513810 
2025,H11,요양병원,254 ,408 ,357 ,6591600 ,9539460 
2025,H11,보건소,235 ,355 ,355 ,1820170 ,2008870 
2025,H11,보건의료원,184 ,210 ,210 ,4739930 ,6458530 
2025,H11,정신병원,28 ,33 ,32 ,262370 ,407420 
2025,H13,상급종합병원,429 ,798 ,798 ,22464810 ,61365330 
2025,H13,종합병원,641 ,1002 ,1013 ,36470820 ,60376820 
2025,H13,한방병원,6 ,7 ,6 ,95060 ,144870 
2025,H13,의원,5473 ,8327 ,8327 ,170048730 ,229143230 
2025,H13,보건지소,6 ,8 ,8 ,61150 ,70550 
2025,H13,보건진료소,4 ,6 ,6 ,53460 ,69760 
2025,H13,병원,258 ,366 ,366 ,8983730 ,14435730 
2025,H13,요양병원,9 ,9 ,7 ,172100 ,238520 
2025,H13,보건소,2 ,2 ,2 ,11180 ,12180 
2025,H13,치과의원,1 ,2 ,2 ,0 ,0 
2025,H13,보건의료원,1 ,1 ,1 ,39980 ,56980 
2025,H15,상급종합병원,1858 ,5827 ,6049 ,369394680 ,801075880 
2025,H15,종합병원,1315 ,3165 ,3146 ,134837290 ,252632200 
2025,H15,의원,55466 ,95078 ,95058 ,2316797790 ,3223444520 
2025,H15,보건지소,1 ,1 ,1 ,6300 ,7200 
2025,H15,보건진료소,3 ,3 ,3 ,18900 ,21600 
2025,H15,병원,1115 ,2535 ,2545 ,92296600 ,151457500 
2025,H15,요양병원,7 ,8 ,3 ,357330 ,456100 
2025,H15,보건의료원,7 ,12 ,12 ,254960 ,353760 
2025,H16,상급종합병원,20665 ,48412 ,51766 ,3261609980 ,6456665590 
2025,H16,종합병원,26220 ,52191 ,52291 ,2167109620 ,4053445860 
2025,H16,한방병원,35 ,39 ,32 ,792620 ,1098810 
2025,H16,의원,1276322 ,2320341 ,2320105 ,63553291110 ,87477971090 
2025,H16,보건지소,190 ,239 ,239 ,1714790 ,2019790 
2025,H16,보건진료소,1436 ,2079 ,2079 ,16518880 ,19779480 
2025,H16,병원,33318 ,53332 ,53586 ,1738128600 ,2861801910 
2025,H16,요양병원,366 ,531 ,530 ,19347650 ,25421420 
2025,H16,보건소,170 ,221 ,221 ,1245990 ,1365190 
2025,H16,보건의료원,325 ,385 ,385 ,7795900 ,10345300 
2025,H16,정신병원,26 ,39 ,35 ,609050 ,874090 
2025,H17,상급종합병원,3576 ,8592 ,9025 ,831009860 ,1472837510 
2025,H17,종합병원,1582 ,3447 ,3510 ,234260490 ,403107210 
2025,H17,의원,14964 ,30369 ,30339 ,1235315450 ,1710330650 
2025,H17,보건진료소,1 ,4 ,4 ,38480 ,42080 
2025,H17,병원,2491 ,4665 ,4666 ,192819790 ,314017600 
2025,H17,요양병원,5 ,9 ,1 ,308620 ,386360 
2025,H17,보건의료원,10 ,18 ,18 ,369210 ,497910 
2025,H18,상급종합병원,12167 ,30998 ,32752 ,3443617590 ,5739860580 
2025,H18,종합병원,3999 ,9689 ,9938 ,821614010 ,1339279100 
2025,H18,한방병원,3 ,4 ,2 ,203540 ,262170 
2025,H18,의원,43512 ,99975 ,99920 ,3637002580 ,4983037290 
2025,H18,보건지소,1 ,1 ,1 ,6300 ,7200 
2025,H18,보건진료소,3 ,4 ,4 ,63740 ,85240 
2025,H18,병원,5502 ,12031 ,12148 ,576923580 ,899351820 
2025,H18,요양병원,17 ,23 ,86 ,5609960 ,7493990 
2025,H18,보건소,2 ,2 ,2 ,11180 ,12180 
2025,H18,보건의료원,67 ,122 ,122 ,2226240 ,3050140 
2025,H19,상급종합병원,3153 ,8455 ,8642 ,339741410 ,796593720 
2025,H19,종합병원,7173 ,14867 ,14872 ,563728140 ,1089270840 
2025,H19,한방병원,7 ,15 ,13 ,190120 ,293740 
2025,H19,의원,303517 ,558974 ,558933 ,16004416960 ,22100511560 
2025,H19,보건지소,214 ,296 ,296 ,2149960 ,2544860 
2025,H19,보건진료소,322 ,537 ,537 ,4481100 ,5385300 
2025,H19,병원,13796 ,28487 ,28557 ,855228470 ,1401842950 
2025,H19,요양병원,43 ,70 ,156 ,11321880 ,14069050 
2025,H19,보건소,300 ,425 ,425 ,2379150 ,2594250 
2025,H19,보건의료원,151 ,184 ,184 ,3385550 ,4411350 
2025,H19,정신병원,2 ,3 ,78 ,3397100 ,4559970 
2025,H20,상급종합병원,6939 ,25225 ,25671 ,2361014170 ,5130629420 
2025,H20,종합병원,3595 ,12757 ,12771 ,961917550 ,1794015500 
2025,H20,한방병원,2 ,6 ,5 ,58690 ,94020 
2025,H20,의원,67441 ,245698 ,245613 ,7518633690 ,10342384960 
2025,H20,병원,3527 ,11522 ,11511 ,751735960 ,1227702350 
2025,H20,요양병원,16 ,39 ,22 ,2634010 ,3371470 
2025,H20,보건의료원,5 ,13 ,13 ,188730 ,261230 
2025,H20,정신병원,2 ,3 ,2 ,102090 ,134800 
2025,H21,상급종합병원,802 ,1888 ,1987 ,264645900 ,446623000 
2025,H21,종합병원,785 ,1988 ,2019 ,246795920 ,382550680 
2025,H21,의원,4332 ,9687 ,9669 ,544537460 ,754426030 
2025,H21,병원,466 ,1069 ,1078 ,78450880 ,122140360 
2025,H21,요양병원,3 ,6 ,2 ,945160 ,1185930 
2025,H21,보건의료원,8 ,10 ,10 ,236890 ,328090 
2025,H22,상급종합병원,144 ,473 ,473 ,38767400 ,68321850 
2025,H22,종합병원,156 ,494 ,495 ,27346190 ,48890960 
2025,H22,의원,1342 ,3823 ,3822 ,178527310 ,218661350 
2025,H22,병원,107 ,374 ,374 ,20209700 ,27156310 
2025,H25,상급종합병원,12781 ,16366 ,19376 ,19551194810 ,24581205350 
2025,H25,종합병원,39044 ,83035 ,88890 ,30356878850 ,39685854300 
2025,H25,한방병원,17 ,27 ,21 ,1021780 ,1320240 
2025,H25,의원,1090489 ,3109235 ,3110119 ,526428439910 ,674853310540 
2025,H25,보건지소,79 ,143 ,143 ,710710 ,793910 
2025,H25,보건진료소,2 ,2 ,2 ,12600 ,14400 
2025,H25,병원,112269 ,248663 ,252497 ,67957362400 ,90576483950 
2025,H25,요양병원,334 ,567 ,814 ,46054420 ,59847410 
2025,H25,보건소,200 ,339 ,339 ,1834530 ,2019930 
2025,H25,보건의료원,754 ,1358 ,1358 ,28069090 ,37950090 
2025,H25,정신병원,8 ,17 ,14 ,2713300 ,3444340 
2025,H26,상급종합병원,61867 ,151808 ,154232 ,32863168480 ,49945093400 
2025,H26,종합병원,44238 ,105484 ,106452 ,15152618760 ,23269887780 
2025,H26,한방병원,17 ,26 ,10 ,1143260 ,1486850 
2025,H26,의원,273956 ,611964 ,611966 ,119332281770 ,160666281940 
2025,H26,보건지소,12 ,18 ,18 ,100750 ,116650 
2025,H26,보건진료소,1 ,1 ,1 ,6300 ,7200 
2025,H26,병원,28740 ,48324 ,48804 ,10059171830 ,14767107300 
2025,H26,요양병원,174 ,282 ,704 ,60624470 ,80160040 
2025,H26,보건소,30 ,53 ,53 ,292670 ,322770 
2025,H26,보건의료원,99 ,132 ,132 ,7468520 ,10433020 
2025,H27,상급종합병원,2809 ,7866 ,8835 ,2680438190 ,3903722600 
2025,H27,종합병원,1316 ,3979 ,4351 ,1073448370 ,1512330880 
2025,H27,의원,15574 ,45839 ,46018 ,5208214070 ,6730894280 
2025,H27,병원,1358 ,3373 ,3823 ,1778865820 ,2291257150 
2025,H27,요양병원,2 ,2 ,0 ,129090 ,161350 
2025,H27,보건소,1 ,1 ,1 ,5590 ,6090 
2025,H27,보건의료원,1 ,12 ,12 ,78870 ,96870 
2025,H28,상급종합병원,1001 ,2450 ,2455 ,229249690 ,451514530 
2025,H28,종합병원,177 ,430 ,460 ,70903260 ,108702860 
2025,H28,의원,1438 ,3412 ,3419 ,620133000 ,801246430 
2025,H28,보건지소,3 ,3 ,3 ,14550 ,16050 
2025,H28,병원,261 ,737 ,756 ,242316230 ,324320350 
2025,H28,요양병원,1 ,1 ,0 ,320800 ,320800 
2025,H28,보건소,1 ,6 ,6 ,33540 ,36540 
2025,H28,보건의료원,2 ,3 ,3 ,42610 ,56910 
2025,H30,상급종합병원,1479 ,5317 ,5512 ,724306300 ,1468428070 
2025,H30,종합병원,523 ,1845 ,1836 ,195446680 ,358396120 
2025,H30,의원,7997 ,18404 ,18392 ,1744680000 ,2407717980 
2025,H30,보건지소,1 ,4 ,4 ,19400 ,21400 
2025,H30,병원,658 ,2042 ,2051 ,240117500 ,398989930 
2025,H30,요양병원,6 ,8 ,2 ,1350220 ,1693950 
2025,H30,보건소,4 ,7 ,7 ,39130 ,42630 
2025,H30,정신병원,4 ,5 ,4 ,72530 ,105050 
2025,H31,상급종합병원,3419 ,9100 ,9215 ,974321760 ,2060009490 
2025,H31,종합병원,1503 ,3786 ,3747 ,358003610 ,672238840 
2025,H31,의원,14156 ,30315 ,30299 ,3230021480 ,4543008260 
2025,H31,병원,4215 ,9609 ,9637 ,994331190 ,1621330810 
2025,H31,요양병원,3 ,3 ,6 ,606470 ,788780 
2025,H31,보건의료원,4 ,12 ,12 ,230880 ,305880 
2025,H32,상급종합병원,71 ,199 ,198 ,13962700 ,30857730 
2025,H32,종합병원,649 ,1104 ,1103 ,89071880 ,160533390 
2025,H32,의원,361 ,591 ,591 ,54450540 ,76415990 
2025,H32,병원,66 ,151 ,150 ,14376130 ,23686250 
2025,H32,보건의료원,1 ,5 ,5 ,97900 ,139500 
2025,H33,상급종합병원,22317 ,60078 ,67688 ,18448921850 ,27629242860 
2025,H33,종합병원,11784 ,30798 ,33407 ,7228151540 ,10570818520 
2025,H33,한방병원,14 ,20 ,1 ,2932800 ,3671120 
2025,H33,의원,108028 ,236071 ,236597 ,33736621210 ,46435570770 
2025,H33,병원,23820 ,53257 ,56267 ,11013787880 ,15524764540 
2025,H33,요양병원,26 ,58 ,532 ,26605380 ,43564950 
2025,H33,보건소,3 ,3 ,3 ,16170 ,18270 
2025,H33,치과의원,1 ,3 ,3 ,37020 ,52520 
2025,H33,보건의료원,12 ,18 ,18 ,410760 ,582460 
2025,H34,상급종합병원,18906 ,60513 ,61044 ,5424619640 ,12670298060 
2025,H34,종합병원,13348 ,45591 ,45306 ,3906055250 ,7381393860 
2025,H34,한방병원,1 ,1 ,1 ,0 ,0 
2025,H34,의원,50629 ,175851 ,175799 ,16069649840 ,22506939370 
2025,H34,보건지소,1 ,1 ,1 ,4850 ,5350 
2025,H34,병원,14212 ,45169 ,45189 ,4294161760 ,7021072470 
2025,H34,요양병원,29 ,50 ,9 ,5464060 ,6932900 
2025,H34,보건소,5 ,8 ,8 ,44720 ,48720 
2025,H34,보건의료원,51 ,78 ,78 ,1931000 ,2587700 
2025,H34,정신병원,1 ,2 ,2 ,43280 ,66280 
2025,H35,상급종합병원,188635 ,489157 ,497412 ,115999263730 ,163407660610 
2025,H35,종합병원,143726 ,365925 ,366168 ,66488938550 ,91246459320 
2025,H35,한방병원,25 ,28 ,14 ,4194180 ,5387720 
2025,H35,의원,1153892 ,2428441 ,2428982 ,276432270200 ,355032481410 
2025,H35,보건지소,10 ,21 ,21 ,164250 ,201150 
2025,H35,보건진료소,2 ,2 ,2 ,19360 ,24360 
2025,H35,병원,152560 ,357915 ,361716 ,73044904640 ,93445300780 
2025,H35,요양병원,393 ,961 ,13261 ,1042498020 ,1271485810 
2025,H35,보건소,95 ,153 ,153 ,730820 ,820020 
2025,H35,보건의료원,259 ,372 ,372 ,11522860 ,15781560 
2025,H35,정신병원,9 ,13 ,9 ,2546510 ,2987360 
2025,H36,상급종합병원,59740 ,145168 ,145760 ,13353843660 ,31434643720 
2025,H36,종합병원,55264 ,138377 ,137993 ,11419915600 ,21531098040 
2025,H36,한방병원,9 ,19 ,14 ,634380 ,847230 
2025,H36,의원,329958 ,815633 ,815692 ,60697994060 ,83876583530 
2025,H36,보건지소,5 ,14 ,14 ,61400 ,70200 
2025,H36,병원,32364 ,90363 ,90679 ,10838932060 ,17420181840 
2025,H36,요양병원,134 ,269 ,1054 ,61974830 ,84645340 
2025,H36,보건소,25 ,54 ,54 ,300060 ,328860 
2025,H36,보건의료원,419 ,987 ,987 ,21596350 ,30136950 
2025,H36,정신병원,3 ,3 ,1 ,555340 ,694150 
2025,H40,상급종합병원,152028 ,367336 ,370092 ,26883327510 ,62296895870 
2025,H40,종합병원,95068 ,248972 ,248745 ,17656598140 ,33602194750 
2025,H40,한방병원,44 ,108 ,92 ,1759100 ,2550290 
2025,H40,의원,973566 ,2638697 ,2638068 ,160788675710 ,224867281320 
2025,H40,보건지소,59 ,140 ,140 ,827240 ,963640 
2025,H40,병원,119328 ,279358 ,280200 ,22342461640 ,37615138280 
2025,H40,요양병원,538 ,1000 ,2040 ,121389730 ,166269570 
2025,H40,보건소,148 ,285 ,285 ,1589550 ,1738650 
2025,H40,보건의료원,646 ,1324 ,1324 ,33650880 ,46437580 
2025,H40,정신병원,14 ,34 ,17 ,2030990 ,2591920 
2025,H42,상급종합병원,103 ,295 ,328 ,34140740 ,63035060 
2025,H42,종합병원,1237 ,3291 ,3285 ,221422200 ,431752940 
2025,H42,한방병원,1 ,1 ,1 ,9300 ,15500 
2025,H42,의원,5190 ,10410 ,10409 ,359975900 ,494579310 
2025,H42,보건지소,2 ,6 ,6 ,29100 ,32100 
2025,H42,병원,727 ,1228 ,1251 ,98762330 ,153521940 
2025,H42,요양병원,2 ,3 ,2 ,82990 ,126100 
2025,H42,정신병원,1 ,1 ,1 ,7590 ,12490 
2025,H43,상급종합병원,12803 ,27862 ,30345 ,7561558780 ,11602250140 
2025,H43,종합병원,13350 ,27562 ,29024 ,5348297770 ,7955634370 
2025,H43,한방병원,5 ,6 ,0 ,1193260 ,1492990 
2025,H43,의원,268758 ,413371 ,413564 ,32889329300 ,44966892920 
2025,H43,보건지소,1 ,1 ,1 ,10000 ,10900 
2025,H43,병원,21731 ,34290 ,35598 ,5486917430 ,7725995310 
2025,H43,요양병원,37 ,57 ,182 ,11897440 ,17370560 
2025,H43,보건소,5 ,5 ,5 ,26150 ,30450 
2025,H43,보건의료원,100 ,135 ,135 ,3270930 ,4610330 
2025,H43,정신병원,3 ,3 ,0 ,337910 ,406240 
2025,H44,상급종합병원,6868 ,18130 ,20824 ,3490272020 ,5714446980 
2025,H44,종합병원,3138 ,7507 ,8201 ,1033453170 ,1623006770 
2025,H44,한방병원,2 ,2 ,1 ,79110 ,102760 
2025,H44,의원,12403 ,29715 ,29726 ,1925502060 ,2634138140 
2025,H44,보건지소,47 ,74 ,74 ,860900 ,1114500 
2025,H44,보건진료소,356 ,525 ,525 ,4343780 ,5112980 
2025,H44,병원,1864 ,3443 ,3583 ,396052240 ,586773260 
2025,H44,요양병원,16 ,31 ,344 ,15438270 ,24603540 
2025,H44,보건소,21 ,40 ,40 ,214220 ,235920 
2025,H44,보건의료원,9 ,9 ,9 ,221470 ,300370 
2025,H45,상급종합병원,55 ,125 ,164 ,37088860 ,56752420 
2025,H45,종합병원,77 ,127 ,135 ,18266870 ,28559120 
2025,H45,의원,246 ,534 ,533 ,109577340 ,141562200 
2025,H45,보건진료소,1 ,1 ,1 ,4640 ,5540 
2025,H45,병원,13 ,22 ,22 ,4523680 ,6196380 
2025,H45,요양병원,1 ,1 ,0 ,29390 ,36730 
2025,H45,보건의료원,1 ,1 ,1 ,47060 ,67160 
2025,H46,상급종합병원,5105 ,11972 ,14571 ,2523955400 ,4171912100 
2025,H46,종합병원,1606 ,4260 ,5147 ,785572300 ,1248401520 
2025,H46,한방병원,1 ,1 ,0 ,164390 ,228020 
2025,H46,의원,1844 ,3256 ,3242 ,443529920 ,625095430 
2025,H46,보건지소,1 ,2 ,2 ,9700 ,10700 
2025,H46,병원,452 ,811 ,878 ,82003300 ,129022960 
2025,H46,요양병원,5 ,7 ,14 ,1537900 ,2007740 
2025,H46,보건소,1 ,1 ,1 ,4990 ,6090 
2025,H47,상급종합병원,6032 ,12148 ,12529 ,1251033610 ,2554018450 
2025,H47,종합병원,4155 ,8114 ,8202 ,778327890 ,1430252990 
2025,H47,한방병원,2 ,2 ,1 ,176010 ,251300 
2025,H47,의원,21662 ,33242 ,33191 ,3027038200 ,4265139570 
2025,H47,보건진료소,1 ,1 ,1 ,7960 ,8860 
2025,H47,병원,1857 ,2856 ,2831 ,236186750 ,395026610 
2025,H47,요양병원,7 ,8 ,0 ,1177260 ,1515300 
2025,H47,보건의료원,3 ,3 ,3 ,87020 ,118020 
2025,H47,정신병원,1 ,7 ,0 ,1179600 ,1371570 
2025,H48,상급종합병원,256 ,495 ,518 ,75824700 ,137936130 
2025,H48,종합병원,153 ,302 ,296 ,23850500 ,44748150 
2025,H48,의원,630 ,1029 ,1025 ,87546300 ,123416690 
2025,H48,병원,50 ,67 ,66 ,6583510 ,10635360 
2025,H48,요양병원,2 ,3 ,63 ,3438600 ,4750930 
2025,H48,보건소,1 ,1 ,1 ,4990 ,6090 
2025,H49,상급종합병원,7255 ,18198 ,20154 ,2992415000 ,4973943330 
2025,H49,종합병원,4760 ,13367 ,16166 ,2266898600 ,3562527180 
2025,H49,한방병원,15 ,38 ,15 ,3176850 ,4089010 
2025,H49,의원,5565 ,10080 ,10025 ,638180400 ,870106810 
2025,H49,병원,1306 ,2348 ,2556 ,237350460 ,350773240 
2025,H49,요양병원,5 ,8 ,41 ,910290 ,1239920 
2025,H49,보건소,2 ,2 ,2 ,10980 ,13680 
2025,H49,보건의료원,1 ,1 ,1 ,23820 ,43880 
2025,H50,상급종합병원,64931 ,134281 ,138913 ,23939238440 ,33167938900 
2025,H50,종합병원,19810 ,45854 ,46561 ,5634133380 ,7888107060 
2025,H50,한방병원,1 ,1 ,1 ,91860 ,152960 
2025,H50,의원,63473 ,96254 ,96007 ,6571291660 ,8741988810 
2025,H50,보건지소,1 ,1 ,1 ,4450 ,5350 
2025,H50,병원,25786 ,46206 ,46545 ,4937870210 ,6612791140 
2025,H50,요양병원,7 ,65 ,77 ,12196170 ,13391360 
2025,H50,보건소,2 ,2 ,2 ,10780 ,12180 
2025,H50,보건의료원,11 ,12 ,12 ,212180 ,274580 
2025,H50,정신병원,1 ,1 ,0 ,126890 ,158610 
2025,H51,상급종합병원,478 ,890 ,960 ,102547860 ,181460100 
2025,H51,종합병원,249 ,502 ,559 ,54696490 ,87630190 
2025,H51,한방병원,1 ,1 ,0 ,675010 ,866540 
2025,H51,의원,2325 ,4178 ,4178 ,230454260 ,315189820 
2025,H51,병원,57 ,95 ,94 ,5609600 ,8916410 
2025,H51,요양병원,1 ,1 ,0 ,14940 ,18670 
2025,H52,상급종합병원,1585 ,2350 ,2321 ,97670680 ,235084800 
2025,H52,종합병원,15610 ,28318 ,28301 ,993490510 ,1902855250 
2025,H52,한방병원,6 ,6 ,1 ,172190 ,220490 
2025,H52,의원,2429868 ,3796410 ,3795910 ,171356658300 ,241548403680 
2025,H52,보건지소,2 ,7 ,7 ,33520 ,40320 
2025,H52,보건진료소,1 ,1 ,1 ,37580 ,53680 
2025,H52,병원,161872 ,244563 ,244630 ,11159866930 ,18224498030 
2025,H52,요양병원,66 ,79 ,39 ,7741690 ,10162450 
2025,H52,보건소,7 ,24 ,24 ,65510 ,84810 
2025,H52,보건의료원,55 ,59 ,59 ,1499780 ,2102680 
2025,H52,정신병원,5 ,5 ,1 ,541170 ,680640 
2025,H53,상급종합병원,30960 ,59835 ,61062 ,4612227070 ,9826225590 
2025,H53,종합병원,31139 ,64228 ,67201 ,7161954120 ,12606028310 
2025,H53,한방병원,9 ,11 ,4 ,709720 ,885770 
2025,H53,의원,45510 ,64428 ,64339 ,3943263410 ,5548307620 
2025,H53,보건지소,5 ,5 ,5 ,26950 ,31950 
2025,H53,보건진료소,2 ,2 ,2 ,12600 ,14400 
2025,H53,병원,6682 ,10964 ,11240 ,857611330 ,1352700680 
2025,H53,요양병원,32 ,45 ,36 ,2024260 ,2995510 
2025,H53,보건소,7 ,12 ,12 ,65280 ,73080 
2025,H53,보건의료원,32 ,34 ,34 ,699880 ,886080 
2025,H53,정신병원,3 ,6 ,4 ,316880 ,389980 
2025,H54,상급종합병원,409 ,736 ,778 ,79809800 ,145969570 
2025,H54,종합병원,5127 ,11196 ,11170 ,663527030 ,1287366870 
2025,H54,한방병원,2 ,2 ,1 ,179590 ,252600 
2025,H54,의원,5680 ,9381 ,9347 ,515991280 ,700637280 
2025,H54,보건지소,1 ,1 ,1 ,4450 ,5350 
2025,H54,병원,1838 ,1941 ,1940 ,54743770 ,78439300 
2025,H54,요양병원,15 ,54 ,989 ,68468290 ,92936650 
2025,H54,보건소,2 ,6 ,6 ,33540 ,36540 
2025,H54,보건의료원,2 ,4 ,4 ,75480 ,107480 
2025,H54,정신병원,1 ,1 ,1 ,8840 ,13540 
2025,H55,상급종합병원,1047 ,1958 ,2074 ,255799830 ,428312160 
2025,H55,종합병원,977 ,1410 ,2084 ,473613630 ,734108550 
2025,H55,의원,818 ,1071 ,1067 ,95656160 ,137196640 
2025,H55,보건진료소,15 ,20 ,20 ,245620 ,288420 
2025,H55,병원,268 ,365 ,426 ,54781450 ,85237560 
2025,H55,요양병원,2 ,2 ,17 ,1280780 ,1551330 
2025,H55,보건소,8 ,8 ,8 ,43520 ,48720 
2025,H55,보건의료원,1 ,1 ,1 ,20400 ,21400 
2025,H57,상급종합병원,10326 ,22339 ,22366 ,1560362760 ,3481576960 
2025,H57,종합병원,10099 ,17875 ,17846 ,980269810 ,1820182910 
2025,H57,한방병원,5 ,5 ,1 ,141730 ,182420 
2025,H57,의원,90349 ,136839 ,136770 ,4536253080 ,6323408120 
2025,H57,보건지소,23 ,31 ,31 ,272950 ,313150 
2025,H57,보건진료소,60 ,80 ,80 ,603600 ,675600 
2025,H57,병원,1315 ,1813 ,1839 ,106707160 ,171068210 
2025,H57,요양병원,16 ,17 ,44 ,1215430 ,1657050 
2025,H57,보건소,2 ,2 ,2 ,10580 ,12180 
2025,H57,보건의료원,25 ,25 ,25 ,1068110 ,1511010 
2025,H57,정신병원,1 ,1 ,1 ,10430 ,17230 
2025,H58,상급종합병원,348 ,1267 ,1318 ,90244840 ,195492870 
2025,H58,종합병원,370 ,1300 ,1293 ,75815720 ,143428870 
2025,H58,한방병원,1 ,4 ,4 ,47970 ,79670 
2025,H58,의원,375 ,610 ,606 ,39815600 ,56117880 
2025,H58,병원,102 ,296 ,294 ,12174940 ,20059640 
2025,H58,요양병원,1 ,2 ,13 ,2787750 ,3673870 
2025,H59,상급종합병원,177 ,400 ,491 ,150530610 ,204155790 
2025,H59,종합병원,101 ,266 ,289 ,35951890 ,50939600 
2025,H59,한방병원,2 ,6 ,6 ,15040 ,24940 
2025,H59,의원,568 ,1060 ,1061 ,95203310 ,127568370 
2025,H59,보건진료소,1 ,1 ,1 ,2980 ,3880 
2025,H59,병원,506 ,978 ,1029 ,192525260 ,268680860 
2025,H59,요양병원,13 ,27 ,41 ,815750 ,1397670 
2025,H59,보건소,3 ,3 ,3 ,15570 ,18270 
2025,H59,보건의료원,1 ,1 ,1 ,9110 ,12910 
2025,H59,정신병원,1 ,1 ,1 ,4140 ,6240 
2025,H60,상급종합병원,1521 ,3988 ,5642 ,946080650 ,1389786080 
2025,H60,종합병원,17735 ,32274 ,34161 ,1351451030 ,2157931250 
2025,H60,한방병원,77 ,88 ,78 ,1173620 ,1831020 
2025,H60,치과병원,3 ,7 ,7 ,74600 ,124200 
2025,H60,의원,1544072 ,3201498 ,3201361 ,54159775630 ,72261873810 
2025,H60,보건지소,94 ,122 ,122 ,1229100 ,1583000 
2025,H60,보건진료소,216 ,303 ,303 ,2562820 ,2990020 
2025,H60,병원,22796 ,35482 ,35912 ,713297620 ,1093690490 
2025,H60,요양병원,452 ,641 ,1202 ,51460770 ,68543740 
2025,H60,보건소,72 ,84 ,84 ,469060 ,511560 
2025,H60,치과의원,1 ,3 ,3 ,113900 ,162600 
2025,H60,보건의료원,422 ,499 ,502 ,8898380 ,12043160 
2025,H60,정신병원,29 ,37 ,32 ,558270 ,806390 
2025,H61,상급종합병원,849 ,2010 ,2434 ,310785640 ,471170270 
2025,H61,종합병원,9523 ,15500 ,15856 ,561771120 ,969683930 
2025,H61,한방병원,4 ,4 ,0 ,267680 ,334580 
2025,H61,의원,777282 ,1156374 ,1156300 ,35294942520 ,48853866410 
2025,H61,보건지소,4 ,4 ,4 ,27050 ,30650 
2025,H61,보건진료소,3 ,3 ,3 ,22220 ,24920 
2025,H61,병원,11458 ,14771 ,15104 ,532022950 ,764575560 
2025,H61,요양병원,95 ,114 ,74 ,4223620 ,5505340 
2025,H61,보건의료원,52 ,59 ,59 ,1373210 ,1887510 
2025,H61,정신병원,3 ,7 ,5 ,199820 ,291670 
2025,H62,상급종합병원,484 ,1226 ,1260 ,40276130 ,95303940 
2025,H62,종합병원,1793 ,4574 ,4800 ,167978690 ,284355630 
2025,H62,한방병원,4 ,5 ,4 ,88590 ,131580 
2025,H62,의원,38161 ,100516 ,100516 ,1756498230 ,2354048150 
2025,H62,보건지소,1 ,1 ,1 ,4850 ,5350 
2025,H62,보건진료소,3 ,6 ,6 ,42780 ,48180 
2025,H62,병원,617 ,1384 ,1513 ,45059310 ,67618360 
2025,H62,요양병원,8 ,11 ,35 ,2852760 ,3832510 
2025,H62,보건의료원,1 ,3 ,3 ,45370 ,58470 
2025,H65,상급종합병원,10998 ,31195 ,34525 ,4522747320 ,7097249740 
2025,H65,종합병원,16636 ,44414 ,48198 ,4539187650 ,6509325390 
2025,H65,한방병원,24 ,35 ,23 ,1602200 ,2139650 
2025,H65,치과병원,1 ,1 ,1 ,22410 ,31010 
2025,H65,의원,474414 ,1151099 ,1151199 ,26518453700 ,36081099940 
2025,H65,보건지소,44 ,64 ,64 ,518380 ,639880 
2025,H65,보건진료소,73 ,115 ,115 ,1112940 ,1340940 
2025,H65,병원,17264 ,38141 ,39630 ,1357837910 ,1914386100 
2025,H65,요양병원,373 ,1250 ,1407 ,30162920 ,40149030 
2025,H65,보건소,33 ,45 ,45 ,249750 ,274050 
2025,H65,치과의원,1 ,1 ,1 ,19300 ,27500 
2025,H65,보건의료원,157 ,258 ,264 ,4945910 ,6342720 
2025,H65,정신병원,3 ,3 ,2 ,138000 ,202580 
2025,H66,상급종합병원,13738 ,37224 ,46074 ,8880890480 ,13472152570 
2025,H66,종합병원,25385 ,72466 ,79780 ,6501578390 ,9136671390 
2025,H66,한방병원,45 ,55 ,40 ,1854330 ,2596760 
2025,H66,치과병원,9 ,18 ,18 ,290520 ,482720 
2025,H66,의원,957385 ,3046456 ,3050759 ,52966992070 ,68742571340 
2025,H66,보건지소,28 ,35 ,35 ,280800 ,337100 
2025,H66,보건진료소,130 ,234 ,234 ,2102500 ,2448400 
2025,H66,병원,110445 ,309829 ,319305 ,7717171520 ,10111162360 
2025,H66,요양병원,309 ,555 ,566 ,15460970 ,20908170 
2025,H66,보건소,31 ,46 ,46 ,255890 ,281990 
2025,H66,보건의료원,271 ,578 ,578 ,9194850 ,11762450 
2025,H66,정신병원,8 ,8 ,7 ,96530 ,143460 
2025,H67,상급종합병원,246 ,568 ,576 ,28557240 ,50498630 
2025,H67,종합병원,515 ,1054 ,1152 ,82504880 ,119684420 
2025,H67,한방병원,1 ,1 ,1 ,9630 ,15930 
2025,H67,의원,13499 ,30221 ,30220 ,517881440 ,686944510 
2025,H67,보건지소,6 ,6 ,6 ,51450 ,59850 
2025,H67,보건진료소,5 ,6 ,6 ,52320 ,63120 
2025,H67,병원,344 ,548 ,551 ,9201110 ,12420320 
2025,H67,요양병원,10 ,16 ,15 ,263540 ,375270 
2025,H67,보건소,5 ,8 ,8 ,44720 ,48720 
2025,H67,보건의료원,8 ,8 ,8 ,253130 ,330330 
2025,H67,정신병원,4 ,4 ,4 ,71010 ,111610 
2025,H68,상급종합병원,227 ,449 ,458 ,22263020 ,55027950 
2025,H68,종합병원,1572 ,2608 ,2649 ,89272790 ,168383230 
2025,H68,의원,175818 ,302725 ,302680 ,7464027250 ,10387836430 
2025,H68,보건진료소,1 ,1 ,1 ,9620 ,10520 
2025,H68,병원,697 ,848 ,844 ,27788290 ,45061420 
2025,H68,요양병원,11 ,13 ,11 ,277500 ,379930 
2025,H68,보건의료원,13 ,14 ,14 ,168310 ,239610 
2025,H68,정신병원,1 ,3 ,3 ,67150 ,102450 
2025,H69,상급종합병원,4143 ,8360 ,8399 ,373030340 ,889769800 
2025,H69,종합병원,5669 ,9871 ,9882 ,403393490 ,748889890 
2025,H69,한방병원,3 ,3 ,3 ,98470 ,163970 
2025,H69,의원,69683 ,93484 ,93463 ,3280808450 ,4615251550 
2025,H69,보건지소,1 ,1 ,1 ,4450 ,5350 
2025,H69,병원,2759 ,3547 ,3568 ,164581400 ,270098610 
2025,H69,요양병원,6 ,6 ,1 ,322950 ,429150 
2025,H69,보건소,1 ,1 ,1 ,5590 ,6090 
2025,H69,보건의료원,3 ,3 ,3 ,40840 ,48040 
2025,H70,상급종합병원,304 ,688 ,887 ,132294820 ,191768950 
2025,H70,종합병원,565 ,1240 ,1478 ,126852860 ,192867830 
2025,H70,한방병원,1 ,1 ,0 ,195690 ,274660 
2025,H70,의원,1285 ,2416 ,2418 ,66469020 ,91787220 
2025,H70,보건지소,1 ,1 ,1 ,4850 ,5350 
2025,H70,병원,161 ,268 ,454 ,48963810 ,66979150 
2025,H70,요양병원,2 ,4 ,1 ,56570 ,74290 
2025,H70,보건소,1 ,1 ,1 ,5590 ,6090 
2025,H71,상급종합병원,6760 ,20228 ,24587 ,4893163280 ,7148581680 
2025,H71,종합병원,3620 ,11787 ,13156 ,3143293820 ,3992370570 
2025,H71,한방병원,2 ,3 ,0 ,207340 ,259390 
2025,H71,의원,4606 ,15234 ,15768 ,1056478720 ,1413285180 
2025,H71,병원,617 ,2103 ,2248 ,166991170 ,253820960 
2025,H71,요양병원,6 ,17 ,232 ,6866480 ,8824970 
2025,H71,보건의료원,1 ,1 ,1 ,93830 ,134030 
2025,H72,상급종합병원,2785 ,8221 ,9059 ,1196209560 ,1929173450 
2025,H72,종합병원,2022 ,6211 ,6641 ,674124150 ,1013075640 
2025,H72,의원,12273 ,33596 ,33694 ,1543493110 ,2126673330 
2025,H72,보건지소,2 ,3 ,3 ,14150 ,16050 
2025,H72,보건진료소,1 ,1 ,1 ,7960 ,8860 
2025,H72,병원,489 ,1291 ,1329 ,76920350 ,117431550 
2025,H72,요양병원,4 ,6 ,1 ,252440 ,317770 
2025,H72,보건의료원,6 ,6 ,6 ,104300 ,142000 
2025,H72,정신병원,1 ,1 ,0 ,636920 ,796140 
2025,H73,상급종합병원,715 ,1682 ,1706 ,59449840 ,143303680 
2025,H73,종합병원,1814 ,4882 ,5012 ,168925080 ,290410640 
2025,H73,한방병원,2 ,3 ,0 ,246960 ,308680 
2025,H73,의원,76555 ,206233 ,206209 ,5590521290 ,7699634950 
2025,H73,보건지소,2 ,4 ,4 ,25850 ,32150 
2025,H73,병원,729 ,1550 ,1617 ,47151110 ,73829810 
2025,H73,요양병원,16 ,19 ,129 ,1016350 ,1230670 
2025,H73,보건의료원,6 ,6 ,6 ,146630 ,209030 
2025,H73,정신병원,3 ,3 ,2 ,57800 ,81940 
2025,H74,상급종합병원,1782 ,4696 ,5231 ,606369380 ,1002424360 
2025,H74,종합병원,1859 ,5512 ,5674 ,470544770 ,725181080 
2025,H74,한방병원,4 ,4 ,3 ,166260 ,223760 
2025,H74,의원,3109 ,7363 ,7390 ,345550910 ,476557460 
2025,H74,보건진료소,2 ,3 ,3 ,28860 ,31560 
2025,H74,병원,359 ,975 ,998 ,50646000 ,80223160 
2025,H74,요양병원,4 ,5 ,4 ,54960 ,80560 
2025,H74,정신병원,1 ,1 ,1 ,8190 ,12490 
2025,H75,상급종합병원,4 ,83 ,83 ,939220 ,2372070 
2025,H75,종합병원,110 ,274 ,274 ,9668870 ,18850850 
2025,H75,의원,12 ,74 ,73 ,1091110 ,1476310 
2025,H75,병원,1 ,1 ,1 ,82080 ,136680 
2025,H80,상급종합병원,465 ,880 ,1062 ,172512040 ,264740850 
2025,H80,종합병원,60 ,98 ,105 ,9555050 ,15140080 
2025,H80,한방병원,1 ,1 ,1 ,16840 ,27940 
2025,H80,의원,121 ,281 ,315 ,34146560 ,45292140 
2025,H80,병원,28 ,36 ,58 ,3636720 ,5760580 
2025,H81,상급종합병원,37393 ,85887 ,90619 ,8430183380 ,15584849460 
2025,H81,종합병원,168663 ,351194 ,449577 ,55565024990 ,83637454320 
2025,H81,한방병원,550 ,862 ,782 ,71259230 ,96489260 
2025,H81,치과병원,19 ,21 ,21 ,500260 ,832460 
2025,H81,의원,984561 ,2202072 ,2205563 ,161597272930 ,228643127130 
2025,H81,보건지소,784 ,1355 ,1355 ,9438850 ,11376750 
2025,H81,보건진료소,619 ,1521 ,1521 ,19836900 ,25824800 
2025,H81,병원,61943 ,127434 ,162550 ,13501082080 ,20614694900 
2025,H81,요양병원,1139 ,2840 ,8155 ,379641480 ,545735540 
2025,H81,보건소,457 ,709 ,709 ,3963730 ,4320630 
2025,H81,치과의원,2 ,2 ,2 ,41910 ,59810 
2025,H81,보건의료원,474 ,726 ,729 ,19788110 ,25872540 
2025,H81,정신병원,70 ,155 ,157 ,4590870 ,6813880 
2025,H82,상급종합병원,11 ,27 ,27 ,481330 ,1580910 
2025,H82,종합병원,453 ,662 ,892 ,107925080 ,180624620 
2025,H82,한방병원,11 ,18 ,24 ,1422370 ,1985770 
2025,H82,의원,6828 ,12634 ,12639 ,457004080 ,640037200 
2025,H82,보건지소,5 ,5 ,5 ,104800 ,148500 
2025,H82,보건진료소,3 ,4 ,4 ,35360 ,47060 
2025,H82,병원,1328 ,2190 ,3040 ,198725010 ,286423410 
2025,H82,요양병원,75 ,93 ,93 ,1790790 ,2857050 
2025,H82,보건소,6 ,9 ,9 ,49510 ,56310 
2025,H82,보건의료원,2 ,2 ,2 ,83910 ,116410 
2025,H82,정신병원,1 ,5 ,0 ,722350 ,839930 
2025,H83,상급종합병원,1030 ,2423 ,2726 ,259056240 ,469117240 
2025,H83,종합병원,1032 ,2323 ,2856 ,255272100 ,386407700 
2025,H83,한방병원,1 ,1 ,1 ,16690 ,27790 
2025,H83,의원,9979 ,18068 ,18101 ,752263830 ,1050507920 
2025,H83,보건진료소,5 ,13 ,13 ,121320 ,138420 
2025,H83,병원,239 ,342 ,440 ,27442350 ,42797170 
2025,H83,요양병원,26 ,71 ,74 ,902260 ,1455570 
2025,H83,보건의료원,1 ,1 ,1 ,18790 ,26790 
2025,H90,상급종합병원,46626 ,105408 ,110644 ,19412823820 ,36364086020 
2025,H90,종합병원,47718 ,97257 ,100756 ,6691157940 ,13319430060 
2025,H90,한방병원,16 ,18 ,5 ,1104560 ,1393860 
2025,H90,의원,449380 ,698899 ,698781 ,41494791880 ,58620712270 
2025,H90,보건지소,1 ,2 ,2 ,11180 ,12180 
2025,H90,병원,7443 ,11092 ,11412 ,623600970 ,992940400 
2025,H90,요양병원,74 ,94 ,139 ,11826950 ,15178550 
2025,H90,보건소,3 ,11 ,11 ,60290 ,66990 
2025,H90,보건의료원,9 ,16 ,16 ,666220 ,774020 
2025,H90,정신병원,1 ,1 ,0 ,218780 ,273470 
2025,H91,상급종합병원,40491 ,100341 ,108769 ,13889330360 ,27181188480 
2025,H91,종합병원,38191 ,111189 ,128838 ,10891199530 ,17478693270 
2025,H91,한방병원,197 ,459 ,358 ,23544770 ,33171750 
2025,H91,의원,260834 ,538206 ,538453 ,32932806430 ,46694675370 
2025,H91,보건지소,6 ,6 ,6 ,33050 ,37650 
2025,H91,보건진료소,3 ,3 ,3 ,15580 ,18280 
2025,H91,병원,8877 ,25465 ,28415 ,2041271760 ,3170413330 
2025,H91,요양병원,60 ,109 ,222 ,26639710 ,32364100 
2025,H91,보건소,12 ,47 ,47 ,125220 ,154620 
2025,H91,보건의료원,24 ,29 ,29 ,555680 ,731280 
2025,H91,정신병원,3 ,4 ,1 ,226290 ,275990 
2025,H92,상급종합병원,4727 ,10002 ,10235 ,491761770 ,1033612140 
2025,H92,종합병원,13413 ,23359 ,23522 ,818738690 ,1471799230 
2025,H92,한방병원,8 ,8 ,8 ,140650 ,234050 
2025,H92,치과병원,2 ,2 ,2 ,27040 ,44940 
2025,H92,의원,62061 ,76970 ,76946 ,1356454200 ,1828963230 
2025,H92,보건지소,16 ,22 ,22 ,231950 ,289750 
2025,H92,보건진료소,136 ,190 ,190 ,1628420 ,1869320 
2025,H92,병원,3868 ,4302 ,4365 ,84229090 ,129525610 
2025,H92,요양병원,34 ,38 ,16 ,2240550 ,2921490 
2025,H92,보건소,4 ,4 ,4 ,22360 ,24360 
2025,H92,치과의원,6 ,7 ,7 ,739050 ,1055250 
2025,H92,보건의료원,65 ,70 ,70 ,1538040 ,2126540 
2025,H92,정신병원,1 ,1 ,0 ,39330 ,49160 
2025,H93,상급종합병원,33946 ,66471 ,66963 ,3876860400 ,8688635110 
2025,H93,종합병원,47172 ,95994 ,96757 ,4358837530 ,8137228750 
2025,H93,한방병원,630 ,1090 ,991 ,34832020 ,51730260 
2025,H93,의원,323283 ,673732 ,673350 ,25362783720 ,35243331110 
2025,H93,보건지소,41 ,83 ,83 ,442370 ,501770 
2025,H93,보건진료소,28 ,88 ,88 ,916320 ,1176420 
2025,H93,병원,19210 ,38437 ,39040 ,1859869230 ,3047713040 
2025,H93,요양병원,191 ,325 ,367 ,6956890 ,9865290 
2025,H93,보건소,54 ,108 ,108 ,604520 ,674220 
2025,H93,치과의원,5 ,5 ,5 ,552620 ,789120 
2025,H93,보건의료원,87 ,126 ,126 ,2026710 ,2592010 
2025,H93,정신병원,27 ,87 ,86 ,1887610 ,2848350 
2025,H94,상급종합병원,2 ,9 ,9 ,29520 ,218520 
2025,H94,종합병원,5 ,8 ,8 ,226470 ,529090 
2025,H94,의원,274 ,277 ,277 ,7707690 ,8233590 
2025,H94,병원,2 ,3 ,3 ,39210 ,52020 
2025,H95,상급종합병원,447 ,1246 ,1356 ,121039250 ,199517120 
2025,H95,종합병원,222 ,688 ,742 ,73828110 ,101084850 
2025,H95,한방병원,1 ,1 ,0 ,157120 ,196400 
2025,H95,의원,1243 ,5159 ,5161 ,106002770 ,141006160 
2025,H95,병원,21 ,87 ,87 ,1988210 ,3210750 
2025,H95,요양병원,1 ,1 ,5 ,316160 ,421970 
2025,H95,보건의료원,1 ,1 ,1 ,26590 ,37890 
2025,I00,상급종합병원,62 ,157 ,191 ,26451310 ,38958990 
2025,I00,종합병원,162 ,399 ,416 ,24234480 ,38200270 
2025,I00,한방병원,12 ,58 ,53 ,2523000 ,3239290 
2025,I00,의원,752 ,1686 ,1720 ,62701550 ,83806240 
2025,I00,보건지소,2 ,4 ,4 ,38750 ,49150 
2025,I00,병원,142 ,298 ,325 ,15873670 ,23749860 
2025,I00,요양병원,37 ,126 ,1957 ,155269570 ,197827660 
2025,I00,보건의료원,1 ,4 ,4 ,123740 ,165640 
2025,I00,정신병원,1 ,1 ,1 ,10430 ,17230 
2025,I01,상급종합병원,13 ,40 ,69 ,53745050 ,60185700 
2025,I01,종합병원,22 ,64 ,73 ,4635360 ,6834500 
2025,I01,의원,78 ,109 ,109 ,2338380 ,3118130 
2025,I01,병원,22 ,60 ,51 ,2185090 ,3052910 
2025,I01,요양병원,3 ,19 ,333 ,24808540 ,33017480 
2025,I01,치과의원,2 ,2 ,2 ,138680 ,193280 
2025,I01,정신병원,1 ,5 ,5 ,62880 ,96380 
2025,I02,상급종합병원,6 ,13 ,13 ,688700 ,1216200 
2025,I02,종합병원,1 ,1 ,1 ,7510 ,14910 
2025,I02,의원,10 ,10 ,10 ,311410 ,431110 
2025,I02,병원,1 ,1 ,1 ,35060 ,58360 
2025,I05,상급종합병원,8271 ,33658 ,41093 ,21313651480 ,25667002260 
2025,I05,종합병원,3964 ,15038 ,17700 ,4223284930 ,5140524530 
2025,I05,한방병원,4 ,18 ,367 ,36418000 ,43841690 
2025,I05,의원,1662 ,5061 ,5014 ,250980160 ,351298620 
2025,I05,병원,243 ,617 ,1078 ,124768380 ,163347700 
2025,I05,요양병원,59 ,224 ,1869 ,95120530 ,145183630 
2025,I05,보건소,2 ,5 ,5 ,27950 ,30450 
2025,I05,보건의료원,2 ,2 ,2 ,75840 ,105240 
2025,I05,정신병원,2 ,13 ,13 ,161930 ,265830 
2025,I06,상급종합병원,997 ,3399 ,4030 ,1894006750 ,2288308030 
2025,I06,종합병원,480 ,1684 ,1934 ,371163300 ,461028880 
2025,I06,의원,263 ,699 ,696 ,42388000 ,58372670 
2025,I06,병원,22 ,70 ,177 ,15346710 ,23599480 
2025,I06,요양병원,12 ,29 ,296 ,22588600 ,28244930 
2025,I06,보건의료원,2 ,7 ,7 ,376770 ,534770 
2025,I07,상급종합병원,2186 ,6468 ,9995 ,6357687950 ,7653687340 
2025,I07,종합병원,987 ,2866 ,4181 ,1327630670 ,1593969790 
2025,I07,의원,1031 ,1807 ,1786 ,195074740 ,276971170 
2025,I07,병원,97 ,176 ,221 ,22226260 ,30876650 
2025,I07,요양병원,19 ,43 ,441 ,32546310 ,43914010 
2025,I07,보건소,2 ,5 ,5 ,26750 ,30450 
2025,I08,상급종합병원,790 ,3065 ,5907 ,7294680920 ,8152302310 
2025,I08,종합병원,792 ,2675 ,5189 ,5743332940 ,6275905510 
2025,I08,의원,1924 ,3519 ,3479 ,340537660 ,469583480 
2025,I08,보건지소,1 ,1 ,1 ,6300 ,7200 
2025,I08,병원,153 ,304 ,350 ,22200110 ,33146940 
2025,I08,요양병원,31 ,118 ,1148 ,89331120 ,120564970 
2025,I08,보건소,2 ,4 ,4 ,21760 ,24360 
2025,I08,보건의료원,5 ,30 ,30 ,684600 ,896000 
2025,I08,정신병원,1 ,3 ,3 ,32290 ,53790 
2025,I09,상급종합병원,221 ,748 ,817 ,262717360 ,344330130 
2025,I09,종합병원,52 ,154 ,241 ,41489410 ,55254900 
2025,I09,의원,61 ,140 ,140 ,5094740 ,6894140 
2025,I09,병원,5 ,27 ,27 ,447700 ,719700 
2025,I09,요양병원,4 ,19 ,106 ,7386690 ,9399610 
2025,I09,보건소,1 ,1 ,1 ,4990 ,6090 
2025,I10,상급종합병원,20175 ,43532 ,41425 ,2316230570 ,4435680370 
2025,I10,종합병원,403264 ,1314353 ,1327699 ,37627316410 ,66389869850 
2025,I10,한방병원,5182 ,15959 ,15468 ,441923290 ,619577220 
2025,I10,치과병원,345 ,1085 ,1085 ,20337850 ,33962960 
2025,I10,의원,6576976 ,41201701 ,41198624 ,827406848550 ,1081647066040 
2025,I10,보건지소,79088 ,297081 ,297081 ,22031859630 ,31225585030 
2025,I10,보건진료소,41575 ,444694 ,444694 ,15493608240 ,21729530440 
2025,I10,병원,496424 ,1894214 ,1922509 ,44854977460 ,71043579070 
2025,I10,요양병원,37803 ,170157 ,649883 ,37522016320 ,51045687810 
2025,I10,보건소,120240 ,441846 ,441846 ,2523018430 ,2788753930 
2025,I10,치과의원,10 ,23 ,23 ,47860 ,63160 
2025,I10,보건의료원,15716 ,60504 ,60790 ,1484796110 ,1979798610 
2025,I10,정신병원,5349 ,25462 ,34119 ,1095835230 ,1580036310 
2025,I11,상급종합병원,64223 ,183000 ,184255 ,5432956040 ,13909508370 
2025,I11,종합병원,143637 ,470218 ,481524 ,15817007330 ,28174405020 
2025,I11,한방병원,30 ,89 ,80 ,1402350 ,1953450 
2025,I11,의원,75525 ,405111 ,405194 ,10049815670 ,13173097390 
2025,I11,보건지소,115 ,454 ,454 ,30234000 ,42925400 
2025,I11,보건진료소,108 ,729 ,729 ,26372420 ,37497620 
2025,I11,병원,6703 ,23710 ,28389 ,1149450660 ,1680555680 
2025,I11,요양병원,566 ,2190 ,22643 ,1447863430 ,1971517600 
2025,I11,보건소,237 ,778 ,778 ,4315380 ,4735980 
2025,I11,보건의료원,77 ,226 ,235 ,6601770 ,8815930 
2025,I11,정신병원,94 ,318 ,772 ,54538890 ,75505390 
2025,I12,상급종합병원,4437 ,14176 ,15472 ,1705821980 ,2585739640 
2025,I12,종합병원,6303 ,20348 ,21037 ,884619820 ,1487095750 
2025,I12,한방병원,3 ,3 ,2 ,108130 ,145300 
2025,I12,의원,4946 ,23536 ,23516 ,640813060 ,829509500 
2025,I12,보건진료소,1 ,6 ,6 ,52480 ,73080 
2025,I12,병원,198 ,608 ,733 ,52337610 ,73033960 
2025,I12,요양병원,46 ,505 ,2170 ,213603450 ,260120950 
2025,I12,보건소,6 ,16 ,16 ,88240 ,97440 
2025,I12,보건의료원,4 ,9 ,9 ,115520 ,139120 
2025,I12,정신병원,5 ,10 ,57 ,4823540 ,6782030 
2025,I13,상급종합병원,1406 ,4637 ,4872 ,367933790 ,614789140 
2025,I13,종합병원,1120 ,3500 ,4318 ,468115320 ,641424400 
2025,I13,한방병원,3 ,4 ,4 ,187060 ,311560 
2025,I13,치과병원,1 ,11 ,11 ,108240 ,178640 
2025,I13,의원,10491 ,47210 ,47187 ,1432573520 ,1909914800 
2025,I13,보건지소,7 ,30 ,30 ,2000750 ,2848550 
2025,I13,보건진료소,22 ,196 ,196 ,8203380 ,11716480 
2025,I13,병원,166 ,566 ,841 ,86851910 ,112863660 
2025,I13,요양병원,75 ,307 ,3319 ,251075780 ,334028730 
2025,I13,보건소,19 ,67 ,67 ,376480 ,413580 
2025,I13,보건의료원,4 ,7 ,7 ,388870 ,541570 
2025,I13,정신병원,2 ,2 ,12 ,1119140 ,1454680 
2025,I15,상급종합병원,4189 ,13420 ,13981 ,971545090 ,1802476540 
2025,I15,종합병원,3134 ,9116 ,9691 ,601524770 ,978637900 
2025,I15,한방병원,38 ,110 ,108 ,1046470 ,1683420 
2025,I15,의원,9553 ,37977 ,37955 ,937071430 ,1203437590 
2025,I15,보건지소,303 ,946 ,946 ,73623850 ,104570750 
2025,I15,보건진료소,376 ,3127 ,3127 ,94656520 ,130475820 
2025,I15,병원,700 ,1554 ,1731 ,74759720 ,108272620 
2025,I15,요양병원,107 ,413 ,3634 ,259709150 ,335373060 
2025,I15,보건소,54 ,124 ,124 ,688760 ,761160 
2025,I15,치과의원,1 ,1 ,1 ,0 ,0 
2025,I15,보건의료원,163 ,311 ,311 ,9984420 ,13800680 
2025,I15,정신병원,3 ,20 ,20 ,358580 ,567180 
2025,I20,상급종합병원,255094 ,720537 ,775573 ,207394584280 ,261952662110 
2025,I20,종합병원,335892 ,1179638 ,1307766 ,297030187360 ,356378450310 
2025,I20,한방병원,245 ,607 ,876 ,103186930 ,140596040 
2025,I20,치과병원,8 ,16 ,16 ,440210 ,732610 
2025,I20,의원,125874 ,408685 ,407494 ,15540339520 ,20592238390 
2025,I20,보건지소,112 ,269 ,269 ,2935350 ,3772450 
2025,I20,보건진료소,5 ,7 ,7 ,131820 ,186520 
2025,I20,병원,15323 ,44152 ,56030 ,5518108810 ,7294329560 
2025,I20,요양병원,1554 ,5697 ,59969 ,3828041790 ,5213708860 
2025,I20,보건소,421 ,1144 ,1144 ,6334990 ,6968090 
2025,I20,보건의료원,433 ,1171 ,1188 ,31421040 ,40858160 
2025,I20,정신병원,114 ,291 ,672 ,33782520 ,45649240 
2025,I21,상급종합병원,74399 ,225944 ,300598 ,267156406080 ,296538641000 
2025,I21,종합병원,67691 ,237180 ,340275 ,291197413090 ,317110537790 
2025,I21,한방병원,55 ,113 ,568 ,65168040 ,85304660 
2025,I21,의원,5170 ,15599 ,15705 ,677700570 ,894723540 
2025,I21,보건지소,16 ,43 ,43 ,328880 ,407280 
2025,I21,보건진료소,1 ,1 ,1 ,2980 ,3880 
2025,I21,병원,1970 ,4682 ,11610 ,4735827420 ,5500156690 
2025,I21,요양병원,679 ,2437 ,34016 ,2567909370 ,3464888620 
2025,I21,보건소,28 ,64 ,64 ,348170 ,386670 
2025,I21,보건의료원,59 ,113 ,113 ,5153460 ,6753090 
2025,I21,정신병원,8 ,14 ,26 ,3814970 ,4996580 
2025,I22,상급종합병원,113 ,331 ,333 ,12261990 ,28570270 
2025,I22,종합병원,209 ,684 ,977 ,290931470 ,344282680 
2025,I22,의원,216 ,1028 ,1027 ,21775660 ,28310640 
2025,I22,병원,38 ,83 ,236 ,34569080 ,43988830 
2025,I22,요양병원,9 ,14 ,79 ,5497730 ,7320680 
2025,I22,보건소,4 ,7 ,7 ,35530 ,42630 
2025,I22,보건의료원,1 ,4 ,4 ,43540 ,61940 
2025,I23,상급종합병원,107 ,290 ,1102 ,2986214040 ,3238604440 
2025,I23,종합병원,74 ,211 ,711 ,466597910 ,531260470 
2025,I23,한방병원,2 ,6 ,5 ,187400 ,271630 
2025,I23,의원,168 ,730 ,730 ,20495500 ,26749900 
2025,I23,보건지소,1 ,3 ,3 ,14550 ,16050 
2025,I23,병원,16 ,21 ,38 ,3622730 ,4953590 
2025,I23,요양병원,7 ,19 ,226 ,12777820 ,19946770 
2025,I23,보건소,3 ,11 ,11 ,61490 ,66990 
2025,I23,보건의료원,1 ,4 ,4 ,45640 ,51640 
2025,I23,정신병원,2 ,2 ,1 ,81990 ,105490 
2025,I24,상급종합병원,626 ,1682 ,2149 ,1236680310 ,1425162140 
2025,I24,종합병원,1003 ,2684 ,3708 ,1454038040 ,1704211670 
2025,I24,한방병원,5 ,10 ,7 ,659710 ,884660 
2025,I24,치과병원,1 ,1 ,1 ,246870 ,434030 
2025,I24,의원,1559 ,3847 ,3844 ,175333410 ,230666830 
2025,I24,보건지소,2 ,7 ,7 ,35550 ,40450 
2025,I24,병원,228 ,485 ,865 ,92471830 ,123605170 
2025,I24,요양병원,48 ,172 ,3179 ,210453220 ,286313580 
2025,I24,보건소,5 ,9 ,9 ,49110 ,54810 
2025,I24,보건의료원,7 ,25 ,35 ,1424930 ,1875980 
2025,I24,정신병원,2 ,13 ,1 ,2412160 ,3019320 
2025,I25,상급종합병원,130780 ,347805 ,388051 ,131406645060 ,161847715920 
2025,I25,종합병원,150396 ,454881 ,491735 ,79071197140 ,101023146780 
2025,I25,한방병원,51 ,114 ,116 ,19024630 ,26071950 
2025,I25,의원,21338 ,62907 ,62319 ,2527057910 ,3424689880 
2025,I25,보건지소,21 ,64 ,64 ,1509350 ,2068450 
2025,I25,병원,3087 ,7540 ,9680 ,799346230 ,1127067580 
2025,I25,요양병원,635 ,2258 ,29661 ,2112804110 ,2866638120 
2025,I25,보건소,84 ,185 ,185 ,978670 ,1076070 
2025,I25,보건의료원,73 ,247 ,247 ,5319460 ,6893590 
2025,I25,정신병원,17 ,49 ,344 ,22680560 ,30982080 
2025,I26,상급종합병원,9514 ,29241 ,44826 ,17343556480 ,21638111250 
2025,I26,종합병원,9918 ,32748 ,62296 ,17173806620 ,21975819990 
2025,I26,한방병원,8 ,40 ,508 ,55226470 ,69915930 
2025,I26,의원,943 ,2435 ,2460 ,124979970 ,170901990 
2025,I26,보건지소,1 ,1 ,1 ,4850 ,5350 
2025,I26,병원,620 ,1784 ,6001 ,950493930 ,1282350200 
2025,I26,요양병원,497 ,2171 ,39870 ,3176301410 ,4223464700 
2025,I26,보건소,7 ,17 ,17 ,86750 ,95850 
2025,I26,보건의료원,5 ,12 ,12 ,731810 ,1006210 
2025,I26,정신병원,7 ,18 ,39 ,5294080 ,6752160 
2025,I27,상급종합병원,3321 ,14900 ,22214 ,16927068230 ,19147562910 
2025,I27,종합병원,1189 ,4104 ,6589 ,1831180440 ,2236651860 
2025,I27,한방병원,2 ,52 ,51 ,3215490 ,3573830 
2025,I27,치과병원,1 ,3 ,3 ,134860 ,149660 
2025,I27,의원,294 ,830 ,827 ,36248700 ,46229060 
2025,I27,보건지소,1 ,2 ,2 ,240700 ,343700 
2025,I27,병원,81 ,365 ,790 ,171822150 ,200005240 
2025,I27,요양병원,59 ,263 ,5142 ,423372190 ,531264510 
2025,I27,보건소,3 ,10 ,10 ,55300 ,60900 
2025,I27,보건의료원,1 ,5 ,5 ,73840 ,88340 
2025,I27,정신병원,1 ,1 ,3 ,438440 ,560210 
2025,I28,상급종합병원,556 ,1272 ,1850 ,1489361130 ,1709150190 
2025,I28,종합병원,283 ,523 ,699 ,473981780 ,517324880 
2025,I28,한방병원,1 ,1 ,0 ,171140 ,213920 
2025,I28,의원,71 ,97 ,90 ,4734260 ,6694660 
2025,I28,병원,20 ,22 ,46 ,3415820 ,5178770 
2025,I28,요양병원,1 ,1 ,1 ,10430 ,17230 
2025,I28,보건소,1 ,1 ,1 ,4990 ,6090 
2025,I28,보건의료원,1 ,1 ,1 ,26420 ,37720 
2025,I30,상급종합병원,592 ,1803 ,3212 ,1235904020 ,1573643150 
2025,I30,종합병원,619 ,1679 ,3268 ,955435260 ,1234576030 
2025,I30,한방병원,1 ,1 ,0 ,38480 ,48100 
2025,I30,의원,356 ,807 ,802 ,79151450 ,112706450 
2025,I30,보건지소,1 ,1 ,1 ,10300 ,14600 
2025,I30,병원,46 ,70 ,241 ,38405060 ,50812010 
2025,I30,요양병원,9 ,27 ,534 ,39020340 ,53375980 
2025,I30,보건의료원,2 ,4 ,4 ,185180 ,257680 
2025,I31,상급종합병원,4780 ,13984 ,24994 ,11819372230 ,14273978730 
2025,I31,종합병원,3756 ,9701 ,17362 ,5525649280 ,6838670210 
2025,I31,한방병원,6 ,8 ,43 ,4187650 ,5664850 
2025,I31,의원,1546 ,2804 ,2760 ,187018660 ,263487670 
2025,I31,보건지소,1 ,1 ,1 ,10000 ,10900 
2025,I31,병원,504 ,810 ,1675 ,221977600 ,302892940 
2025,I31,요양병원,75 ,226 ,4307 ,294667220 ,399808690 
2025,I31,보건의료원,5 ,6 ,6 ,150220 ,197720 
2025,I32,상급종합병원,83 ,289 ,425 ,139906240 ,168546420 
2025,I32,종합병원,68 ,240 ,395 ,115503090 ,137310290 
2025,I32,의원,27 ,36 ,35 ,4035270 ,5734370 
2025,I32,병원,2 ,2 ,2 ,110910 ,184610 
2025,I32,요양병원,2 ,4 ,85 ,4945570 ,7698920 
2025,I33,상급종합병원,2113 ,8539 ,26153 ,24274869280 ,27647651280 
2025,I33,종합병원,738 ,2915 ,12897 ,9853377460 ,11157124840 
2025,I33,한방병원,2 ,2 ,18 ,1589120 ,2083270 
2025,I33,의원,44 ,123 ,121 ,4393160 ,6192200 
2025,I33,병원,27 ,60 ,694 ,119250810 ,150591080 
2025,I33,요양병원,46 ,180 ,2473 ,257249770 ,339021940 
2025,I33,보건소,1 ,1 ,1 ,5590 ,6090 
2025,I33,치과의원,2 ,2 ,2 ,45580 ,64980 
2025,I34,상급종합병원,13576 ,42667 ,57873 ,39081938590 ,46330111960 
2025,I34,종합병원,5877 ,18846 ,24085 ,9266582790 ,10934981590 
2025,I34,한방병원,8 ,12 ,0 ,694760 ,868380 
2025,I34,의원,3705 ,8354 ,8321 ,679450760 ,976491790 
2025,I34,병원,397 ,1150 ,1465 ,115466380 ,167574500 
2025,I34,요양병원,62 ,153 ,1355 ,97165510 ,135298980 
2025,I34,보건소,2 ,6 ,6 ,32940 ,36540 
2025,I34,보건의료원,2 ,5 ,5 ,263680 ,364380 
2025,I35,상급종합병원,29867 ,99541 ,150607 ,163633934150 ,190324493520 
2025,I35,종합병원,17125 ,54360 ,76615 ,47256192630 ,53813045040 
2025,I35,한방병원,30 ,47 ,121 ,13599150 ,18412450 
2025,I35,의원,5830 ,16855 ,16801 ,1000735290 ,1389291170 
2025,I35,병원,853 ,2318 ,5094 ,615742010 ,830941180 
2025,I35,요양병원,348 ,1235 ,16418 ,1199457940 ,1610554610 
2025,I35,보건소,6 ,10 ,10 ,55900 ,60900 
2025,I35,보건의료원,7 ,26 ,26 ,287750 ,370050 
2025,I35,정신병원,1 ,1 ,1 ,228080 ,379980 
2025,I36,상급종합병원,1658 ,5594 ,8404 ,5700272750 ,6698022860 
2025,I36,종합병원,408 ,1061 ,1268 ,344516040 ,416885370 
2025,I36,의원,748 ,1461 ,1451 ,146023230 ,219041970 
2025,I36,보건지소,1 ,4 ,4 ,19400 ,21400 
2025,I36,병원,79 ,126 ,159 ,12892910 ,18657330 
2025,I36,요양병원,14 ,38 ,537 ,71351630 ,92520820 
2025,I37,상급종합병원,608 ,1385 ,1855 ,2039780520 ,2235819670 
2025,I37,종합병원,157 ,340 ,515 ,617895560 ,669283020 
2025,I37,의원,253 ,408 ,409 ,61266310 ,82578290 
2025,I37,병원,26 ,36 ,44 ,5763720 ,7538920 
2025,I37,요양병원,1 ,1 ,1 ,96860 ,121070 
2025,I38,상급종합병원,622 ,1544 ,2017 ,548173380 ,727563100 
2025,I38,종합병원,436 ,1250 ,1726 ,424332040 ,527984960 
2025,I38,한방병원,2 ,11 ,11 ,159770 ,170770 
2025,I38,의원,65 ,141 ,137 ,6322910 ,8797000 
2025,I38,보건지소,2 ,3 ,3 ,306650 ,437850 
2025,I38,병원,25 ,42 ,96 ,10213680 ,14583550 
2025,I38,요양병원,5 ,10 ,112 ,6705980 ,9531760 
2025,I38,보건소,1 ,3 ,3 ,14970 ,18270 
2025,I38,치과의원,1 ,1 ,1 ,11610 ,16510 
2025,I38,보건의료원,10 ,15 ,15 ,692860 ,948760 
2025,I39,상급종합병원,55 ,205 ,223 ,11880450 ,23935770 
2025,I39,종합병원,74 ,227 ,259 ,16077940 ,27839810 
2025,I39,의원,143 ,257 ,250 ,18593300 ,25802510 
2025,I39,병원,31 ,97 ,102 ,5687900 ,8206430 
2025,I39,요양병원,6 ,17 ,88 ,8321560 ,11393960 
2025,I39,보건의료원,1 ,1 ,1 ,16340 ,20340 
2025,I40,상급종합병원,452 ,1276 ,3034 ,3401698990 ,3866797600 
2025,I40,종합병원,355 ,914 ,2423 ,2076180760 ,2393798760 
2025,I40,의원,283 ,413 ,412 ,39610810 ,56001470 
2025,I40,병원,51 ,63 ,200 ,52274840 ,64874860 
2025,I40,요양병원,8 ,18 ,133 ,13094130 ,17319040 
2025,I41,상급종합병원,10 ,37 ,37 ,2723270 ,4635240 
2025,I41,종합병원,22 ,35 ,58 ,61455210 ,68010620 
2025,I41,의원,38 ,65 ,64 ,1378870 ,1837620 
2025,I41,보건지소,1 ,1 ,1 ,8950 ,12750 
2025,I41,병원,7 ,8 ,12 ,3570410 ,4128960 
2025,I41,요양병원,2 ,6 ,61 ,2823040 ,4770000 
2025,I42,상급종합병원,34417 ,131826 ,166099 ,77983008010 ,87288148010 
2025,I42,종합병원,22420 ,85153 ,109104 ,27117036630 ,31239866400 
2025,I42,한방병원,20 ,41 ,101 ,19589800 ,23165020 
2025,I42,치과병원,1 ,1 ,1 ,402020 ,415620 
2025,I42,의원,4594 ,19279 ,19266 ,1211724540 ,1451751520 
2025,I42,보건지소,4 ,9 ,9 ,43650 ,48150 
2025,I42,병원,672 ,2348 ,5818 ,838576270 ,991603780 
2025,I42,요양병원,567 ,2795 ,51871 ,4483595570 ,5454248960 
2025,I42,보건소,4 ,6 ,6 ,33440 ,36540 
2025,I42,보건의료원,6 ,15 ,15 ,453420 ,540720 
2025,I42,정신병원,4 ,10 ,9 ,2379130 ,2740780 
2025,I43,상급종합병원,151 ,460 ,726 ,507886610 ,587439400 
2025,I43,종합병원,57 ,178 ,367 ,85198490 ,105932210 
2025,I43,의원,23 ,53 ,53 ,2478970 ,3071970 
2025,I43,병원,6 ,20 ,159 ,16259960 ,20732900 
2025,I43,요양병원,14 ,61 ,866 ,102858940 ,121687720 
2025,I43,보건의료원,1 ,6 ,6 ,209770 ,298970 
2025,I44,상급종합병원,15489 ,43848 ,55543 ,34848926620 ,41501739600 
2025,I44,종합병원,11265 ,32819 ,48605 ,26495583810 ,30570007630 
2025,I44,한방병원,7 ,8 ,1 ,1391500 ,1779550 
2025,I44,의원,1720 ,3439 ,3378 ,183327190 ,262427780 
2025,I44,병원,304 ,632 ,1520 ,440770370 ,538083500 
2025,I44,요양병원,116 ,519 ,7524 ,563819860 ,757041210 
2025,I44,보건의료원,1 ,1 ,1 ,36790 ,52490 
2025,I44,정신병원,2 ,5 ,4 ,95490 ,154370 
2025,I45,상급종합병원,3959 ,9124 ,10128 ,5730699660 ,6611544130 
2025,I45,종합병원,3988 ,8769 ,9496 ,2472169340 ,2989873260 
2025,I45,한방병원,2 ,2 ,1 ,25190 ,26510 
2025,I45,의원,2499 ,3725 ,3664 ,223713360 ,323990900 
2025,I45,보건지소,3 ,9 ,9 ,43250 ,48150 
2025,I45,병원,291 ,377 ,455 ,32066900 ,48606740 
2025,I45,요양병원,12 ,21 ,178 ,11204550 ,15066430 
2025,I45,보건소,1 ,1 ,1 ,4990 ,6090 
2025,I45,보건의료원,4 ,12 ,12 ,178420 ,224620 
2025,I45,정신병원,1 ,1 ,1 ,7590 ,12490 
2025,I46,상급종합병원,8387 ,14681 ,34758 ,51859286870 ,60534559750 
2025,I46,종합병원,15255 ,19701 ,43298 ,46191797310 ,57175472700 
2025,I46,한방병원,2 ,2 ,32 ,5136650 ,6671800 
2025,I46,의원,42 ,151 ,196 ,9510010 ,13211150 
2025,I46,보건지소,19 ,20 ,20 ,114900 ,132900 
2025,I46,병원,1277 ,1485 ,5439 ,2018063460 ,2709802150 
2025,I46,요양병원,386 ,1446 ,22317 ,2870825390 ,3642132660 
2025,I46,보건의료원,265 ,267 ,267 ,83956920 ,116094780 
2025,I46,정신병원,1 ,1 ,5 ,1209250 ,1511560 
2025,I47,상급종합병원,23366 ,63908 ,75077 ,50441511680 ,57143637380 
2025,I47,종합병원,22933 ,65581 ,73716 ,24118797210 ,28185317320 
2025,I47,한방병원,14 ,23 ,19 ,1708790 ,2226450 
2025,I47,의원,16116 ,34893 ,34711 ,1330495300 ,1898977540 
2025,I47,보건지소,3 ,8 ,8 ,38400 ,42800 
2025,I47,병원,1597 ,3746 ,5135 ,360902370 ,518340110 
2025,I47,요양병원,75 ,189 ,1711 ,112972870 ,156928580 
2025,I47,보건소,6 ,18 ,18 ,100620 ,109620 
2025,I47,보건의료원,16 ,26 ,26 ,1460960 ,1989460 
2025,I47,정신병원,6 ,14 ,12 ,226780 ,350750 
2025,I48,상급종합병원,133168 ,454594 ,484697 ,194119457760 ,234862723900 
2025,I48,종합병원,142123 ,527514 ,574332 ,87706253480 ,113400426060 
2025,I48,한방병원,69 ,143 ,490 ,52584600 ,76118920 
2025,I48,치과병원,1 ,1 ,1 ,10820 ,17920 
2025,I48,의원,50256 ,199195 ,198237 ,6762967880 ,9385382530 
2025,I48,보건지소,32 ,73 ,73 ,2221190 ,3084890 
2025,I48,병원,8816 ,27283 ,33031 ,2075346210 ,2969794680 
2025,I48,요양병원,1089 ,3483 ,41514 ,3056598350 ,4116455240 
2025,I48,보건소,105 ,285 ,285 ,1578850 ,1739350 
2025,I48,보건의료원,211 ,655 ,675 ,17995010 ,23629760 
2025,I48,정신병원,67 ,342 ,1056 ,53752740 ,74750710 
2025,I49,상급종합병원,45996 ,128274 ,143279 ,48584579790 ,61190144620 
2025,I49,종합병원,62899 ,180991 ,198991 ,33007555570 ,42797271660 
2025,I49,한방병원,76 ,117 ,411 ,37195670 ,61709170 
2025,I49,치과병원,3 ,6 ,6 ,107740 ,179040 
2025,I49,의원,68953 ,157553 ,157075 ,6640034540 ,9729433290 
2025,I49,보건지소,32 ,51 ,51 ,842820 ,1139020 
2025,I49,보건진료소,7 ,13 ,13 ,602660 ,858860 
2025,I49,병원,6326 ,11754 ,14211 ,971674180 ,1451434930 
2025,I49,요양병원,494 ,1647 ,16188 ,1068000680 ,1457932340 
2025,I49,보건소,103 ,220 ,220 ,1204000 ,1345800 
2025,I49,보건의료원,134 ,275 ,275 ,7101810 ,9497630 
2025,I49,정신병원,40 ,87 ,516 ,23732610 ,32264610 
2025,I50,상급종합병원,54924 ,176909 ,257751 ,97569487640 ,123211275760 
2025,I50,종합병원,84522 ,281103 ,479477 ,113181918170 ,145133015120 
2025,I50,한방병원,70 ,192 ,1737 ,213580770 ,265177120 
2025,I50,의원,46045 ,149621 ,149496 ,5410953430 ,7261968990 
2025,I50,보건지소,23 ,51 ,51 ,360350 ,410950 
2025,I50,보건진료소,4 ,20 ,20 ,508900 ,725000 
2025,I50,병원,10249 ,27312 ,56680 ,6586998260 ,8797231540 
2025,I50,요양병원,3835 ,14237 ,225259 ,16431069760 ,22093780330 
2025,I50,보건소,61 ,196 ,196 ,1084310 ,1187810 
2025,I50,보건의료원,222 ,664 ,894 ,33312530 ,44276400 
2025,I50,정신병원,86 ,213 ,1488 ,149455680 ,192428260 
2025,I51,상급종합병원,12000 ,28794 ,31175 ,5153778370 ,7467807010 
2025,I51,종합병원,18402 ,41587 ,43911 ,3505818440 ,5551965920 
2025,I51,한방병원,11 ,50 ,47 ,3456370 ,4320500 
2025,I51,치과병원,1 ,1 ,1 ,10820 ,17920 
2025,I51,의원,15506 ,22914 ,22446 ,2003861220 ,2837995110 
2025,I51,보건지소,14 ,23 ,23 ,569540 ,791640 
2025,I51,보건진료소,2 ,2 ,2 ,12600 ,14400 
2025,I51,병원,2364 ,3298 ,3999 ,349148250 ,521053600 
2025,I51,요양병원,159 ,457 ,5147 ,333022000 ,458082980 
2025,I51,보건소,31 ,35 ,35 ,178850 ,213150 
2025,I51,보건의료원,41 ,78 ,78 ,2175110 ,2925310 
2025,I51,정신병원,8 ,14 ,12 ,506450 ,762380 
2025,I52,상급종합병원,2 ,3 ,3 ,232320 ,483520 
2025,I52,종합병원,9 ,10 ,10 ,851270 ,1091170 
2025,I52,한방병원,1 ,1 ,1 ,9300 ,15500 
2025,I52,의원,84 ,119 ,87 ,5956380 ,8327060 
2025,I52,병원,9 ,10 ,9 ,1008620 ,1596440 
2025,I60,상급종합병원,18341 ,55492 ,119127 ,110030420310 ,122848961420 
2025,I60,종합병원,18049 ,66038 ,177728 ,128893372480 ,143021654190 
2025,I60,한방병원,133 ,902 ,5307 ,1026367560 ,1316371910 
2025,I60,의원,600 ,3211 ,3509 ,169895500 ,224063790 
2025,I60,보건지소,3 ,10 ,10 ,48500 ,53500 
2025,I60,병원,2616 ,25290 ,238560 ,52552463580 ,67392386790 
2025,I60,요양병원,1698 ,13916 ,250287 ,26290788450 ,34036583830 
2025,I60,보건소,9 ,69 ,69 ,152820 ,190620 
2025,I60,보건의료원,8 ,10 ,10 ,1011690 ,1424590 
2025,I60,정신병원,8 ,19 ,120 ,21004740 ,26140340 
2025,I61,상급종합병원,19913 ,83194 ,195720 ,128046045160 ,143898868170 
2025,I61,종합병원,28506 ,133728 ,419505 ,168139853340 ,192331787200 
2025,I61,한방병원,443 ,4125 ,19085 ,3507452620 ,4480884430 
2025,I61,의원,2409 ,19877 ,22997 ,1450381210 ,1858250810 
2025,I61,보건지소,7 ,97 ,97 ,273350 ,354050 
2025,I61,병원,10651 ,128991 ,1061254 ,227624286310 ,291572653520 
2025,I61,요양병원,7733 ,67390 ,1108014 ,112805493730 ,145911692060 
2025,I61,보건소,17 ,353 ,353 ,730220 ,959520 
2025,I61,보건의료원,17 ,117 ,125 ,3709910 ,4940310 
2025,I61,정신병원,30 ,277 ,1999 ,202078100 ,255897080 
2025,I62,상급종합병원,3641 ,11658 ,28982 ,20614394590 ,23137107910 
2025,I62,종합병원,5307 ,17782 ,57195 ,23933021300 ,27357123890 
2025,I62,한방병원,40 ,349 ,1257 ,264544460 ,341461630 
2025,I62,의원,536 ,1900 ,2263 ,205771710 ,281086210 
2025,I62,병원,1269 ,10256 ,72499 ,15415870880 ,19625554570 
2025,I62,요양병원,881 ,6422 ,105971 ,11045857760 ,14227620320 
2025,I62,보건소,1 ,1 ,1 ,5590 ,6090 
2025,I62,보건의료원,11 ,25 ,25 ,1324190 ,1802790 
2025,I62,정신병원,3 ,36 ,741 ,52072760 ,64975050 
2025,I63,상급종합병원,188141 ,622554 ,848890 ,240990382530 ,304362972440 
2025,I63,종합병원,273015 ,1151426 ,1997007 ,455703197240 ,571312495160 
2025,I63,한방병원,1599 ,8515 ,36079 ,6596745970 ,8484793210 
2025,I63,치과병원,2 ,2 ,2 ,210120 ,402040 
2025,I63,의원,57488 ,262564 ,269833 ,10556684110 ,14206507320 
2025,I63,보건지소,110 ,800 ,800 ,8244580 ,11139880 
2025,I63,보건진료소,6 ,21 ,21 ,977860 ,1389560 
2025,I63,병원,44772 ,331014 ,2408611 ,518549079710 ,664878550650 
2025,I63,요양병원,26733 ,189743 ,3305642 ,322553806680 ,418343752570 
2025,I63,보건소,276 ,2264 ,2264 ,7769270 ,9629870 
2025,I63,보건의료원,316 ,1198 ,1232 ,30706790 ,39891180 
2025,I63,정신병원,219 ,1120 ,7554 ,748482590 ,969824420 
2025,I64,상급종합병원,5252 ,12146 ,13760 ,3026030680 ,4837390420 
2025,I64,종합병원,10981 ,26173 ,29745 ,4739943150 ,7316072240 
2025,I64,한방병원,19 ,56 ,109 ,12059200 ,16059540 
2025,I64,의원,2777 ,7550 ,7510 ,271816440 ,358584470 
2025,I64,보건지소,15 ,43 ,43 ,236250 ,272250 
2025,I64,병원,931 ,3067 ,8324 ,1290182840 ,1715917230 
2025,I64,요양병원,533 ,3218 ,45390 ,4113493930 ,5315342700 
2025,I64,보건소,14 ,44 ,44 ,205450 ,231150 
2025,I64,보건의료원,11 ,48 ,48 ,945430 ,1300730 
2025,I64,정신병원,11 ,36 ,42 ,4180390 ,5323430 
2025,I65,상급종합병원,65151 ,164611 ,176576 ,24882659920 ,37256122640 
2025,I65,종합병원,81145 ,246765 ,272374 ,34476973480 ,49286805610 
2025,I65,한방병원,79 ,169 ,226 ,57121860 ,76538850 
2025,I65,치과병원,1 ,1 ,1 ,12500 ,20700 
2025,I65,의원,29867 ,87164 ,86897 ,3491345990 ,4858564230 
2025,I65,보건지소,14 ,44 ,44 ,808350 ,1113250 
2025,I65,병원,7102 ,18918 ,24707 ,1881812470 ,2813606850 
2025,I65,요양병원,329 ,1065 ,12846 ,1036722830 ,1387483310 
2025,I65,보건소,36 ,80 ,80 ,443600 ,487200 
2025,I65,보건의료원,110 ,137 ,137 ,8360790 ,11836300 
2025,I65,정신병원,6 ,8 ,6 ,222770 ,770040 
2025,I66,상급종합병원,22197 ,56859 ,60350 ,7079656500 ,12199731010 
2025,I66,종합병원,32386 ,103698 ,114127 ,10571532980 ,16538780580 
2025,I66,한방병원,66 ,195 ,178 ,43137640 ,56020650 
2025,I66,의원,5501 ,17813 ,17787 ,1021170770 ,1420209040 
2025,I66,보건지소,2 ,6 ,6 ,29100 ,32100 
2025,I66,병원,4364 ,12244 ,17643 ,1710566740 ,2533203730 
2025,I66,요양병원,188 ,987 ,17417 ,1407046980 ,1866408990 
2025,I66,보건소,4 ,15 ,15 ,83850 ,91350 
2025,I66,보건의료원,7 ,26 ,26 ,786920 ,1077820 
2025,I66,정신병원,2 ,5 ,64 ,4904500 ,6586470 
2025,I67,상급종합병원,173515 ,424287 ,508814 ,202343093680 ,253113616680 
2025,I67,종합병원,192009 ,558430 ,656261 ,138500158910 ,181227225290 
2025,I67,한방병원,508 ,1494 ,3303 ,523846640 ,642491790 
2025,I67,치과병원,4 ,9 ,9 ,502670 ,564070 
2025,I67,의원,45753 ,119451 ,119519 ,7706384270 ,10802487850 
2025,I67,보건지소,61 ,179 ,179 ,4101910 ,5685610 
2025,I67,보건진료소,5 ,11 ,11 ,134980 ,175480 
2025,I67,병원,23619 ,73155 ,125598 ,14210834770 ,18916073670 
2025,I67,요양병원,1436 ,9206 ,140708 ,12437839540 ,15518764050 
2025,I67,보건소,109 ,291 ,291 ,1500070 ,1657170 
2025,I67,보건의료원,73 ,178 ,178 ,4085760 ,5397390 
2025,I67,정신병원,28 ,99 ,814 ,51759580 ,70773910 
2025,I68,상급종합병원,587 ,1297 ,1322 ,67786130 ,145201530 
2025,I68,종합병원,2893 ,8095 ,10355 ,1610759790 ,2576454480 
2025,I68,한방병원,5 ,10 ,177 ,34908120 ,46270740 
2025,I68,치과병원,1 ,3 ,3 ,100430 ,167130 
2025,I68,의원,702 ,2272 ,2274 ,85432860 ,114447420 
2025,I68,보건지소,3 ,4 ,4 ,404700 ,576400 
2025,I68,병원,186 ,511 ,543 ,23661470 ,37166680 
2025,I68,요양병원,17 ,91 ,1841 ,138631660 ,184876400 
2025,I68,보건소,5 ,14 ,14 ,78260 ,85260 
2025,I68,보건의료원,6 ,26 ,26 ,551900 ,722300 
2025,I68,정신병원,1 ,1 ,1 ,58510 ,81610 
2025,I69,상급종합병원,2972 ,6227 ,6427 ,327428940 ,666997890 
2025,I69,종합병원,17510 ,69345 ,81998 ,4623861920 ,7166180720 
2025,I69,한방병원,372 ,2091 ,3152 ,349443870 ,465825480 
2025,I69,의원,13948 ,63134 ,64320 ,1901960950 ,2464842270 
2025,I69,보건지소,48 ,1390 ,1390 ,8420950 ,11072450 
2025,I69,보건진료소,1 ,6 ,6 ,211560 ,302160 
2025,I69,병원,5579 ,22123 ,47062 ,4446725230 ,5945061430 
2025,I69,요양병원,2337 ,13116 ,211674 ,16943500340 ,22272718490 
2025,I69,보건소,222 ,6982 ,6982 ,14627110 ,19644410 
2025,I69,보건의료원,37 ,237 ,237 ,4283320 ,5465020 
2025,I69,정신병원,25 ,314 ,2012 ,135485320 ,177016620 
2025,I70,상급종합병원,34299 ,96191 ,119641 ,32098883780 ,43480017670 
2025,I70,종합병원,44075 ,132149 ,161736 ,26346365890 ,35930442160 
2025,I70,한방병원,29 ,83 ,92 ,10102930 ,13858760 
2025,I70,치과병원,1 ,1 ,1 ,15350 ,25550 
2025,I70,의원,53541 ,130138 ,129960 ,4523794270 ,6221149820 
2025,I70,보건지소,36 ,89 ,89 ,4292210 ,6032810 
2025,I70,보건진료소,2 ,10 ,10 ,445600 ,636400 
2025,I70,병원,5075 ,11070 ,15065 ,1458394980 ,1989733630 
2025,I70,요양병원,330 ,1228 ,14172 ,1106571580 ,1463123710 
2025,I70,보건소,260 ,689 ,689 ,3852710 ,4206510 
2025,I70,보건의료원,58 ,141 ,141 ,2849410 ,3699610 
2025,I70,정신병원,14 ,122 ,122 ,2056780 ,3446120 
2025,I71,상급종합병원,28976 ,82276 ,132623 ,144263648760 ,163324988470 
2025,I71,종합병원,18366 ,54755 ,102552 ,103141434030 ,116521470510 
2025,I71,한방병원,42 ,68 ,481 ,69258710 ,84903140 
2025,I71,의원,1889 ,3926 ,3944 ,216011000 ,303772160 
2025,I71,보건지소,1 ,5 ,5 ,27750 ,30450 
2025,I71,병원,751 ,1506 ,5000 ,899418230 ,1190086440 
2025,I71,요양병원,326 ,1259 ,19095 ,1536176000 ,2050976350 
2025,I71,보건소,5 ,8 ,8 ,42920 ,48720 
2025,I71,보건의료원,8 ,19 ,27 ,1014570 ,1295750 
2025,I72,상급종합병원,8778 ,20371 ,26740 ,9866252600 ,13350965240 
2025,I72,종합병원,6824 ,19067 ,27285 ,8153335160 ,10985704770 
2025,I72,한방병원,5 ,5 ,12 ,3132670 ,4001840 
2025,I72,의원,960 ,1614 ,1561 ,154726420 ,218669030 
2025,I72,보건지소,1 ,1 ,1 ,4450 ,5350 
2025,I72,병원,326 ,701 ,1095 ,120800330 ,175295350 
2025,I72,요양병원,39 ,134 ,2016 ,162175600 ,217365840 
2025,I72,보건소,2 ,8 ,8 ,44720 ,48720 
2025,I72,보건의료원,2 ,3 ,3 ,196490 ,273890 
2025,I73,상급종합병원,9372 ,26491 ,29704 ,4639078170 ,6651064220 
2025,I73,종합병원,20710 ,63265 ,69779 ,5599618870 ,8062973320 
2025,I73,한방병원,96 ,266 ,230 ,10399180 ,13204580 
2025,I73,치과병원,6 ,16 ,16 ,656050 ,1092350 
2025,I73,의원,222553 ,485405 ,485269 ,9470119280 ,12275493090 
2025,I73,보건지소,1106 ,2989 ,2989 ,164312290 ,232198190 
2025,I73,보건진료소,38 ,79 ,79 ,5846500 ,8337600 
2025,I73,병원,9057 ,19414 ,23562 ,1349473820 ,1793344560 
2025,I73,요양병원,464 ,1737 ,7824 ,511060310 ,679680270 
2025,I73,보건소,2212 ,5125 ,5125 ,28712770 ,31423870 
2025,I73,보건의료원,405 ,1097 ,1105 ,21313850 ,27543770 
2025,I73,정신병원,35 ,91 ,296 ,3458270 ,4925530 
2025,I74,상급종합병원,2208 ,6303 ,10886 ,6061875670 ,7683625080 
2025,I74,종합병원,1874 ,5266 ,10160 ,4944532300 ,6180823480 
2025,I74,한방병원,4 ,7 ,5 ,237040 ,323240 
2025,I74,의원,2447 ,6029 ,6067 ,203053660 ,263609830 
2025,I74,보건지소,8 ,10 ,10 ,212350 ,292150 
2025,I74,병원,459 ,951 ,1824 ,317149260 ,417662090 
2025,I74,요양병원,112 ,409 ,4880 ,346801340 ,465049970 
2025,I74,보건소,9 ,15 ,15 ,83250 ,91350 
2025,I74,정신병원,1 ,11 ,11 ,513280 ,789180 
2025,I77,상급종합병원,5465 ,15535 ,24014 ,11465329670 ,14808623680 
2025,I77,종합병원,6064 ,18093 ,30228 ,12609422090 ,16076274330 
2025,I77,한방병원,8 ,76 ,68 ,3157860 ,4912600 
2025,I77,의원,1976 ,4416 ,5284 ,909025810 ,1178350890 
2025,I77,보건지소,3 ,15 ,15 ,67150 ,80250 
2025,I77,보건진료소,1 ,11 ,11 ,413380 ,590480 
2025,I77,병원,529 ,1129 ,2244 ,1062811450 ,1254933390 
2025,I77,요양병원,107 ,359 ,4200 ,349575730 ,456832830 
2025,I77,보건소,8 ,22 ,22 ,122980 ,133980 
2025,I77,보건의료원,24 ,62 ,62 ,955950 ,1177450 
2025,I78,상급종합병원,1101 ,2596 ,2723 ,306950670 ,424969590 
2025,I78,종합병원,1124 ,2224 ,2262 ,96528280 ,151157890 
2025,I78,한방병원,26 ,26 ,44 ,2792970 ,3848360 
2025,I78,치과병원,8 ,12 ,12 ,646410 ,1076610 
2025,I78,의원,8697 ,13825 ,13820 ,512614710 ,693623780 
2025,I78,보건지소,32 ,75 ,75 ,6370850 ,9072650 
2025,I78,병원,274 ,453 ,594 ,29001200 ,38927380 
2025,I78,요양병원,7 ,10 ,8 ,492170 ,698830 
2025,I78,보건소,101 ,301 ,301 ,1678890 ,1833090 
2025,I78,보건의료원,8 ,9 ,9 ,120350 ,140450 
2025,I78,정신병원,3 ,3 ,3 ,25610 ,42210 
2025,I79,상급종합병원,496 ,1906 ,2154 ,328078740 ,467838510 
2025,I79,종합병원,1196 ,3581 ,3802 ,354891840 ,512037270 
2025,I79,한방병원,1 ,1 ,1 ,9300 ,15500 
2025,I79,의원,1821 ,3928 ,3902 ,95818970 ,126015960 
2025,I79,보건지소,2 ,6 ,6 ,32060 ,35060 
2025,I79,보건진료소,1 ,10 ,10 ,410700 ,586600 
2025,I79,병원,411 ,709 ,1188 ,106089080 ,140988970 
2025,I79,요양병원,31 ,142 ,2104 ,175108430 ,234693620 
2025,I79,보건소,16 ,49 ,49 ,273710 ,298410 
2025,I79,보건의료원,3 ,6 ,6 ,207170 ,284570 
2025,I80,상급종합병원,9610 ,24196 ,29512 ,7074726310 ,9533427110 
2025,I80,종합병원,11613 ,31304 ,42617 ,8189844790 ,10976777700 
2025,I80,한방병원,19 ,38 ,150 ,13806200 ,17119550 
2025,I80,의원,10629 ,21898 ,21974 ,676185160 ,894363760 
2025,I80,보건지소,10 ,20 ,20 ,606100 ,848000 
2025,I80,보건진료소,1 ,1 ,1 ,14380 ,20480 
2025,I80,병원,2655 ,5265 ,7721 ,888353710 ,1214915080 
2025,I80,요양병원,222 ,678 ,9223 ,672603200 ,907498750 
2025,I80,보건소,19 ,38 ,38 ,212420 ,231420 
2025,I80,보건의료원,24 ,51 ,56 ,1146090 ,1496560 
2025,I80,정신병원,6 ,12 ,6 ,3028720 ,3838070 
2025,I81,상급종합병원,1009 ,3017 ,4211 ,1144398670 ,1494757550 
2025,I81,종합병원,478 ,1591 ,2283 ,426534920 ,586682600 
2025,I81,의원,41 ,77 ,75 ,3630130 ,4920690 
2025,I81,병원,7 ,11 ,10 ,978680 ,1575900 
2025,I81,요양병원,4 ,37 ,591 ,30021650 ,47169280 
2025,I82,상급종합병원,1180 ,3235 ,4111 ,1153765850 ,1410805390 
2025,I82,종합병원,1182 ,3150 ,3904 ,599605100 ,808185870 
2025,I82,한방병원,2 ,4 ,1 ,199670 ,228910 
2025,I82,의원,1413 ,3053 ,3049 ,128517140 ,169453940 
2025,I82,보건지소,2 ,4 ,4 ,58720 ,79120 
2025,I82,병원,414 ,782 ,1361 ,143195130 ,194972490 
2025,I82,요양병원,43 ,132 ,622 ,41468150 ,55818110 
2025,I82,보건소,10 ,35 ,35 ,192650 ,213150 
2025,I82,보건의료원,3 ,7 ,7 ,99460 ,113860 
2025,I82,정신병원,1 ,2 ,2 ,76090 ,116790 
2025,I83,상급종합병원,13753 ,29262 ,31872 ,2532791080 ,4413201030 
2025,I83,종합병원,33537 ,75353 ,82971 ,7088941670 ,10479957710 
2025,I83,한방병원,72 ,109 ,89 ,5300580 ,7111520 
2025,I83,치과병원,1 ,3 ,3 ,78740 ,131040 
2025,I83,의원,179646 ,422737 ,428512 ,25408645770 ,33485044140 
2025,I83,보건지소,37 ,78 ,78 ,682940 ,867440 
2025,I83,보건진료소,62 ,278 ,278 ,2026960 ,2335260 
2025,I83,병원,16836 ,35356 ,40174 ,4129772450 ,5733034960 
2025,I83,요양병원,181 ,320 ,738 ,36284710 ,51134420 
2025,I83,보건소,80 ,165 ,165 ,921450 ,1007850 
2025,I83,보건의료원,28 ,63 ,63 ,1126860 ,1399960 
2025,I83,정신병원,10 ,34 ,203 ,1085780 ,1369030 
2025,I85,상급종합병원,1452 ,3580 ,8236 ,4810123620 ,5762282270 
2025,I85,종합병원,1323 ,3783 ,9784 ,3975704200 ,4998765830 
2025,I85,한방병원,1 ,1 ,0 ,78910 ,98630 
2025,I85,의원,219 ,303 ,297 ,18384010 ,24653870 
2025,I85,병원,121 ,220 ,438 ,58205040 ,77788290 
2025,I85,요양병원,24 ,88 ,1290 ,96380690 ,127849110 
2025,I86,상급종합병원,3140 ,7594 ,10577 ,4031222710 ,5167556280 
2025,I86,종합병원,5224 ,11454 ,15258 ,3704077940 ,4861808930 
2025,I86,한방병원,9 ,11 ,9 ,698800 ,909000 
2025,I86,치과병원,2 ,4 ,4 ,57470 ,95570 
2025,I86,의원,14947 ,29349 ,29475 ,6353673240 ,8457281010 
2025,I86,보건지소,4 ,5 ,5 ,24250 ,26750 
2025,I86,보건진료소,1 ,1 ,1 ,37580 ,53680 
2025,I86,병원,2103 ,3648 ,4120 ,1931222600 ,2502749710 
2025,I86,요양병원,17 ,25 ,61 ,3158380 ,3865960 
2025,I86,보건소,15 ,35 ,35 ,195650 ,213150 
2025,I86,보건의료원,4 ,5 ,5 ,74150 ,85150 
2025,I86,정신병원,2 ,4 ,21 ,5076700 ,6141100 
2025,I87,상급종합병원,12318 ,25621 ,26765 ,1819209340 ,3083719590 
2025,I87,종합병원,22250 ,45364 ,47266 ,2869472380 ,4349545870 
2025,I87,한방병원,80 ,104 ,83 ,3303090 ,4893680 
2025,I87,치과병원,6 ,29 ,29 ,431420 ,717420 
2025,I87,의원,130936 ,260419 ,260471 ,5625316190 ,7519826270 
2025,I87,보건지소,44 ,97 ,97 ,4113570 ,5778870 
2025,I87,병원,9088 ,14760 ,15111 ,493584220 ,774456650 
2025,I87,요양병원,260 ,562 ,1199 ,69621310 ,88405070 
2025,I87,보건소,132 ,263 ,263 ,1460100 ,1595400 
2025,I87,보건의료원,335 ,453 ,453 ,8130730 ,10721730 
2025,I87,정신병원,27 ,53 ,52 ,1393050 ,1961900 
2025,I88,상급종합병원,5595 ,12254 ,14611 ,2116823520 ,3232530610 
2025,I88,종합병원,15997 ,26251 ,33100 ,4321645050 ,6111846520 
2025,I88,한방병원,24 ,49 ,48 ,2407300 ,3188780 
2025,I88,치과병원,5 ,7 ,7 ,296540 ,493840 
2025,I88,의원,43803 ,60800 ,60871 ,1842195010 ,2566257410 
2025,I88,보건지소,5 ,5 ,5 ,39900 ,50800 
2025,I88,보건진료소,2 ,2 ,2 ,19240 ,21040 
2025,I88,병원,7025 ,9305 ,11897 ,975563330 ,1352651870 
2025,I88,요양병원,28 ,35 ,34 ,816170 ,1251080 
2025,I88,보건소,4 ,4 ,4 ,22360 ,24360 
2025,I88,치과의원,3 ,3 ,3 ,25200 ,35700 
2025,I88,보건의료원,82 ,102 ,111 ,3379990 ,4521600 
2025,I88,정신병원,8 ,9 ,21 ,1544940 ,2109310 
2025,I89,상급종합병원,7800 ,28039 ,31469 ,3686977940 ,5414759080 
2025,I89,종합병원,6929 ,22731 ,24824 ,1594690910 ,2308837120 
2025,I89,한방병원,70 ,300 ,285 ,7563250 ,10006950 
2025,I89,치과병원,7 ,19 ,19 ,207280 ,339980 
2025,I89,의원,24515 ,51487 ,51699 ,1027351750 ,1384750760 
2025,I89,보건지소,10 ,26 ,26 ,146950 ,170550 
2025,I89,보건진료소,1 ,1 ,1 ,2980 ,3880 
2025,I89,병원,2009 ,4099 ,4989 ,219877410 ,322653500 
2025,I89,요양병원,93 ,263 ,1188 ,57015410 ,77892260 
2025,I89,보건소,22 ,42 ,42 ,227600 ,249600 
2025,I89,보건의료원,13 ,27 ,27 ,603690 ,777690 
2025,I89,정신병원,5 ,6 ,13 ,948130 ,1296740 
2025,I95,상급종합병원,4217 ,8972 ,10663 ,1621418420 ,2402093500 
2025,I95,종합병원,13729 ,24712 ,33595 ,5014975490 ,6990702220 
2025,I95,한방병원,34 ,43 ,31 ,2584770 ,3614050 
2025,I95,의원,25268 ,37021 ,37033 ,1330001240 ,1837034650 
2025,I95,보건지소,35 ,41 ,41 ,521440 ,694840 
2025,I95,보건진료소,18 ,21 ,21 ,112440 ,141240 
2025,I95,병원,3963 ,5692 ,8462 ,724869870 ,1027457790 
2025,I95,요양병원,213 ,440 ,3452 ,242055330 ,320062370 
2025,I95,보건소,20 ,30 ,30 ,159700 ,184200 
2025,I95,보건의료원,93 ,114 ,133 ,6538340 ,8543610 
2025,I95,정신병원,18 ,34 ,87 ,6473720 ,7951510 
2025,I97,상급종합병원,1191 ,6865 ,7619 ,984547890 ,1222490150 
2025,I97,종합병원,844 ,6588 ,7194 ,541935080 ,682788220 
2025,I97,한방병원,22 ,75 ,68 ,4807740 ,6007850 
2025,I97,의원,387 ,1825 ,2116 ,50435460 ,65799410 
2025,I97,보건지소,1 ,4 ,4 ,19400 ,21400 
2025,I97,병원,114 ,541 ,884 ,36919990 ,53918580 
2025,I97,요양병원,20 ,97 ,524 ,28811810 ,43068970 
2025,I97,보건의료원,1 ,1 ,1 ,15160 ,21560 
2025,I97,정신병원,1 ,11 ,11 ,125620 ,163320 
2025,I98,상급종합병원,855 ,2081 ,5973 ,3812988780 ,4598963360 
2025,I98,종합병원,619 ,1722 ,3262 ,1175129470 ,1489931450 
2025,I98,한방병원,2 ,3 ,1 ,165350 ,223520 
2025,I98,의원,411 ,920 ,917 ,18717930 ,24553880 
2025,I98,보건지소,1 ,2 ,2 ,240700 ,343700 
2025,I98,보건진료소,5 ,8 ,8 ,242940 ,346440 
2025,I98,병원,31 ,58 ,159 ,18415570 ,24328210 
2025,I98,요양병원,15 ,65 ,749 ,52393060 ,69696680 
2025,I98,보건소,1 ,3 ,3 ,16770 ,18270 
2025,I98,보건의료원,1 ,1 ,1 ,16260 ,18060 
2025,I99,상급종합병원,2662 ,5022 ,5064 ,176060130 ,455293870 
2025,I99,종합병원,13253 ,25200 ,25427 ,1696901620 ,2707244120 
2025,I99,한방병원,12 ,21 ,21 ,212330 ,353580 
2025,I99,의원,1414 ,4866 ,4864 ,103702920 ,135843630 
2025,I99,보건지소,20 ,66 ,66 ,4628950 ,6596850 
2025,I99,보건진료소,16 ,42 ,42 ,930660 ,1308360 
2025,I99,병원,519 ,749 ,2997 ,435214460 ,604548560 
2025,I99,요양병원,23 ,45 ,83 ,2847710 ,4049670 
2025,I99,보건소,30 ,73 ,73 ,405070 ,444570 
2025,I99,정신병원,2 ,4 ,4 ,186500 ,323540 
2025,J00,상급종합병원,1109 ,1398 ,1365 ,131788150 ,222957960 
2025,J00,종합병원,138461 ,206224 ,207397 ,5316527080 ,9049377050 
2025,J00,한방병원,8690 ,11842 ,10210 ,186941930 ,285892110 
2025,J00,치과병원,74 ,121 ,121 ,2705720 ,4545140 
2025,J00,의원,3556417 ,6658889 ,6658964 ,101954497500 ,135419545720 
2025,J00,보건지소,56818 ,107520 ,107520 ,1349885560 ,1742877660 
2025,J00,보건진료소,213690 ,576621 ,576621 ,5242541720 ,6014068320 
2025,J00,병원,294794 ,498593 ,502160 ,8709232870 ,12303019450 
2025,J00,요양병원,12408 ,22782 ,23066 ,307582150 ,462795880 
2025,J00,보건소,23784 ,36433 ,36433 ,209859710 ,232029710 
2025,J00,치과의원,49 ,69 ,69 ,875030 ,1194430 
2025,J00,보건의료원,11972 ,17032 ,17150 ,344443650 ,462305230 
2025,J00,정신병원,1609 ,2491 ,2576 ,41845360 ,63229340 
2025,J01,상급종합병원,295 ,354 ,649 ,222606380 ,295847720 
2025,J01,종합병원,44203 ,92946 ,99734 ,3538542100 ,5357047680 
2025,J01,한방병원,206 ,269 ,253 ,4788270 ,7346990 
2025,J01,치과병원,917 ,1293 ,1299 ,45815400 ,74888570 
2025,J01,의원,3873916 ,8746748 ,8747459 ,162261461920 ,221867228560 
2025,J01,보건지소,111 ,177 ,177 ,1344900 ,1670300 
2025,J01,보건진료소,258 ,508 ,508 ,6137180 ,8011780 
2025,J01,병원,282089 ,728986 ,748492 ,14752750860 ,20598340880 
2025,J01,요양병원,1075 ,1875 ,1862 ,23818470 ,35001700 
2025,J01,보건소,176 ,255 ,255 ,1429050 ,1560350 
2025,J01,치과의원,15674 ,20554 ,20418 ,496194460 ,697974300 
2025,J01,보건의료원,976 ,2302 ,2329 ,35914540 ,46721380 
2025,J01,정신병원,51 ,98 ,87 ,1619750 ,2376850 
2025,J02,상급종합병원,1288 ,1466 ,1665 ,438928350 ,558313130 
2025,J02,종합병원,101651 ,151986 ,160011 ,7033964650 ,10364146210 
2025,J02,한방병원,1410 ,1834 ,1624 ,27765470 ,42567150 
2025,J02,치과병원,23 ,44 ,44 ,1081970 ,1801170 
2025,J02,의원,3877001 ,7005015 ,7008646 ,107383589930 ,145170055110 
2025,J02,보건지소,546 ,964 ,964 ,11630130 ,15208230 
2025,J02,보건진료소,805 ,1434 ,1434 ,13205360 ,15430960 
2025,J02,병원,332464 ,578873 ,599779 ,14139749660 ,19271428380 
2025,J02,요양병원,2754 ,4090 ,4160 ,53947060 ,84611780 
2025,J02,보건소,600 ,874 ,874 ,4867720 ,5308620 
2025,J02,치과의원,8 ,11 ,11 ,85060 ,120860 
2025,J02,보건의료원,2229 ,3689 ,3693 ,59353140 ,79447320 
2025,J02,정신병원,682 ,1203 ,1205 ,21647060 ,34812540 
2025,J03,상급종합병원,383 ,459 ,740 ,251994730 ,322105130 
2025,J03,종합병원,54771 ,83977 ,102032 ,7177725690 ,9923711630 
2025,J03,한방병원,1035 ,1448 ,1364 ,24578200 ,37639330 
2025,J03,치과병원,298 ,416 ,416 ,4376870 ,7241370 
2025,J03,의원,3850308 ,6898310 ,6910123 ,110552503590 ,150554716660 
2025,J03,보건지소,84 ,109 ,109 ,766760 ,894360 
2025,J03,보건진료소,579 ,809 ,809 ,7347640 ,8238440 
2025,J03,병원,304916 ,522967 ,583699 ,21986816380 ,28373691900 
2025,J03,요양병원,3401 ,5335 ,5337 ,64213580 ,100337370 
2025,J03,보건소,236 ,275 ,275 ,1539500 ,1678100 
2025,J03,치과의원,116 ,142 ,142 ,2002330 ,2772030 
2025,J03,보건의료원,773 ,1008 ,1008 ,15327700 ,20349850 
2025,J03,정신병원,248 ,364 ,360 ,5839350 ,8862420 
2025,J04,상급종합병원,175 ,195 ,287 ,91159330 ,119668520 
2025,J04,종합병원,19295 ,29615 ,33050 ,1682724530 ,2491711550 
2025,J04,한방병원,382 ,495 ,444 ,7702510 ,11613420 
2025,J04,치과병원,188 ,329 ,329 ,8413830 ,14020550 
2025,J04,의원,2796649 ,5074933 ,5077005 ,90348406220 ,123319145980 
2025,J04,보건지소,114 ,210 ,210 ,1215150 ,1385050 
2025,J04,보건진료소,898 ,2192 ,2192 ,20615960 ,23179360 
2025,J04,병원,56326 ,86131 ,95880 ,3575845120 ,4546850110 
2025,J04,요양병원,1958 ,2992 ,3407 ,67932570 ,98137830 
2025,J04,보건소,927 ,1604 ,1604 ,8976490 ,9778590 
2025,J04,치과의원,1 ,1 ,1 ,9700 ,13800 
2025,J04,보건의료원,356 ,436 ,436 ,7504980 ,9824180 
2025,J04,정신병원,40 ,81 ,84 ,1682620 ,2485480 
2025,J05,상급종합병원,5711 ,7289 ,11448 ,4349757700 ,5028465570 
2025,J05,종합병원,10096 ,15502 ,23002 ,4499158610 ,5216494380 
2025,J05,치과병원,1 ,2 ,2 ,54920 ,91520 
2025,J05,의원,46690 ,78202 ,80150 ,1869898970 ,2343937740 
2025,J05,병원,19945 ,30224 ,45721 ,4293697910 ,4910651810 
2025,J05,요양병원,18 ,28 ,158 ,22216530 ,28444540 
2025,J05,보건소,1 ,1 ,1 ,5590 ,6090 
2025,J05,보건의료원,44 ,63 ,63 ,1081010 ,1330310 
2025,J06,상급종합병원,2423 ,2771 ,3452 ,881152870 ,1139163660 
2025,J06,종합병원,170925 ,231806 ,239753 ,10876237170 ,17320289340 
2025,J06,한방병원,4624 ,6225 ,5521 ,100786980 ,152218820 
2025,J06,치과병원,364 ,562 ,562 ,9842500 ,16360760 
2025,J06,의원,5257107 ,9661930 ,9662090 ,148045132930 ,200076754770 
2025,J06,보건지소,8428 ,14476 ,14476 ,171242140 ,220653840 
2025,J06,보건진료소,13925 ,29769 ,29769 ,271557320 ,314587520 
2025,J06,병원,377720 ,607453 ,614321 ,11436061670 ,16603902850 
2025,J06,요양병원,9784 ,16263 ,16942 ,247459600 ,374417910 
2025,J06,보건소,8577 ,12797 ,12797 ,77624540 ,86074140 
2025,J06,치과의원,59 ,89 ,89 ,817200 ,1138400 
2025,J06,보건의료원,5974 ,7638 ,7662 ,171800300 ,231558170 
2025,J06,정신병원,1638 ,2738 ,2694 ,40407130 ,62287470 
2025,J09,상급종합병원,1014 ,1061 ,1222 ,404399340 ,515444190 
2025,J09,종합병원,2532 ,2904 ,3625 ,407024400 ,553182950 
2025,J09,한방병원,4 ,4 ,6 ,473550 ,576000 
2025,J09,치과병원,14 ,20 ,20 ,700150 ,1165950 
2025,J09,의원,55841 ,68237 ,68368 ,1050838540 ,1460578090 
2025,J09,병원,3210 ,4201 ,5799 ,595296680 ,716605070 
2025,J09,요양병원,24 ,31 ,130 ,6369480 ,9382150 
2025,J09,보건의료원,6 ,6 ,6 ,310970 ,434270 
2025,J09,정신병원,24 ,28 ,182 ,25097320 ,31821220 
2025,J10,상급종합병원,6097 ,7231 ,19922 ,11621927100 ,13899383720 
2025,J10,종합병원,178660 ,229473 ,375981 ,69973755600 ,86235209520 
2025,J10,한방병원,861 ,955 ,1413 ,109370230 ,140014360 
2025,J10,치과병원,7 ,7 ,7 ,79820 ,132420 
2025,J10,의원,2345427 ,3171714 ,3227613 ,64397182630 ,86143847880 
2025,J10,보건지소,34 ,40 ,40 ,340850 ,456350 
2025,J10,병원,368094 ,495402 ,786573 ,88852331380 ,103178569300 
2025,J10,요양병원,2143 ,2860 ,5392 ,335520130 ,446697170 
2025,J10,보건소,61 ,68 ,68 ,369720 ,414120 
2025,J10,치과의원,1 ,1 ,1 ,0 ,0 
2025,J10,보건의료원,1834 ,2054 ,2149 ,54156380 ,73800350 
2025,J10,정신병원,168 ,194 ,210 ,4297870 ,6295020 
2025,J11,상급종합병원,4289 ,4646 ,6206 ,2277242880 ,2845652160 
2025,J11,종합병원,66664 ,77545 ,101109 ,14949737320 ,20038119490 
2025,J11,한방병원,743 ,856 ,1225 ,82593330 ,103228450 
2025,J11,치과병원,66 ,112 ,112 ,1469110 ,2442210 
2025,J11,의원,1123999 ,1518274 ,1524323 ,25257952960 ,34587431130 
2025,J11,보건지소,35 ,42 ,42 ,321200 ,408200 
2025,J11,보건진료소,7 ,8 ,8 ,67000 ,74200 
2025,J11,병원,84391 ,104833 ,149688 ,13677124180 ,16490209050 
2025,J11,요양병원,1187 ,1481 ,3781 ,323413240 ,420972710 
2025,J11,보건소,33 ,35 ,35 ,194450 ,213150 
2025,J11,치과의원,1 ,1 ,1 ,0 ,0 
2025,J11,보건의료원,896 ,1028 ,1040 ,25551970 ,35916620 
2025,J11,정신병원,108 ,137 ,221 ,15347640 ,20695770 
2025,J12,상급종합병원,1996 ,3598 ,10422 ,4844155570 ,5442104410 
2025,J12,종합병원,7808 ,14046 ,46381 ,12486136420 ,14637391130 
2025,J12,한방병원,3 ,3 ,4 ,596540 ,750000 
2025,J12,의원,18366 ,34819 ,50717 ,3605221500 ,4023518950 
2025,J12,보건지소,3 ,3 ,3 ,18900 ,21600 
2025,J12,병원,34685 ,56054 ,188943 ,32352725820 ,36596386980 
2025,J12,요양병원,151 ,277 ,2563 ,249128000 ,319919500 
2025,J12,보건소,1 ,1 ,1 ,4990 ,6090 
2025,J12,보건의료원,6 ,7 ,7 ,248580 ,360420 
2025,J12,정신병원,2 ,2 ,0 ,156020 ,195020 
2025,J13,상급종합병원,131 ,197 ,1101 ,526949310 ,639546510 
2025,J13,종합병원,1882 ,2858 ,15928 ,5193355830 ,6419711620 
2025,J13,의원,877 ,1566 ,3101 ,289685440 ,347830860 
2025,J13,병원,8106 ,11932 ,40870 ,7393608870 ,8392237040 
2025,J13,요양병원,12 ,31 ,653 ,40102020 ,58452760 
2025,J14,상급종합병원,94 ,171 ,898 ,518613870 ,624828330 
2025,J14,종합병원,1276 ,1969 ,10674 ,3279266110 ,4112877350 
2025,J14,의원,645 ,1109 ,1682 ,114489110 ,138531200 
2025,J14,병원,2565 ,3697 ,12473 ,2111283180 ,2458284630 
2025,J14,요양병원,25 ,47 ,269 ,28335660 ,35648870 
2025,J15,상급종합병원,3572 ,8569 ,23403 ,12199548190 ,14789545220 
2025,J15,종합병원,25121 ,50484 ,225154 ,64101794390 ,80994422900 
2025,J15,한방병원,24 ,55 ,483 ,84260250 ,110181080 
2025,J15,치과병원,5 ,11 ,11 ,154180 ,275480 
2025,J15,의원,180103 ,355696 ,366377 ,8940746620 ,11685556030 
2025,J15,보건지소,7 ,11 ,11 ,186490 ,255690 
2025,J15,병원,27057 ,45302 ,160299 ,25852369160 ,31976733490 
2025,J15,요양병원,8513 ,19226 ,198366 ,27806786470 ,34553019150 
2025,J15,보건소,25 ,35 ,35 ,191150 ,214650 
2025,J15,보건의료원,191 ,339 ,547 ,31963690 ,41798510 
2025,J15,정신병원,79 ,143 ,820 ,85263660 ,111839150 
2025,J16,상급종합병원,74 ,158 ,432 ,216454600 ,264388920 
2025,J16,종합병원,275 ,513 ,1584 ,394886100 ,504628000 
2025,J16,한방병원,2 ,4 ,45 ,5006210 ,6768070 
2025,J16,의원,9202 ,17607 ,17689 ,551140810 ,713699510 
2025,J16,보건지소,1 ,1 ,1 ,4450 ,5350 
2025,J16,병원,1070 ,1840 ,5372 ,871146740 ,1120647640 
2025,J16,요양병원,70 ,131 ,1466 ,177585510 ,221968790 
2025,J16,보건소,2 ,3 ,3 ,16170 ,18270 
2025,J16,보건의료원,1 ,1 ,1 ,39980 ,56980 
2025,J16,정신병원,10 ,48 ,48 ,2263180 ,2801880 
2025,J17,상급종합병원,379 ,1502 ,2870 ,1226832720 ,1501097000 
2025,J17,종합병원,210 ,354 ,1797 ,682647530 ,830602790 
2025,J17,한방병원,1 ,1 ,0 ,89630 ,112030 
2025,J17,의원,2720 ,4777 ,4873 ,142421860 ,189213740 
2025,J17,보건지소,1 ,2 ,2 ,20000 ,21800 
2025,J17,병원,176 ,333 ,779 ,111955020 ,143669000 
2025,J17,요양병원,321 ,697 ,7118 ,946267100 ,1162471690 
2025,J17,보건소,2 ,2 ,2 ,9980 ,12180 
2025,J17,보건의료원,2 ,2 ,2 ,34760 ,44460 
2025,J18,상급종합병원,31102 ,73402 ,205473 ,106872038370 ,130765171240 
2025,J18,종합병원,174934 ,392969 ,1373631 ,411900311560 ,523581813670 
2025,J18,한방병원,223 ,388 ,1367 ,210143200 ,265145830 
2025,J18,치과병원,2 ,11 ,11 ,253410 ,421810 
2025,J18,의원,489788 ,1099027 ,1148889 ,33379001450 ,42749990590 
2025,J18,보건지소,30 ,37 ,37 ,215620 ,246420 
2025,J18,보건진료소,4 ,6 ,6 ,42780 ,48180 
2025,J18,병원,190606 ,405798 ,841617 ,107748087520 ,134964083510 
2025,J18,요양병원,39483 ,89081 ,933461 ,125396312940 ,156240222890 
2025,J18,보건소,92 ,121 ,121 ,642210 ,733710 
2025,J18,보건의료원,585 ,965 ,1198 ,53986170 ,70002570 
2025,J18,정신병원,387 ,812 ,9041 ,1061151110 ,1377925850 
2025,J20,상급종합병원,2344 ,3515 ,4492 ,987944970 ,1233617850 
2025,J20,종합병원,253151 ,508503 ,572295 ,27770763200 ,39241823130 
2025,J20,한방병원,5863 ,8310 ,8016 ,175343490 ,256765990 
2025,J20,치과병원,449 ,712 ,712 ,9483230 ,15725530 
2025,J20,의원,14527483 ,41403606 ,41430594 ,627768710760 ,835646447580 
2025,J20,보건지소,2624 ,4796 ,4796 ,40335750 ,49969950 
2025,J20,보건진료소,1231 ,2880 ,2880 ,26693640 ,31731840 
2025,J20,병원,1273765 ,4158012 ,4314675 ,103094645740 ,138894956770 
2025,J20,요양병원,16285 ,36656 ,39940 ,819715940 ,1156638060 
2025,J20,보건소,8465 ,13373 ,13373 ,74739650 ,82174550 
2025,J20,치과의원,70 ,97 ,92 ,1952730 ,2755730 
2025,J20,보건의료원,11923 ,22147 ,22402 ,356930990 ,459693110 
2025,J20,정신병원,1362 ,2322 ,2995 ,71694870 ,102193780 
2025,J21,상급종합병원,4295 ,8208 ,13117 ,3727211930 ,4155264680 
2025,J21,종합병원,27530 ,60680 ,84464 ,9618580950 ,11568632920 
2025,J21,한방병원,145 ,225 ,198 ,3719850 ,5347880 
2025,J21,치과병원,1 ,1 ,1 ,15350 ,25550 
2025,J21,의원,680004 ,1677723 ,1683281 ,28585101810 ,36754605530 
2025,J21,보건지소,169 ,238 ,238 ,3931350 ,5319250 
2025,J21,보건진료소,42 ,74 ,74 ,905260 ,1256560 
2025,J21,병원,78712 ,174892 ,208659 ,11313839840 ,13435048830 
2025,J21,요양병원,966 ,2047 ,8635 ,505754970 ,670827530 
2025,J21,보건소,50 ,56 ,56 ,312040 ,341040 
2025,J21,보건의료원,155 ,282 ,282 ,4884290 ,6089450 
2025,J21,정신병원,20 ,28 ,28 ,510080 ,798370 
2025,J22,상급종합병원,13 ,13 ,14 ,2252610 ,3183620 
2025,J22,종합병원,4487 ,6511 ,7098 ,347526240 ,538348810 
2025,J22,한방병원,88 ,119 ,103 ,1678990 ,2621960 
2025,J22,의원,490827 ,983827 ,983870 ,14429848440 ,19210247480 
2025,J22,보건지소,26 ,42 ,42 ,344080 ,448180 
2025,J22,보건진료소,2 ,3 ,3 ,26780 ,34880 
2025,J22,병원,13404 ,24663 ,25942 ,654544140 ,984502150 
2025,J22,요양병원,214 ,373 ,430 ,8375030 ,12897530 
2025,J22,보건소,745 ,1115 ,1115 ,6208250 ,6771450 
2025,J22,보건의료원,1 ,1 ,1 ,46770 ,60270 
2025,J22,정신병원,4 ,4 ,4 ,112000 ,161700 
2025,J30,상급종합병원,1937 ,3353 ,3269 ,132041240 ,283454700 
2025,J30,종합병원,120661 ,245961 ,246858 ,4766077860 ,8413606000 
2025,J30,한방병원,2858 ,3943 ,3670 ,64812240 ,101102090 
2025,J30,치과병원,249 ,415 ,415 ,10471940 ,17464500 
2025,J30,의원,6693197 ,14951999 ,14952264 ,245158830800 ,331799038600 
2025,J30,보건지소,3928 ,6210 ,6210 ,92951260 ,123859260 
2025,J30,보건진료소,10966 ,29478 ,29478 ,323973000 ,397090900 
2025,J30,병원,451664 ,999976 ,1001413 ,16107366750 ,23439989120 
2025,J30,요양병원,5218 ,8897 ,8993 ,108495340 ,167230830 
2025,J30,보건소,5935 ,9536 ,9536 ,5472 ,
