행정기관코드,기준연월,시도명,시군구명,읍면동명,전체 전월인구수,전월 남자인구수,전월 여자인구수,전체 당월인구수,당월 남자인구수,당월 여자인구수,전체 인구증감,남자 인구증감,여자 인구증감
1111051500,2026-06-30,서울특별시,종로구,청운효자동,10719,4869,5850,10682,4837,5845,-37,-32,-5
1111053000,2026-06-30,서울특별시,종로구,사직동,8874,3909,4965,8874,3917,4957,0,8,-8
1111054000,2026-06-30,서울특별시,종로구,삼청동,2064,976,1088,2048,966,1082,-16,-10,-6
1111055000,2026-06-30,서울특별시,종로구,부암동,8872,4137,4735,8868,4141,4727,-4,4,-8
1111056000,2026-06-30,서울특별시,종로구,평창동,16959,7810,9149,16938,7800,9138,-21,-10,-11
1111057000,2026-06-30,서울특별시,종로구,무악동,7699,3540,4159,7694,3535,4159,-5,-5,0
1111058000,2026-06-30,서울특별시,종로구,교남동,9470,4278,5192,9473,4287,5186,3,9,-6
1111060000,2026-06-30,서울특별시,종로구,가회동,3525,1636,1889,3532,1638,1894,7,2,5
1111061500,2026-06-30,서울특별시,종로구,종로1.2.3.4가동,6651,4005,2646,6625,3994,2631,-26,-11,-15
1111063000,2026-06-30,서울특별시,종로구,종로5.6가동,5420,2780,2640,5388,2768,2620,-32,-12,-20
1111064000,2026-06-30,서울특별시,종로구,이화동,7063,3269,3794,7061,3260,3801,-2,-9,7
1111065000,2026-06-30,서울특별시,종로구,혜화동,15736,7499,8237,15719,7491,8228,-17,-8,-9
1111067000,2026-06-30,서울특별시,종로구,창신제1동,4380,2302,2078,4372,2290,2082,-8,-12,4
1111068000,2026-06-30,서울특별시,종로구,창신제2동,7103,3642,3461,7078,3622,3456,-25,-20,-5
1111069000,2026-06-30,서울특별시,종로구,창신제3동,6070,2948,3122,6048,2936,3112,-22,-12,-10
1111070000,2026-06-30,서울특별시,종로구,숭인제1동,5676,2768,2908,5678,2779,2899,2,11,-9
1111071000,2026-06-30,서울특별시,종로구,숭인제2동,10237,4994,5243,10240,4994,5246,3,0,3
1114052000,2026-06-30,서울특별시,중구,소공동,2218,1032,1186,2207,1026,1181,-11,-6,-5
1114054000,2026-06-30,서울특별시,중구,회현동,4044,2055,1989,4042,2045,1997,-2,-10,8
1114055000,2026-06-30,서울특별시,중구,명동,2490,1031,1459,2494,1039,1455,4,8,-4
1114057000,2026-06-30,서울특별시,중구,필동,4329,2209,2120,4311,2203,2108,-18,-6,-12
1114058000,2026-06-30,서울특별시,중구,장충동,4578,2414,2164,4589,2405,2184,11,-9,20
1114059000,2026-06-30,서울특별시,중구,광희동,5739,2789,2950,5722,2786,2936,-17,-3,-14
1114060500,2026-06-30,서울특별시,중구,을지로동,3048,1635,1413,3050,1635,1415,2,0,2
1114061500,2026-06-30,서울특별시,중구,신당동,7341,3554,3787,7276,3518,3758,-65,-36,-29
1114062500,2026-06-30,서울특별시,중구,다산동,12902,6223,6679,12837,6187,6650,-65,-36,-29
1114063500,2026-06-30,서울특별시,중구,약수동,15648,7205,8443,15633,7208,8425,-15,3,-18
1114064500,2026-06-30,서울특별시,중구,청구동,10645,4949,5696,10631,4947,5684,-14,-2,-12
1114065000,2026-06-30,서울특별시,중구,신당제5동,9959,4816,5143,9945,4804,5141,-14,-12,-2
1114066500,2026-06-30,서울특별시,중구,동화동,9764,4659,5105,9737,4653,5084,-27,-6,-21
1114067000,2026-06-30,서울특별시,중구,황학동,13189,6168,7021,13198,6154,7044,9,-14,23
1114068000,2026-06-30,서울특별시,중구,중림동,11871,5797,6074,11886,5806,6080,15,9,6
1117051000,2026-06-30,서울특별시,용산구,후암동,15601,7448,8153,15573,7440,8133,-28,-8,-20
1117052000,2026-06-30,서울특별시,용산구,용산2가동,8444,4132,4312,8405,4123,4282,-39,-9,-30
1117053000,2026-06-30,서울특별시,용산구,남영동,7012,4215,2797,7029,4218,2811,17,3,14
1117055500,2026-06-30,서울특별시,용산구,청파동,18767,8569,10198,18775,8578,10197,8,9,-1
1117056000,2026-06-30,서울특별시,용산구,원효로제1동,17016,7732,9284,17021,7737,9284,5,5,0
1117057000,2026-06-30,서울특별시,용산구,원효로제2동,13346,6156,7190,13321,6142,7179,-25,-14,-11
1117058000,2026-06-30,서울특별시,용산구,효창동,10379,4870,5509,10377,4867,5510,-2,-3,1
1117059000,2026-06-30,서울특별시,용산구,용문동,11013,5169,5844,11024,5187,5837,11,18,-7
1117062500,2026-06-30,서울특별시,용산구,한강로동,20833,9820,11013,20860,9828,11032,27,8,19
1117063000,2026-06-30,서울특별시,용산구,이촌제1동,24900,11705,13195,24926,11716,13210,26,11,15
1117064000,2026-06-30,서울특별시,용산구,이촌제2동,7724,3610,4114,7695,3602,4093,-29,-8,-21
1117065000,2026-06-30,서울특별시,용산구,이태원제1동,5442,2683,2759,5398,2648,2750,-44,-35,-9
1117066000,2026-06-30,서울특별시,용산구,이태원제2동,8352,3975,4377,8336,3961,4375,-16,-14,-2
1117068500,2026-06-30,서울특별시,용산구,한남동,13674,6381,7293,13698,6391,7307,24,10,14
1117069000,2026-06-30,서울특별시,용산구,서빙고동,12203,5866,6337,12167,5854,6313,-36,-12,-24
1117070000,2026-06-30,서울특별시,용산구,보광동,5104,2550,2554,5043,2515,2528,-61,-35,-26
1120052000,2026-06-30,서울특별시,성동구,왕십리제2동,15665,7480,8185,15630,7462,8168,-35,-18,-17
1120053500,2026-06-30,서울특별시,성동구,왕십리도선동,25497,11993,13504,25497,11991,13506,0,-2,2
1120054000,2026-06-30,서울특별시,성동구,마장동,21389,10445,10944,21369,10437,10932,-20,-8,-12
1120055000,2026-06-30,서울특별시,성동구,사근동,12169,6284,5885,12151,6283,5868,-18,-1,-17
1120056000,2026-06-30,서울특별시,성동구,행당제1동,15678,7415,8263,15695,7416,8279,17,1,16
1120057000,2026-06-30,서울특별시,성동구,행당제2동,22270,10380,11890,22265,10401,11864,-5,21,-26
1120058000,2026-06-30,서울특별시,성동구,응봉동,14340,6765,7575,14363,6784,7579,23,19,4
1120059000,2026-06-30,서울특별시,성동구,금호1가동,14237,6741,7496,14227,6749,7478,-10,8,-18
1120061500,2026-06-30,서울특별시,성동구,금호2.3가동,20583,9758,10825,20564,9748,10816,-19,-10,-9
1120062000,2026-06-30,서울특별시,성동구,금호4가동,13759,6425,7334,13743,6418,7325,-16,-7,-9
1120064500,2026-06-30,서울특별시,성동구,옥수동,25150,11654,13496,25166,11678,13488,16,24,-8
1120065000,2026-06-30,서울특별시,성동구,성수1가제1동,14806,7283,7523,14776,7269,7507,-30,-14,-16
1120066000,2026-06-30,서울특별시,성동구,성수1가제2동,14289,6898,7391,14275,6886,7389,-14,-12,-2
1120067000,2026-06-30,서울특별시,성동구,성수2가제1동,13360,6867,6493,13300,6842,6458,-60,-25,-35
1120069000,2026-06-30,서울특별시,성동구,성수2가제3동,9366,4573,4793,9330,4556,4774,-36,-17,-19
1120072000,2026-06-30,서울특별시,성동구,송정동,8985,4718,4267,9005,4731,4274,20,13,7
1120079000,2026-06-30,서울특별시,성동구,용답동,13151,6729,6422,13161,6729,6432,10,0,10
1121571000,2026-06-30,서울특별시,광진구,화양동,23015,10849,12166,22998,10811,12187,-17,-38,21
1121573000,2026-06-30,서울특별시,광진구,군자동,18542,9072,9470,18475,9035,9440,-67,-37,-30
1121574000,2026-06-30,서울특별시,광진구,중곡제1동,14782,7005,7777,14776,6991,7785,-6,-14,8
1121575000,2026-06-30,서울특별시,광진구,중곡제2동,19705,9255,10450,19686,9252,10434,-19,-3,-16
1121576000,2026-06-30,서울특별시,광진구,중곡제3동,15198,7437,7761,15204,7434,7770,6,-3,9
1121577000,2026-06-30,서울특별시,광진구,중곡제4동,26804,12927,13877,26778,12907,13871,-26,-20,-6
1121578000,2026-06-30,서울특별시,광진구,능동,10649,4908,5741,10614,4900,5714,-35,-8,-27
1121581000,2026-06-30,서울특별시,광진구,광장동,32861,15865,16996,32836,15836,17000,-25,-29,4
1121582000,2026-06-30,서울특별시,광진구,자양제1동,21443,10305,11138,21442,10302,11140,-1,-3,2
1121583000,2026-06-30,서울특별시,광진구,자양제2동,26266,12645,13621,26275,12637,13638,9,-8,17
1121584000,2026-06-30,서울특별시,광진구,자양제3동,26605,12742,13863,26564,12722,13842,-41,-20,-21
1121584700,2026-06-30,서울특별시,광진구,자양제4동,19864,9666,10198,19873,9674,10199,9,8,1
1121585000,2026-06-30,서울특별시,광진구,구의제1동,23152,10880,12272,23190,10899,12291,38,19,19
1121586000,2026-06-30,서울특별시,광진구,구의제2동,24819,11795,13024,24774,11780,12994,-45,-15,-30
1121587000,2026-06-30,서울특별시,광진구,구의제3동,27431,12990,14441,27420,12971,14449,-11,-19,8
1123051500,2026-06-30,서울특별시,동대문구,신설동,16396,8084,8312,16383,8068,8315,-13,-16,3
1123053300,2026-06-30,서울특별시,동대문구,용두동,22658,11109,11549,22698,11122,11576,40,13,27
1123054500,2026-06-30,서울특별시,동대문구,제기동,22232,11446,10786,22176,11417,10759,-56,-29,-27
1123056000,2026-06-30,서울특별시,동대문구,전농제1동,32490,16062,16428,32499,16041,16458,9,-21,30
1123057000,2026-06-30,서울특별시,동대문구,전농제2동,17209,8184,9025,17148,8151,8997,-61,-33,-28
1123060000,2026-06-30,서울특별시,동대문구,답십리제1동,27403,13051,14352,27536,13126,14410,133,75,58
1123061000,2026-06-30,서울특별시,동대문구,답십리제2동,27214,13021,14193,27164,12997,14167,-50,-24,-26
1123065000,2026-06-30,서울특별시,동대문구,장안제1동,37051,18049,19002,37060,18041,19019,9,-8,17
1123066000,2026-06-30,서울특별시,동대문구,장안제2동,32864,16159,16705,32945,16189,16756,81,30,51
1123070500,2026-06-30,서울특별시,동대문구,청량리동,17876,8742,9134,18173,8867,9306,297,125,172
1123071000,2026-06-30,서울특별시,동대문구,회기동,10314,4872,5442,10311,4872,5439,-3,0,-3
1123072000,2026-06-30,서울특별시,동대문구,휘경제1동,16822,7868,8954,16799,7845,8954,-23,-23,0
1123073000,2026-06-30,서울특별시,동대문구,휘경제2동,23547,11733,11814,23520,11718,11802,-27,-15,-12
1123074000,2026-06-30,서울특별시,동대문구,이문제1동,30289,14585,15704,30528,14699,15829,239,114,125
1123075000,2026-06-30,서울특별시,동대문구,이문제2동,17934,8620,9314,17908,8602,9306,-26,-18,-8
1126052000,2026-06-30,서울특별시,중랑구,면목제2동,22883,11352,11531,22849,11341,11508,-34,-11,-23
1126054000,2026-06-30,서울특별시,중랑구,면목제4동,17421,8633,8788,17451,8647,8804,30,14,16
1126055000,2026-06-30,서울특별시,중랑구,면목제5동,13791,6830,6961,13753,6806,6947,-38,-24,-14
1126056500,2026-06-30,서울특별시,중랑구,면목본동,31572,15534,16038,31534,15512,16022,-38,-22,-16
1126057000,2026-06-30,서울특별시,중랑구,면목제7동,20399,10087,10312,20402,10087,10315,3,0,3
1126057500,2026-06-30,서울특별시,중랑구,면목제3.8동,23426,11551,11875,23424,11554,11870,-2,3,-5
1126058000,2026-06-30,서울특별시,중랑구,상봉제1동,22742,10992,11750,22746,10977,11769,4,-15,19
1126059000,2026-06-30,서울특별시,중랑구,상봉제2동,21835,10192,11643,21862,10231,11631,27,39,-12
1126060000,2026-06-30,서울특별시,중랑구,중화제1동,17850,8794,9056,17843,8783,9060,-7,-11,4
1126061000,2026-06-30,서울특별시,중랑구,중화제2동,25584,12946,12638,25530,12896,12634,-54,-50,-4
1126062000,2026-06-30,서울특별시,중랑구,묵제1동,32874,15594,17280,32844,15595,17249,-30,1,-31
1126063000,2026-06-30,서울특별시,중랑구,묵제2동,17562,8539,9023,17541,8519,9022,-21,-20,-1
1126065500,2026-06-30,서울특별시,중랑구,망우본동,37911,18611,19300,37965,18627,19338,54,16,38
1126066000,2026-06-30,서울특별시,중랑구,망우제3동,15179,7600,7579,15146,7574,7572,-33,-26,-7
1126068000,2026-06-30,서울특별시,중랑구,신내1동,36525,17526,18999,36588,17547,19041,63,21,42
1126069000,2026-06-30,서울특별시,중랑구,신내2동,18909,8890,10019,18908,8887,10021,-1,-3,2
1129052500,2026-06-30,서울특별시,성북구,성북동,15505,7157,8348,15513,7165,8348,8,8,0
1129055500,2026-06-30,서울특별시,성북구,삼선동,21601,10127,11474,21574,10120,11454,-27,-7,-20
1129057500,2026-06-30,서울특별시,성북구,동선동,14859,5896,8963,14889,5916,8973,30,20,10
1129058000,2026-06-30,서울특별시,성북구,돈암제1동,13651,6318,7333,13651,6312,7339,0,-6,6
1129059000,2026-06-30,서울특별시,성북구,돈암제2동,22832,10769,12063,22781,10743,12038,-51,-26,-25
1129060000,2026-06-30,서울특별시,성북구,안암동,15637,7817,7820,15621,7815,7806,-16,-2,-14
1129061000,2026-06-30,서울특별시,성북구,보문동,15755,7546,8209,15700,7516,8184,-55,-30,-25
1129062000,2026-06-30,서울특별시,성북구,정릉제1동,17458,8325,9133,17474,8340,9134,16,15,1
1129063000,2026-06-30,서울특별시,성북구,정릉제2동,21478,10253,11225,21445,10212,11233,-33,-41,8
1129064000,2026-06-30,서울특별시,성북구,정릉제3동,13904,6813,7091,13856,6787,7069,-48,-26,-22
1129065000,2026-06-30,서울특별시,성북구,정릉제4동,23415,11099,12316,23406,11083,12323,-9,-16,7
1129066000,2026-06-30,서울특별시,성북구,길음제1동,35340,16722,18618,35307,16716,18591,-33,-6,-27
1129068500,2026-06-30,서울특별시,성북구,길음제2동,21343,10167,11176,21358,10164,11194,15,-3,18
1129070500,2026-06-30,서울특별시,성북구,종암동,36737,18080,18657,36707,18044,18663,-30,-36,6
1129071500,2026-06-30,서울특별시,성북구,월곡제1동,24461,11725,12736,24433,11715,12718,-28,-10,-18
1129072500,2026-06-30,서울특별시,성북구,월곡제2동,18428,8676,9752,18413,8669,9744,-15,-7,-8
1129076000,2026-06-30,서울특별시,성북구,장위제1동,22574,11002,11572,22526,10976,11550,-48,-26,-22
1129077000,2026-06-30,서울특별시,성북구,장위제2동,15679,7670,8009,15678,7679,7999,-1,9,-10
1129078000,2026-06-30,서울특별시,성북구,장위제3동,18772,9191,9581,18710,9143,9567,-62,-48,-14
1129081000,2026-06-30,서울특별시,성북구,석관동,32761,16048,16713,32720,16029,16691,-41,-19,-22
1130553400,2026-06-30,서울특별시,강북구,삼양동,24295,11935,12360,24226,11891,12335,-69,-44,-25
1130553500,2026-06-30,서울특별시,강북구,미아동,20145,9626,10519,20128,9620,10508,-17,-6,-11
1130554500,2026-06-30,서울특별시,강북구,송중동,27185,12921,14264,27189,12937,14252,4,16,-12
1130555500,2026-06-30,서울특별시,강북구,송천동,22654,11153,11501,22649,11145,11504,-5,-8,3
1130557500,2026-06-30,서울특별시,강북구,삼각산동,29803,14259,15544,29803,14250,15553,0,-9,9
1130559500,2026-06-30,서울특별시,강북구,번1동,15960,7822,8138,15932,7810,8122,-28,-12,-16
1130560300,2026-06-30,서울특별시,강북구,번2동,14171,6749,7422,14155,6744,7411,-16,-5,-11
1130560800,2026-06-30,서울특별시,강북구,번3동,15384,7092,8292,15343,7058,8285,-41,-34,-7
1130561500,2026-06-30,서울특별시,강북구,수유1동,19265,9400,9865,19241,9386,9855,-24,-14,-10
1130562500,2026-06-30,서울특별시,강북구,수유2동,19812,9351,10461,19775,9332,10443,-37,-19,-18
1130563500,2026-06-30,서울특별시,강북구,수유3동,22342,10800,11542,22303,10779,11524,-39,-21,-18
1130564500,2026-06-30,서울특별시,강북구,우이동,19385,9194,10191,19364,9194,10170,-21,0,-21
1130566000,2026-06-30,서울특별시,강북구,인수동,27893,13427,14466,27933,13444,14489,40,17,23
1132051100,2026-06-30,서울특별시,도봉구,창제1동,22681,10722,11959,22638,10705,11933,-43,-17,-26
1132051200,2026-06-30,서울특별시,도봉구,창제2동,27536,13270,14266,27471,13231,14240,-65,-39,-26
1132051300,2026-06-30,서울특별시,도봉구,창제3동,12576,6269,6307,12554,6260,6294,-22,-9,-13
1132051400,2026-06-30,서울특별시,도봉구,창제4동,25893,12319,13574,25856,12290,13566,-37,-29,-8
1132051500,2026-06-30,서울특별시,도봉구,창제5동,23280,11016,12264,23234,11006,12228,-46,-10,-36
1132052100,2026-06-30,서울특별시,도봉구,도봉제1동,19370,9704,9666,19352,9686,9666,-18,-18,0
1132052200,2026-06-30,서울특별시,도봉구,도봉제2동,25502,12361,13141,25568,12380,13188,66,19,47
1132066000,2026-06-30,서울특별시,도봉구,쌍문제1동,20503,9707,10796,20495,9714,10781,-8,7,-15
1132067000,2026-06-30,서울특별시,도봉구,쌍문제2동,17285,8252,9033,17257,8243,9014,-28,-9,-19
1132068000,2026-06-30,서울특별시,도봉구,쌍문제3동,15926,7587,8339,15893,7571,8322,-33,-16,-17
1132068100,2026-06-30,서울특별시,도봉구,쌍문제4동,17557,8258,9299,17534,8242,9292,-23,-16,-7
1132069000,2026-06-30,서울특별시,도봉구,방학제1동,27706,13639,14067,27706,13657,14049,0,18,-18
1132070000,2026-06-30,서울특별시,도봉구,방학제2동,17498,8748,8750,17426,8724,8702,-72,-24,-48
1132071000,2026-06-30,서울특별시,도봉구,방학제3동,25258,12161,13097,25241,12136,13105,-17,-25,8
1135056000,2026-06-30,서울특별시,노원구,월계1동,20250,10374,9876,20226,10361,9865,-24,-13,-11
1135057000,2026-06-30,서울특별시,노원구,월계2동,24572,11762,12810,24513,11716,12797,-59,-46,-13
1135058000,2026-06-30,서울특별시,노원구,월계3동,27641,13106,14535,27597,13103,14494,-44,-3,-41
1135059500,2026-06-30,서울특별시,노원구,공릉1동,35264,16966,18298,35241,16953,18288,-23,-13,-10
1135060000,2026-06-30,서울특별시,노원구,공릉2동,40678,19667,21011,40662,19658,21004,-16,-9,-7
1135061100,2026-06-30,서울특별시,노원구,하계1동,25414,12130,13284,25321,12049,13272,-93,-81,-12
1135061200,2026-06-30,서울특별시,노원구,하계2동,19486,9239,10247,19450,9228,10222,-36,-11,-25
1135061900,2026-06-30,서울특별시,노원구,중계본동,21955,10597,11358,21967,10600,11367,12,3,9
1135062100,2026-06-30,서울특별시,노원구,중계1동,25759,12594,13165,25735,12589,13146,-24,-5,-19
1135062400,2026-06-30,서울특별시,노원구,중계4동,18527,8859,9668,18526,8861,9665,-1,2,-3
1135062500,2026-06-30,서울특별시,노원구,중계2.3동,31161,14062,17099,31117,14055,17062,-44,-7,-37
1135063000,2026-06-30,서울특별시,노원구,상계1동,35847,17142,18705,35842,17155,18687,-5,13,-18
1135064000,2026-06-30,서울특별시,노원구,상계2동,18580,9126,9454,18534,9092,9442,-46,-34,-12
1135066500,2026-06-30,서울특별시,노원구,상계3.4동,26464,13110,13354,26412,13088,13324,-52,-22,-30
1135067000,2026-06-30,서울특별시,노원구,상계5동,22016,10695,11321,21990,10666,11324,-26,-29,3
1135069500,2026-06-30,서울특별시,노원구,상계6.7동,30128,13768,16360,30043,13713,16330,-85,-55,-30
1135070000,2026-06-30,서울특별시,노원구,상계8동,21181,10015,11166,21217,10019,11198,36,4,32
1135071000,2026-06-30,서울특별시,노원구,상계9동,18848,8768,10080,18840,8766,10074,-8,-2,-6
1135072000,2026-06-30,서울특별시,노원구,상계10동,17818,8193,9625,17820,8194,9626,2,1,1
1138051000,2026-06-30,서울특별시,은평구,녹번동,35118,16472,18646,35083,16453,18630,-35,-19,-16
1138052000,2026-06-30,서울특별시,은평구,불광제1동,33731,15747,17984,33687,15716,17971,-44,-31,-13
1138053000,2026-06-30,서울특별시,은평구,불광제2동,26108,12522,13586,26127,12535,13592,19,13,6
1138055100,2026-06-30,서울특별시,은평구,갈현제1동,13924,6669,7255,13930,6666,7264,6,-3,9
1138055200,2026-06-30,서울특별시,은평구,갈현제2동,26609,12544,14065,26568,12522,14046,-41,-22,-19
1138056000,2026-06-30,서울특별시,은평구,구산동,30555,14761,15794,30565,14771,15794,10,10,0
1138057000,2026-06-30,서울특별시,은평구,대조동,26901,12365,14536,26878,12345,14533,-23,-20,-3
1138058000,2026-06-30,서울특별시,은평구,응암제1동,31994,14826,17168,31935,14806,17129,-59,-20,-39
1138059000,2026-06-30,서울특별시,은평구,응암제2동,26712,12868,13844,26751,12884,13867,39,16,23
1138060000,2026-06-30,서울특별시,은평구,응암제3동,22763,10937,11826,22707,10916,11791,-56,-21,-35
1138062500,2026-06-30,서울특별시,은평구,역촌동,44214,20670,23544,44223,20669,23554,9,-1,10
1138063100,2026-06-30,서울특별시,은평구,신사제1동,25592,12132,13460,25594,12135,13459,2,3,-1
1138063200,2026-06-30,서울특별시,은평구,신사제2동,19375,9528,9847,19371,9515,9856,-4,-13,9
1138064000,2026-06-30,서울특별시,은평구,증산동,15169,7273,7896,15140,7261,7879,-29,-12,-17
1138065000,2026-06-30,서울특별시,은평구,수색동,21103,10160,10943,21088,10145,10943,-15,-15,0
1138069000,2026-06-30,서울특별시,은평구,진관동,53530,24805,28725,53565,24800,28765,35,-5,40
1141052000,2026-06-30,서울특별시,서대문구,천연동,16296,7658,8638,16246,7631,8615,-50,-27,-23
1141055500,2026-06-30,서울특별시,서대문구,북아현동,15096,7275,7821,15076,7259,7817,-20,-16,-4
1141056500,2026-06-30,서울특별시,서대문구,충현동,19135,9130,10005,19097,9104,9993,-38,-26,-12
1141058500,2026-06-30,서울특별시,서대문구,신촌동,20715,8797,11918,20650,8751,11899,-65,-46,-19
1141061500,2026-06-30,서울특별시,서대문구,연희동,33091,15627,17464,33030,15596,17434,-61,-31,-30
1141062000,2026-06-30,서울특별시,서대문구,홍제제1동,24282,11249,13033,24256,11242,13014,-26,-7,-19
1141064000,2026-06-30,서울특별시,서대문구,홍제제3동,17183,8125,9058,17157,8108,9049,-26,-17,-9
1141065500,2026-06-30,서울특별시,서대문구,홍제제2동,11803,5474,6329,11803,5477,6326,0,3,-3
1141066000,2026-06-30,서울특별시,서대문구,홍은제1동,23316,11125,12191,23322,11143,12179,6,18,-12
1141068500,2026-06-30,서울특별시,서대문구,홍은제2동,27086,12924,14162,27047,12903,14144,-39,-21,-18
1141069000,2026-06-30,서울특별시,서대문구,남가좌제1동,17229,8231,8998,17264,8239,9025,35,8,27
1141070000,2026-06-30,서울특별시,서대문구,남가좌제2동,28322,13477,14845,28277,13453,14824,-45,-24,-21
1141071000,2026-06-30,서울특별시,서대문구,북가좌제1동,17120,8190,8930,17095,8170,8925,-25,-20,-5
1141072000,2026-06-30,서울특별시,서대문구,북가좌제2동,29562,14156,15406,29490,14113,15377,-72,-43,-29
1144055500,2026-06-30,서울특별시,마포구,아현동,28592,13209,15383,28566,13198,15368,-26,-11,-15
1144056500,2026-06-30,서울특별시,마포구,공덕동,35847,16667,19180,35843,16662,19181,-4,-5,1
1144058500,2026-06-30,서울특별시,마포구,도화동,20190,9548,10642,20213,9538,10675,23,-10,33
1144059000,2026-06-30,서울특별시,마포구,용강동,21238,9913,11325,21165,9893,11272,-73,-20,-53
1144060000,2026-06-30,서울특별시,마포구,대흥동,14242,6770,7472,14221,6746,7475,-21,-24,3
1144061000,2026-06-30,서울특별시,마포구,염리동,16737,7983,8754,16740,7975,8765,3,-8,11
1144063000,2026-06-30,서울특별시,마포구,신수동,21947,10664,11283,21955,10653,11302,8,-11,19
1144065500,2026-06-30,서울특별시,마포구,서강동,24346,11623,12723,24345,11620,12725,-1,-3,2
1144066000,2026-06-30,서울특별시,마포구,서교동,23465,10660,12805,23436,10664,12772,-29,4,-33
1144068000,2026-06-30,서울특별시,마포구,합정동,15507,7069,8438,15446,7042,8404,-61,-27,-34
1144069000,2026-06-30,서울특별시,마포구,망원제1동,18392,8518,9874,18336,8496,9840,-56,-22,-34
1144070000,2026-06-30,서울특별시,마포구,망원제2동,17088,7906,9182,17062,7887,9175,-26,-19,-7
1144071000,2026-06-30,서울특별시,마포구,연남동,13875,6459,7416,13825,6417,7408,-50,-42,-8
1144072000,2026-06-30,서울특별시,마포구,성산제1동,18286,8322,9964,18300,8317,9983,14,-5,19
1144073000,2026-06-30,서울특별시,마포구,성산제2동,38002,16780,21222,37924,16742,21182,-78,-38,-40
1144074000,2026-06-30,서울특별시,마포구,상암동,29102,13562,15540,29110,13553,15557,8,-9,17
1147051000,2026-06-30,서울특별시,양천구,목1동,29804,14327,15477,29799,14320,15479,-5,-7,2
1147052000,2026-06-30,서울특별시,양천구,목2동,27711,13266,14445,27731,13274,14457,20,8,12
1147053000,2026-06-30,서울특별시,양천구,목3동,20500,9706,10794,20469,9689,10780,-31,-17,-14
1147054000,2026-06-30,서울특별시,양천구,목4동,23502,11395,12107,23485,11399,12086,-17,4,-21
1147055000,2026-06-30,서울특별시,양천구,목5동,40419,19985,20434,40354,19937,20417,-65,-48,-17
1147056000,2026-06-30,서울특별시,양천구,신월1동,18437,9429,9008,18426,9425,9001,-11,-4,-7
1147057000,2026-06-30,서울특별시,양천구,신월2동,20375,9890,10485,20385,9895,10490,10,5,5
1147058000,2026-06-30,서울특별시,양천구,신월3동,13497,7111,6386,13463,7090,6373,-34,-21,-13
1147059000,2026-06-30,서울특별시,양천구,신월4동,16594,7999,8595,16571,7990,8581,-23,-9,-14
1147060000,2026-06-30,서울특별시,양천구,신월5동,13590,6678,6912,13608,6690,6918,18,12,6
1147061000,2026-06-30,서울특별시,양천구,신월6동,13607,6628,6979,13574,6627,6947,-33,-1,-32
1147061100,2026-06-30,서울특별시,양천구,신월7동,17848,8640,9208,17819,8625,9194,-29,-15,-14
1147062000,2026-06-30,서울특별시,양천구,신정1동,19384,9430,9954,19342,9406,9936,-42,-24,-18
1147063000,2026-06-30,서울특별시,양천구,신정2동,18598,9087,9511,18612,9092,9520,14,5,9
1147064000,2026-06-30,서울특별시,양천구,신정3동,45704,22102,23602,45089,21768,23321,-615,-334,-281
1147065000,2026-06-30,서울특별시,양천구,신정4동,31102,14954,16148,31091,14960,16131,-11,6,-17
1147067000,2026-06-30,서울특별시,양천구,신정6동,23802,11520,12282,23826,11523,12303,24,3,21
1147068000,2026-06-30,서울특별시,양천구,신정7동,27596,13181,14415,27603,13175,14428,7,-6,13
1150051000,2026-06-30,서울특별시,강서구,염창동,40999,19615,21384,40993,19600,21393,-6,-15,9
1150052000,2026-06-30,서울특별시,강서구,등촌제1동,24887,11441,13446,24846,11406,13440,-41,-35,-6
1150053000,2026-06-30,서울특별시,강서구,등촌제2동,18898,9200,9698,18886,9195,9691,-12,-5,-7
1150053500,2026-06-30,서울특별시,강서구,등촌제3동,28486,13331,15155,28460,13322,15138,-26,-9,-17
1150054000,2026-06-30,서울특별시,강서구,화곡제1동,49559,23902,25657,49621,23939,25682,62,37,25
1150055000,2026-06-30,서울특별시,강서구,화곡제2동,16713,8025,8688,16671,7991,8680,-42,-34,-8
1150056000,2026-06-30,서울특별시,강서구,화곡제3동,20432,9712,10720,20440,9708,10732,8,-4,12
1150057000,2026-06-30,서울특별시,강서구,화곡제4동,19000,9194,9806,18975,9178,9797,-25,-16,-9
1150059000,2026-06-30,서울특별시,강서구,화곡본동,31660,15322,16338,31632,15320,16312,-28,-2,-26
1150059100,2026-06-30,서울특별시,강서구,화곡제6동,25302,12050,13252,25262,12034,13228,-40,-16,-24
1150059300,2026-06-30,서울특별시,강서구,화곡제8동,22286,10710,11576,22275,10717,11558,-11,7,-18
1150060300,2026-06-30,서울특별시,강서구,가양제1동,33322,14929,18393,33337,14916,18421,15,-13,28
1150060400,2026-06-30,서울특별시,강서구,가양제2동,12827,6031,6796,12833,6040,6793,6,9,-3
1150060500,2026-06-30,서울특별시,강서구,가양제3동,13319,6162,7157,13315,6151,7164,-4,-11,7
1150061100,2026-06-30,서울특별시,강서구,발산제1동,34541,16203,18338,34552,16208,18344,11,5,6
1150061500,2026-06-30,서울특별시,강서구,우장산동,43643,20700,22943,43623,20697,22926,-20,-3,-17
1150062000,2026-06-30,서울특별시,강서구,공항동,28510,14382,14128,28549,14379,14170,39,-3,42
1150063000,2026-06-30,서울특별시,강서구,방화제1동,40384,19619,20765,40479,19656,20823,95,37,58
1150064000,2026-06-30,서울특별시,강서구,방화제2동,22581,11149,11432,22537,11129,11408,-44,-20,-24
1150064100,2026-06-30,서울특별시,강서구,방화제3동,21273,10179,11094,21229,10143,11086,-44,-36,-8
1153051000,2026-06-30,서울특별시,구로구,신도림동,35697,17137,18560,35683,17127,18556,-14,-10,-4
1153052000,2026-06-30,서울특별시,구로구,구로제1동,20027,9782,10245,20001,9768,10233,-26,-14,-12
1153053000,2026-06-30,서울특별시,구로구,구로제2동,21655,10782,10873,21641,10786,10855,-14,4,-18
1153054000,2026-06-30,서울특별시,구로구,구로제3동,22701,11721,10980,22656,11695,10961,-45,-26,-19
1153055000,2026-06-30,서울특별시,구로구,구로제4동,17582,8421,9161,17563,8410,9153,-19,-11,-8
1153056000,2026-06-30,서울특별시,구로구,구로제5동,28459,13881,14578,28476,13867,14609,17,-14,31
1153059500,2026-06-30,서울특별시,구로구,가리봉동,8824,4885,3939,8855,4894,3961,31,9,22
1153072000,2026-06-30,서울특별시,구로구,고척제1동,26223,12998,13225,26227,13005,13222,4,7,-3
1153073000,2026-06-30,서울특별시,구로구,고척제2동,24780,12127,12653,24759,12126,12633,-21,-1,-20
1153074000,2026-06-30,서울특별시,구로구,개봉제1동,33138,16345,16793,33189,16371,16818,51,26,25
1153075000,2026-06-30,서울특별시,구로구,개봉제2동,29037,13881,15156,29050,13884,15166,13,3,10
1153076000,2026-06-30,서울특별시,구로구,개봉제3동,18555,8924,9631,18530,8912,9618,-25,-12,-13
1153077000,2026-06-30,서울특별시,구로구,오류제1동,22962,10896,12066,22994,10896,12098,32,0,32
1153078000,2026-06-30,서울특별시,구로구,오류제2동,35413,16745,18668,35376,16720,18656,-37,-25,-12
1153079000,2026-06-30,서울특별시,구로구,수궁동,21674,10598,11076,21687,10597,11090,13,-1,14
1153080000,2026-06-30,서울특별시,구로구,항동,15925,7667,8258,15946,7680,8266,21,13,8
1154551000,2026-06-30,서울특별시,금천구,가산동,25518,13632,11886,25532,13644,11888,14,12,2
1154561000,2026-06-30,서울특별시,금천구,독산제1동,47651,24099,23552,47669,24112,23557,18,13,5
1154562000,2026-06-30,서울특별시,금천구,독산제2동,17090,8568,8522,17067,8552,8515,-23,-16,-7
1154563000,2026-06-30,서울특별시,금천구,독산제3동,22584,11349,11235,22557,11323,11234,-27,-26,-1
1154564000,2026-06-30,서울특별시,금천구,독산제4동,13772,6904,6868,13779,6895,6884,7,-9,16
1154567000,2026-06-30,서울특별시,금천구,시흥제1동,30985,15327,15658,30956,15321,15635,-29,-6,-23
1154568000,2026-06-30,서울특별시,금천구,시흥제2동,19707,9451,10256,19705,9445,10260,-2,-6,4
1154569000,2026-06-30,서울특별시,금천구,시흥제3동,9943,4914,5029,9904,4887,5017,-39,-27,-12
1154570000,2026-06-30,서울특별시,금천구,시흥제4동,18272,9036,9236,18232,9011,9221,-40,-25,-15
1154571000,2026-06-30,서울특별시,금천구,시흥제5동,17133,8478,8655,17102,8459,8643,-31,-19,-12
1156051500,2026-06-30,서울특별시,영등포구,영등포본동,20282,10397,9885,20241,10376,9865,-41,-21,-20
1156053500,2026-06-30,서울특별시,영등포구,영등포동,31168,15718,15450,31197,15754,15443,29,36,-7
1156054000,2026-06-30,서울특별시,영등포구,여의동,33960,15904,18056,33980,15914,18066,20,10,10
1156055000,2026-06-30,서울특별시,영등포구,당산제1동,21048,10071,10977,21026,10064,10962,-22,-7,-15
1156056000,2026-06-30,서울특별시,영등포구,당산제2동,36397,16940,19457,36343,16916,19427,-54,-24,-30
1156058500,2026-06-30,서울특별시,영등포구,도림동,17571,8911,8660,17543,8891,8652,-28,-20,-8
1156060500,2026-06-30,서울특별시,영등포구,문래동,31039,15090,15949,31047,15080,15967,8,-10,18
1156061000,2026-06-30,서울특별시,영등포구,양평제1동,19283,9148,10135,19453,9224,10229,170,76,94
1156062000,2026-06-30,서울특별시,영등포구,양평제2동,22404,10740,11664,22415,10737,11678,11,-3,14
1156063000,2026-06-30,서울특별시,영등포구,신길제1동,18937,9583,9354,18934,9576,9358,-3,-7,4
1156065000,2026-06-30,서울특별시,영등포구,신길제3동,16010,7932,8078,16042,7946,8096,32,14,18
1156066000,2026-06-30,서울특별시,영등포구,신길제4동,11749,5758,5991,11778,5784,5994,29,26,3
1156067000,2026-06-30,서울특별시,영등포구,신길제5동,9488,4586,4902,9497,4592,4905,9,6,3
1156068000,2026-06-30,서울특별시,영등포구,신길제6동,17706,8556,9150,17698,8544,9154,-8,-12,4
1156069000,2026-06-30,서울특별시,영등포구,신길제7동,19382,9569,9813,19341,9545,9796,-41,-24,-17
1156070000,2026-06-30,서울특별시,영등포구,대림제1동,13179,6499,6680,13186,6507,6679,7,8,-1
1156071000,2026-06-30,서울특별시,영등포구,대림제2동,11464,5541,5923,11457,5544,5913,-7,3,-10
1156072000,2026-06-30,서울특별시,영등포구,대림제3동,20705,10249,10456,20689,10248,10441,-16,-1,-15
1159051000,2026-06-30,서울특별시,동작구,노량진제1동,33533,17202,16331,33529,17192,16337,-4,-10,6
1159052000,2026-06-30,서울특별시,동작구,노량진제2동,7679,4093,3586,7615,4063,3552,-64,-30,-34
1159053000,2026-06-30,서울특별시,동작구,상도제1동,43965,21300,22665,43968,21292,22676,3,-8,11
1159054000,2026-06-30,서울특별시,동작구,상도제2동,26784,12645,14139,26716,12623,14093,-68,-22,-46
1159055000,2026-06-30,서울특별시,동작구,상도제3동,23300,11005,12295,23331,11008,12323,31,3,28
1159056000,2026-06-30,서울특별시,동작구,상도제4동,28665,13945,14720,28647,13925,14722,-18,-20,2
1159060500,2026-06-30,서울특별시,동작구,흑석동,29907,14328,15579,29844,14301,15543,-63,-27,-36
1159062000,2026-06-30,서울특별시,동작구,사당제1동,22147,10643,11504,22100,10624,11476,-47,-19,-28
1159063000,2026-06-30,서울특별시,동작구,사당제2동,27607,13188,14419,27594,13187,14407,-13,-1,-12
1159064000,2026-06-30,서울특별시,동작구,사당제3동,23173,11166,12007,23223,11188,12035,50,22,28
1159065000,2026-06-30,서울특별시,동작구,사당제4동,13546,6453,7093,13549,6452,7097,3,-1,4
1159065100,2026-06-30,서울특별시,동작구,사당제5동,13752,6571,7181,13631,6513,7118,-121,-58,-63
1159066000,2026-06-30,서울특별시,동작구,대방동,33513,15736,17777,33466,15712,17754,-47,-24,-23
1159067000,2026-06-30,서울특별시,동작구,신대방제1동,22774,10903,11871,22795,10912,11883,21,9,12
1159068000,2026-06-30,서울특별시,동작구,신대방제2동,21982,10469,11513,21991,10492,11499,9,23,-14
1162052500,2026-06-30,서울특별시,관악구,보라매동,22913,11174,11739,22892,11157,11735,-21,-17,-4
1162054500,2026-06-30,서울특별시,관악구,청림동,14155,6749,7406,14155,6753,7402,0,4,-4
1162056500,2026-06-30,서울특별시,관악구,성현동,29415,14140,15275,29398,14131,15267,-17,-9,-8
1162057500,2026-06-30,서울특별시,관악구,행운동,28436,13664,14772,28378,13630,14748,-58,-34,-24
1162058500,2026-06-30,서울특별시,관악구,낙성대동,17770,8984,8786,17739,8951,8788,-31,-33,2
1162059500,2026-06-30,서울특별시,관악구,청룡동,36069,17290,18779,36060,17257,18803,-9,-33,24
1162060500,2026-06-30,서울특별시,관악구,은천동,31291,15245,16046,31284,15221,16063,-7,-24,17
1162061500,2026-06-30,서울특별시,관악구,중앙동,15170,7182,7988,15147,7191,7956,-23,9,-32
1162062500,2026-06-30,서울특별시,관악구,인헌동,25030,12064,12966,24971,12049,12922,-59,-15,-44
1162063000,2026-06-30,서울특별시,관악구,남현동,17206,8300,8906,17157,8282,8875,-49,-18,-31
1162064500,2026-06-30,서울특별시,관악구,서원동,22778,11989,10789,22797,11993,10804,19,4,15
1162065500,2026-06-30,서울특별시,관악구,신원동,17180,8774,8406,17153,8744,8409,-27,-30,3
1162066500,2026-06-30,서울특별시,관악구,서림동,23570,13162,10408,23572,13184,10388,2,22,-20
1162068500,2026-06-30,서울특별시,관악구,신사동,22067,10952,11115,22073,10950,11123,6,-2,8
1162069500,2026-06-30,서울특별시,관악구,신림동,23485,12710,10775,23533,12743,10790,48,33,15
1162071500,2026-06-30,서울특별시,관악구,난향동,14304,6963,7341,14266,6941,7325,-38,-22,-16
1162072500,2026-06-30,서울특별시,관악구,조원동,19893,9835,10058,19910,9854,10056,17,19,-2
1162073500,2026-06-30,서울특별시,관악구,대학동,25093,15372,9721,25069,15374,9695,-24,2,-26
1162074500,2026-06-30,서울특별시,관악구,삼성동,19912,9852,10060,19909,9842,10067,-3,-10,7
1162076500,2026-06-30,서울특별시,관악구,미성동,28338,13855,14483,28303,13839,14464,-35,-16,-19
1162077500,2026-06-30,서울특별시,관악구,난곡동,24079,11980,12099,24031,11946,12085,-48,-34,-14
1165051000,2026-06-30,서울특별시,서초구,서초1동,19998,9574,10424,20034,9588,10446,36,14,22
1165052000,2026-06-30,서울특별시,서초구,서초2동,24847,11658,13189,24832,11652,13180,-15,-6,-9
1165053000,2026-06-30,서울특별시,서초구,서초3동,32084,15122,16962,32113,15115,16998,29,-7,36
1165053100,2026-06-30,서울특별시,서초구,서초4동,29974,14587,15387,29962,14573,15389,-12,-14,2
1165054000,2026-06-30,서울특별시,서초구,잠원동,34120,16433,17687,34069,16399,17670,-51,-34,-17
1165055000,2026-06-30,서울특별시,서초구,반포본동,204,96,108,204,97,107,0,1,-1
1165056000,2026-06-30,서울특별시,서초구,반포1동,33121,16190,16931,33083,16183,16900,-38,-7,-31
1165057000,2026-06-30,서울특별시,서초구,반포2동,26510,12520,13990,26533,12528,14005,23,8,15
1165058000,2026-06-30,서울특별시,서초구,반포3동,23573,11193,12380,23580,11194,12386,7,1,6
1165058100,2026-06-30,서울특별시,서초구,반포4동,17905,8339,9566,17878,8315,9563,-27,-24,-3
1165059000,2026-06-30,서울특별시,서초구,방배본동,19834,9105,10729,19822,9097,10725,-12,-8,-4
1165060000,2026-06-30,서울특별시,서초구,방배1동,16304,7598,8706,16309,7596,8713,5,-2,7
1165061000,2026-06-30,서울특별시,서초구,방배2동,17405,8108,9297,17377,8080,9297,-28,-28,0
1165062000,2026-06-30,서울특별시,서초구,방배3동,15362,7280,8082,15372,7282,8090,10,2,8
1165062100,2026-06-30,서울특별시,서초구,방배4동,25646,11678,13968,25660,11691,13969,14,13,1
1165065100,2026-06-30,서울특별시,서초구,양재1동,40268,18992,21276,40218,18960,21258,-50,-32,-18
1165065200,2026-06-30,서울특별시,서초구,양재2동,20768,10368,10400,20774,10384,10390,6,16,-10
1165066000,2026-06-30,서울특별시,서초구,내곡동,16563,7933,8630,16563,7928,8635,0,-5,5
1168051000,2026-06-30,서울특별시,강남구,신사동,14985,7004,7981,14969,6998,7971,-16,-6,-10
1168052100,2026-06-30,서울특별시,강남구,논현1동,20696,9790,10906,20589,9740,10849,-107,-50,-57
1168053100,2026-06-30,서울특별시,강남구,논현2동,20072,9339,10733,20085,9341,10744,13,2,11
1168054500,2026-06-30,서울특별시,강남구,압구정동,25429,11813,13616,25429,11802,13627,0,-11,11
1168056500,2026-06-30,서울특별시,강남구,청담동,26255,12246,14009,26344,12292,14052,89,46,43
1168058000,2026-06-30,서울특별시,강남구,삼성1동,12727,6180,6547,12752,6194,6558,25,14,11
1168059000,2026-06-30,서울특별시,강남구,삼성2동,30189,14368,15821,30171,14353,15818,-18,-15,-3
1168060000,2026-06-30,서울특별시,강남구,대치1동,23507,11812,11695,23509,11813,11696,2,1,1
1168061000,2026-06-30,서울특별시,강남구,대치2동,38232,19415,18817,38227,19415,18812,-5,0,-5
1168063000,2026-06-30,서울특별시,강남구,대치4동,17995,8577,9418,18018,8594,9424,23,17,6
1168064000,2026-06-30,서울특별시,강남구,역삼1동,34205,16732,17473,34228,16744,17484,23,12,11
1168065000,2026-06-30,서울특별시,강남구,역삼2동,35918,16696,19222,35942,16700,19242,24,4,20
1168065500,2026-06-30,서울특별시,강남구,도곡1동,20760,9736,11024,20764,9733,11031,4,-3,7
1168065600,2026-06-30,서울특별시,강남구,도곡2동,31581,14552,17029,31502,14504,16998,-79,-48,-31
1168066000,2026-06-30,서울특별시,강남구,개포1동,26487,12751,13736,26479,12745,13734,-8,-6,-2
1168067000,2026-06-30,서울특별시,강남구,개포2동,39995,19368,20627,40040,19386,20654,45,18,27
1168067500,2026-06-30,서울특별시,강남구,개포3동,15465,7415,8050,15404,7387,8017,-61,-28,-33
1168069000,2026-06-30,서울특별시,강남구,개포4동,22988,11047,11941,22999,11047,11952,11,0,11
1168070000,2026-06-30,서울특별시,강남구,세곡동,45678,21328,24350,45640,21317,24323,-38,-11,-27
1168072000,2026-06-30,서울특별시,강남구,일원본동,22259,11009,11250,22246,10988,11258,-13,-21,8
1168073000,2026-06-30,서울특별시,강남구,일원1동,14071,6721,7350,14039,6698,7341,-32,-23,-9
1168075000,2026-06-30,서울특별시,강남구,수서동,13468,6030,7438,13454,6027,7427,-14,-3,-11
1171051000,2026-06-30,서울특별시,송파구,풍납1동,10591,5176,5415,10596,5181,5415,5,5,0
1171052000,2026-06-30,서울특별시,송파구,풍납2동,22939,10807,12132,22954,10816,12138,15,9,6
1171053100,2026-06-30,서울특별시,송파구,거여1동,11738,5779,5959,11770,5779,5991,32,0,32
1171053200,2026-06-30,서울특별시,송파구,거여2동,22909,11037,11872,22906,11032,11874,-3,-5,2
1171054000,2026-06-30,서울특별시,송파구,마천1동,15057,7651,7406,15079,7664,7415,22,13,9
1171055000,2026-06-30,서울특별시,송파구,마천2동,16930,8598,8332,16863,8567,8296,-67,-31,-36
1171056100,2026-06-30,서울특별시,송파구,방이1동,14809,7108,7701,14748,7061,7687,-61,-47,-14
1171056200,2026-06-30,서울특별시,송파구,방이2동,26319,11799,14520,26301,11793,14508,-18,-6,-12
1171056600,2026-06-30,서울특별시,송파구,오륜동,17388,8569,8819,17369,8558,8811,-19,-11,-8
1171057000,2026-06-30,서울특별시,송파구,오금동,36885,17806,19079,36911,17799,19112,26,-7,33
1171058000,2026-06-30,서울특별시,송파구,송파1동,22836,10514,12322,22839,10520,12319,3,6,-3
1171059000,2026-06-30,서울특별시,송파구,송파2동,18162,8723,9439,17616,8459,9157,-546,-264,-282
1171060000,2026-06-30,서울특별시,송파구,석촌동,29948,14103,15845,29872,14068,15804,-76,-35,-41
1171061000,2026-06-30,서울특별시,송파구,삼전동,28107,13130,14977,28062,13123,14939,-45,-7,-38
1171062000,2026-06-30,서울특별시,송파구,가락본동,24506,12107,12399,24530,12136,12394,24,29,-5
1171063100,2026-06-30,서울특별시,송파구,가락1동,27037,12995,14042,27053,13004,14049,16,9,7
1171063200,2026-06-30,서울특별시,송파구,가락2동,28362,13838,14524,28431,13871,14560,69,33,36
1171064100,2026-06-30,서울특별시,송파구,문정1동,19628,9609,10019,19611,9605,10006,-17,-4,-13
1171064200,2026-06-30,서울특별시,송파구,문정2동,28571,13092,15479,28548,13068,15480,-23,-24,1
1171064600,2026-06-30,서울특별시,송파구,장지동,30635,14681,15954,30689,14680,16009,54,-1,55
1171064700,2026-06-30,서울특별시,송파구,위례동,44847,21756,23091,44859,21767,23092,12,11,1
1171065000,2026-06-30,서울특별시,송파구,잠실본동,27033,12772,14261,26925,12734,14191,-108,-38,-70
1171067000,2026-06-30,서울특별시,송파구,잠실2동,34514,16503,18011,34460,16470,17990,-54,-33,-21
1171068000,2026-06-30,서울특별시,송파구,잠실3동,33344,15747,17597,33358,15762,17596,14,15,-1
1171069000,2026-06-30,서울특별시,송파구,잠실4동,32057,15425,16632,32554,15661,16893,497,236,261
1171071000,2026-06-30,서울특별시,송파구,잠실6동,16063,7595,8468,16060,7582,8478,-3,-13,10
1171072000,2026-06-30,서울특별시,송파구,잠실7동,9290,4316,4974,9294,4321,4973,4,5,-1
1174051500,2026-06-30,서울특별시,강동구,강일동,34219,16360,17859,34223,16353,17870,4,-7,11
1174052500,2026-06-30,서울특별시,강동구,상일제1동,38831,19040,19791,38853,19044,19809,22,4,18
1174052600,2026-06-30,서울특별시,강동구,상일제2동,13147,6143,7004,13130,6136,6994,-17,-7,-10
1174053000,2026-06-30,서울특별시,강동구,명일제1동,24709,12096,12613,24707,12101,12606,-2,5,-7
1174054000,2026-06-30,서울특별시,강동구,명일제2동,16788,8184,8604,16804,8181,8623,16,-3,19
1174055000,2026-06-30,서울특별시,강동구,고덕제1동,23615,12143,11472,23603,12144,11459,-12,1,-13
1174056000,2026-06-30,서울특별시,강동구,고덕제2동,26148,12978,13170,26176,12982,13194,28,4,24
1174057000,2026-06-30,서울특별시,강동구,암사제1동,32527,16001,16526,32502,15993,16509,-25,-8,-17
1174058000,2026-06-30,서울특별시,강동구,암사제2동,14427,7013,7414,14472,7027,7445,45,14,31
1174059000,2026-06-30,서울특별시,강동구,암사제3동,16854,8155,8699,16821,8137,8684,-33,-18,-15
1174060000,2026-06-30,서울특별시,강동구,천호제1동,24067,11774,12293,23858,11662,12196,-209,-112,-97
1174061000,2026-06-30,서울특별시,강동구,천호제2동,35981,17439,18542,36019,17456,18563,38,17,21
1174062000,2026-06-30,서울특별시,강동구,천호제3동,27608,13176,14432,27670,13189,14481,62,13,49
1174064000,2026-06-30,서울특별시,강동구,성내제1동,18827,8971,9856,18834,8988,9846,7,17,-10
1174065000,2026-06-30,서울특별시,강동구,성내제2동,23890,11527,12363,23832,11485,12347,-58,-42,-16
1174066000,2026-06-30,서울특별시,강동구,성내제3동,21508,10428,11080,21516,10430,11086,8,2,6
1174068500,2026-06-30,서울특별시,강동구,길동,47916,23199,24717,47898,23185,24713,-18,-14,-4
1174069000,2026-06-30,서울특별시,강동구,둔촌제1동,32838,16125,16713,32933,16169,16764,95,44,51
1174070000,2026-06-30,서울특별시,강동구,둔촌제2동,25158,12295,12863,25160,12296,12864,2,1,1
2611051000,2026-06-30,부산광역시,중구,중앙동,3134,1460,1674,3131,1465,1666,-3,5,-8
2611052000,2026-06-30,부산광역시,중구,동광동,2258,1165,1093,2252,1162,1090,-6,-3,-3
2611053000,2026-06-30,부산광역시,중구,대청동,5459,2593,2866,5463,2602,2861,4,9,-5
2611054500,2026-06-30,부산광역시,중구,보수동,9774,4597,5177,9750,4583,5167,-24,-14,-10
2611056000,2026-06-30,부산광역시,중구,부평동,3973,1911,2062,3972,1913,2059,-1,2,-3
2611057000,2026-06-30,부산광역시,중구,광복동,844,418,426,837,414,423,-7,-4,-3
2611058000,2026-06-30,부산광역시,중구,남포동,743,438,305,738,436,302,-5,-2,-3
2611059000,2026-06-30,부산광역시,중구,영주제1동,4182,2138,2044,4185,2146,2039,3,8,-5
2611060000,2026-06-30,부산광역시,중구,영주제2동,6008,2875,3133,5978,2859,3119,-30,-16,-14
2614051000,2026-06-30,부산광역시,서구,동대신제1동,5010,2410,2600,4996,2405,2591,-14,-5,-9
2614052000,2026-06-30,부산광역시,서구,동대신제2동,6166,2951,3215,6144,2937,3207,-22,-14,-8
2614053000,2026-06-30,부산광역시,서구,동대신제3동,6901,3192,3709,6911,3188,3723,10,-4,14
2614054000,2026-06-30,부산광역시,서구,서대신제1동,14452,6806,7646,14452,6789,7663,0,-17,17
2614056000,2026-06-30,부산광역시,서구,서대신제3동,7170,3303,3867,7148,3295,3853,-22,-8,-14
2614057000,2026-06-30,부산광역시,서구,서대신제4동,6811,3269,3542,6798,3259,3539,-13,-10,-3
2614059000,2026-06-30,부산광역시,서구,부민동,7270,3416,3854,7272,3413,3859,2,-3,5
2614061500,2026-06-30,부산광역시,서구,아미동,5990,2934,3056,5993,2938,3055,3,4,-1
2614063000,2026-06-30,부산광역시,서구,초장동,3469,1749,1720,3444,1740,1704,-25,-9,-16
2614064000,2026-06-30,부산광역시,서구,충무동,9236,4426,4810,9242,4431,4811,6,5,1
2614065000,2026-06-30,부산광역시,서구,남부민제1동,4145,2045,2100,4128,2037,2091,-17,-8,-9
2614066000,2026-06-30,부산광역시,서구,남부민제2동,7206,3542,3664,7183,3529,3654,-23,-13,-10
2614068000,2026-06-30,부산광역시,서구,암남동,17494,8441,9053,17505,8446,9059,11,5,6
2617051000,2026-06-30,부산광역시,동구,초량제1동,4804,2432,2372,4808,2435,2373,4,3,1
2617052000,2026-06-30,부산광역시,동구,초량제2동,4890,2430,2460,4877,2422,2455,-13,-8,-5
2617053000,2026-06-30,부산광역시,동구,초량제3동,12938,6155,6783,13030,6218,6812,92,63,29
2617055000,2026-06-30,부산광역시,동구,초량제6동,4827,2332,2495,4802,2322,2480,-25,-10,-15
2617056000,2026-06-30,부산광역시,동구,수정제1동,3938,1935,2003,3931,1937,1994,-7,2,-9
2617057000,2026-06-30,부산광역시,동구,수정제2동,8583,4067,4516,8546,4052,4494,-37,-15,-22
2617059000,2026-06-30,부산광역시,동구,수정제4동,3180,1565,1615,3177,1559,1618,-3,-6,3
2617060000,2026-06-30,부산광역시,동구,수정제5동,4391,2101,2290,4384,2095,2289,-7,-6,-1
2617064500,2026-06-30,부산광역시,동구,좌천동,10607,5071,5536,10589,5066,5523,-18,-5,-13
2617065000,2026-06-30,부산광역시,동구,범일제1동,10169,4928,5241,10128,4904,5224,-41,-24,-17
2617066000,2026-06-30,부산광역시,동구,범일제2동,6116,3071,3045,6114,3076,3038,-2,5,-7
2617068000,2026-06-30,부산광역시,동구,범일제5동,8989,4433,4556,8968,4422,4546,-21,-11,-10
2620053000,2026-06-30,부산광역시,영도구,남항동,9772,4859,4913,9758,4857,4901,-14,-2,-12
2620054000,2026-06-30,부산광역시,영도구,영선제1동,3509,1652,1857,3514,1663,1851,5,11,-6
2620055000,2026-06-30,부산광역시,영도구,영선제2동,6957,3371,3586,6924,3348,3576,-33,-23,-10
2620058500,2026-06-30,부산광역시,영도구,신선동,6397,3149,3248,6374,3136,3238,-23,-13,-10
2620059000,2026-06-30,부산광역시,영도구,봉래제1동,6370,3126,3244,6353,3122,3231,-17,-4,-13
2620060500,2026-06-30,부산광역시,영도구,봉래제2동,6912,3362,3550,6892,3352,3540,-20,-10,-10
2620063000,2026-06-30,부산광역시,영도구,청학제1동,5039,2470,2569,5023,2464,2559,-16,-6,-10
2620064000,2026-06-30,부산광역시,영도구,청학제2동,15483,7559,7924,15458,7550,7908,-25,-9,-16
2620065000,2026-06-30,부산광역시,영도구,동삼제1동,26993,13107,13886,26931,13075,13856,-62,-32,-30
2620066000,2026-06-30,부산광역시,영도구,동삼제2동,5228,2806,2422,5272,2843,2429,44,37,7
2620067000,2026-06-30,부산광역시,영도구,동삼제3동,8088,3947,4141,8071,3930,4141,-17,-17,0
2623051000,2026-06-30,부산광역시,부산진구,부전제1동,14011,6927,7084,13940,6881,7059,-71,-46,-25
2623052000,2026-06-30,부산광역시,부산진구,부전제2동,12448,6132,6316,12431,6125,6306,-17,-7,-10
2623054000,2026-06-30,부산광역시,부산진구,연지동,25289,12027,13262,25245,12014,13231,-44,-13,-31
2623055000,2026-06-30,부산광역시,부산진구,초읍동,21400,10312,11088,21395,10307,11088,-5,-5,0
2623056000,2026-06-30,부산광역시,부산진구,양정제1동,18801,8673,10128,18775,8660,10115,-26,-13,-13
2623057000,2026-06-30,부산광역시,부산진구,양정제2동,20877,9745,11132,20981,9795,11186,104,50,54
2623060000,2026-06-30,부산광역시,부산진구,전포제1동,20376,9750,10626,20377,9756,10621,1,6,-5
2623061000,2026-06-30,부산광역시,부산진구,전포제2동,22901,10693,12208,22867,10675,12192,-34,-18,-16
2623064000,2026-06-30,부산광역시,부산진구,부암제1동,23895,11493,12402,23914,11496,12418,19,3,16
2623066000,2026-06-30,부산광역시,부산진구,부암제3동,23678,11510,12168,23703,11520,12183,25,10,15
2623067000,2026-06-30,부산광역시,부산진구,당감제1동,19980,9394,10586,19923,9368,10555,-57,-26,-31
2623068000,2026-06-30,부산광역시,부산진구,당감제2동,11443,5412,6031,11442,5407,6035,-1,-5,4
2623070000,2026-06-30,부산광역시,부산진구,당감제4동,9706,4654,5052,9692,4639,5053,-14,-15,1
2623071000,2026-06-30,부산광역시,부산진구,가야제1동,15839,7990,7849,15854,7998,7856,15,8,7
2623072000,2026-06-30,부산광역시,부산진구,가야제2동,17579,8416,9163,17548,8396,9152,-31,-20,-11
2623074000,2026-06-30,부산광역시,부산진구,개금제1동,18202,8809,9393,18204,8819,9385,2,10,-8
2623075000,2026-06-30,부산광역시,부산진구,개금제2동,9525,4508,5017,9496,4503,4993,-29,-5,-24
2623076000,2026-06-30,부산광역시,부산진구,개금제3동,25329,12006,13323,25297,12000,13297,-32,-6,-26
2623077000,2026-06-30,부산광역시,부산진구,범천제1동,12363,5678,6685,12349,5667,6682,-14,-11,-3
2623078000,2026-06-30,부산광역시,부산진구,범천제2동,21462,10214,11248,21479,10220,11259,17,6,11
2626051000,2026-06-30,부산광역시,동래구,수민동,28899,13875,15024,28854,13857,14997,-45,-18,-27
2626052000,2026-06-30,부산광역시,동래구,복산동,7778,3764,4014,7753,3750,4003,-25,-14,-11
2626054500,2026-06-30,부산광역시,동래구,명륜동,25030,12315,12715,24963,12275,12688,-67,-40,-27
2626055000,2026-06-30,부산광역시,동래구,온천제1동,33982,15960,18022,34011,15964,18047,29,4,25
2626056000,2026-06-30,부산광역시,동래구,온천제2동,23812,11375,12437,23798,11357,12441,-14,-18,4
2626057000,2026-06-30,부산광역시,동래구,온천제3동,35533,17143,18390,35440,17096,18344,-93,-47,-46
2626058000,2026-06-30,부산광역시,동래구,사직제1동,11645,5565,6080,11661,5570,6091,16,5,11
2626059000,2026-06-30,부산광역시,동래구,사직제2동,24242,11533,12709,24211,11508,12703,-31,-25,-6
2626060000,2026-06-30,부산광역시,동래구,사직제3동,16425,8135,8290,16383,8121,8262,-42,-14,-28
2626074000,2026-06-30,부산광역시,동래구,안락제1동,12875,6257,6618,12866,6259,6607,-9,2,-11
2626075000,2026-06-30,부산광역시,동래구,안락제2동,25268,12137,13131,25217,12113,13104,-51,-24,-27
2626076100,2026-06-30,부산광역시,동래구,명장제1동,12878,6193,6685,12869,6184,6685,-9,-9,0
2626076200,2026-06-30,부산광역시,동래구,명장제2동,13070,6262,6808,13071,6259,6812,1,-3,4
2629051000,2026-06-30,부산광역시,남구,대연제1동,15119,7614,7505,15079,7593,7486,-40,-21,-19
2629053000,2026-06-30,부산광역시,남구,대연제3동,36421,17739,18682,36566,17816,18750,145,77,68
2629054000,2026-06-30,부산광역시,남구,대연제4동,13564,6556,7008,13505,6517,6988,-59,-39,-20
2629055000,2026-06-30,부산광역시,남구,대연제5동,15787,7541,8246,15760,7526,8234,-27,-15,-12
2629056000,2026-06-30,부산광역시,남구,대연제6동,15627,7477,8150,15611,7469,8142,-16,-8,-8
2629057000,2026-06-30,부산광역시,남구,용호제1동,41697,19906,21791,41658,19882,21776,-39,-24,-15
2629058000,2026-06-30,부산광역시,남구,용호제2동,18926,9045,9881,18896,9029,9867,-30,-16,-14
2629059000,2026-06-30,부산광역시,남구,용호제3동,9880,4705,5175,9874,4690,5184,-6,-15,9
2629060000,2026-06-30,부산광역시,남구,용호제4동,7442,3559,3883,7436,3560,3876,-6,1,-7
2629061000,2026-06-30,부산광역시,남구,용당동,7450,3789,3661,7465,3798,3667,15,9,6
2629062000,2026-06-30,부산광역시,남구,감만제1동,7396,3781,3615,7388,3780,3608,-8,-1,-7
2629063000,2026-06-30,부산광역시,남구,감만제2동,5983,2924,3059,5959,2910,3049,-24,-14,-10
2629064500,2026-06-30,부산광역시,남구,우암동,16670,8135,8535,17030,8308,8722,360,173,187
2629068000,2026-06-30,부산광역시,남구,문현제1동,10128,4896,5232,10103,4879,5224,-25,-17,-8
2629069000,2026-06-30,부산광역시,남구,문현제2동,8052,3967,4085,8031,3963,4068,-21,-4,-17
2629070000,2026-06-30,부산광역시,남구,문현제3동,15756,7674,8082,15745,7657,8088,-11,-17,6
2629071000,2026-06-30,부산광역시,남구,문현제4동,8276,4019,4257,8307,4039,4268,31,20,11
2632051000,2026-06-30,부산광역시,북구,구포제1동,14481,7251,7230,14449,7236,7213,-32,-15,-17
2632052000,2026-06-30,부산광역시,북구,구포제2동,22333,11406,10927,22301,11384,10917,-32,-22,-10
2632052100,2026-06-30,부산광역시,북구,구포제3동,16666,8579,8087,16616,8551,8065,-50,-28,-22
2632053000,2026-06-30,부산광역시,북구,금곡동,33573,16061,17512,33498,16021,17477,-75,-40,-35
2632054100,2026-06-30,부산광역시,북구,화명제1동,38552,18813,19739,38534,18782,19752,-18,-31,13
2632054200,2026-06-30,부산광역시,북구,화명제2동,16479,7966,8513,16460,7969,8491,-19,3,-22
2632054300,2026-06-30,부산광역시,북구,화명제3동,27566,13367,14199,27550,13364,14186,-16,-3,-13
2632055000,2026-06-30,부산광역시,북구,덕천제1동,13874,6794,7080,13884,6796,7088,10,2,8
2632056000,2026-06-30,부산광역시,북구,덕천제2동,10542,5284,5258,10523,5270,5253,-19,-14,-5
2632056100,2026-06-30,부산광역시,북구,덕천제3동,9241,4522,4719,9206,4503,4703,-35,-19,-16
2632057100,2026-06-30,부산광역시,북구,만덕제1동,15696,7587,8109,15729,7605,8124,33,18,15
2632057200,2026-06-30,부산광역시,북구,만덕제2동,25274,12230,13044,25260,12215,13045,-14,-15,1
2632057300,2026-06-30,부산광역시,북구,만덕제3동,16717,7972,8745,16726,7971,8755,9,-1,10
2635051000,2026-06-30,부산광역시,해운대구,우제1동,23823,11358,12465,23816,11338,12478,-7,-20,13
2635052000,2026-06-30,부산광역시,해운대구,우제2동,29546,13974,15572,29591,13989,15602,45,15,30
2635052500,2026-06-30,부산광역시,해운대구,우제3동,27977,13188,14789,27952,13156,14796,-25,-32,7
2635053000,2026-06-30,부산광역시,해운대구,중제1동,27288,12995,14293,27320,13019,14301,32,24,8
2635054000,2026-06-30,부산광역시,해운대구,중제2동,15238,7259,7979,15240,7259,7981,2,0,2
2635055100,2026-06-30,부산광역시,해운대구,좌제1동,16895,7873,9022,16905,7884,9021,10,11,-1
2635055200,2026-06-30,부산광역시,해운대구,좌제2동,29844,13753,16091,29819,13736,16083,-25,-17,-8
2635055300,2026-06-30,부산광역시,해운대구,좌제3동,14833,6849,7984,14816,6849,7967,-17,0,-17
2635055400,2026-06-30,부산광역시,해운대구,좌제4동,21520,10155,11365,21498,10151,11347,-22,-4,-18
2635056000,2026-06-30,부산광역시,해운대구,송정동,8951,4288,4663,8970,4296,4674,19,8,11
2635057000,2026-06-30,부산광역시,해운대구,반여제1동,34775,17048,17727,34765,17013,17752,-10,-35,25
2635058000,2026-06-30,부산광역시,해운대구,반여제2동,10766,5245,5521,10743,5229,5514,-23,-16,-7
2635059000,2026-06-30,부산광역시,해운대구,반여제3동,7002,3384,3618,6975,3366,3609,-27,-18,-9
2635059500,2026-06-30,부산광역시,해운대구,반여제4동,14189,6914,7275,14192,6920,7272,3,6,-3
2635061000,2026-06-30,부산광역시,해운대구,반송제1동,11245,5615,5630,11209,5592,5617,-36,-23,-13
2635062000,2026-06-30,부산광역시,해운대구,반송제2동,19751,9571,10180,19723,9553,10170,-28,-18,-10
2635065000,2026-06-30,부산광역시,해운대구,재송제1동,35962,17693,18269,35899,17662,18237,-63,-31,-32
2635066000,2026-06-30,부산광역시,해운대구,재송제2동,21315,10279,11036,21306,10269,11037,-9,-10,1
2638051000,2026-06-30,부산광역시,사하구,괴정제1동,16258,7678,8580,16271,7678,8593,13,0,13
2638052000,2026-06-30,부산광역시,사하구,괴정제2동,14313,6936,7377,14253,6906,7347,-60,-30,-30
2638053000,2026-06-30,부산광역시,사하구,괴정제3동,11149,5287,5862,11127,5272,5855,-22,-15,-7
2638054000,2026-06-30,부산광역시,사하구,괴정제4동,11842,5803,6039,11720,5730,5990,-122,-73,-49
2638055000,2026-06-30,부산광역시,사하구,당리동,23036,11157,11879,23000,11121,11879,-36,-36,0
2638056100,2026-06-30,부산광역시,사하구,하단제1동,20546,10262,10284,20536,10263,10273,-10,1,-11
2638056200,2026-06-30,부산광역시,사하구,하단제2동,25264,12896,12368,25264,12892,12372,0,-4,4
2638057100,2026-06-30,부산광역시,사하구,신평제1동,14683,7507,7176,14650,7479,7171,-33,-28,-5
2638057200,2026-06-30,부산광역시,사하구,신평제2동,16513,8203,8310,16502,8192,8310,-11,-11,0
2638058000,2026-06-30,부산광역시,사하구,장림제1동,13368,6889,6479,13340,6882,6458,-28,-7,-21
2638059000,2026-06-30,부산광역시,사하구,장림제2동,24412,12260,12152,24368,12237,12131,-44,-23,-21
2638060100,2026-06-30,부산광역시,사하구,다대제1동,34312,17023,17289,34306,17023,17283,-6,0,-6
2638060200,2026-06-30,부산광역시,사하구,다대제2동,24338,11891,12447,24320,11879,12441,-18,-12,-6
2638061000,2026-06-30,부산광역시,사하구,구평동,12066,6140,5926,12070,6139,5931,4,-1,5
2638062000,2026-06-30,부산광역시,사하구,감천제1동,15752,7660,8092,15684,7633,8051,-68,-27,-41
2638063000,2026-06-30,부산광역시,사하구,감천제2동,4781,2412,2369,4748,2398,2350,-33,-14,-19
2641051000,2026-06-30,부산광역시,금정구,서제1동,3896,2046,1850,3881,2041,1840,-15,-5,-10
2641052000,2026-06-30,부산광역시,금정구,서제2동,7550,3778,3772,7525,3768,3757,-25,-10,-15
2641053000,2026-06-30,부산광역시,금정구,서제3동,9578,4742,4836,9533,4717,4816,-45,-25,-20
2641055500,2026-06-30,부산광역시,금정구,금사회동동,6584,3408,3176,6573,3406,3167,-11,-2,-9
2641057000,2026-06-30,부산광역시,금정구,부곡제1동,6860,3263,3597,6846,3258,3588,-14,-5,-9
2641058000,2026-06-30,부산광역시,금정구,부곡제2동,16453,7722,8731,16454,7733,8721,1,11,-10
2641059000,2026-06-30,부산광역시,금정구,부곡제3동,14313,6750,7563,14308,6743,7565,-5,-7,2
2641059100,2026-06-30,부산광역시,금정구,부곡제4동,10994,5193,5801,10973,5179,5794,-21,-14,-7
2641060000,2026-06-30,부산광역시,금정구,장전제1동,18277,9624,8653,18227,9609,8618,-50,-15,-35
2641061000,2026-06-30,부산광역시,금정구,장전제2동,26249,12591,13658,26199,12563,13636,-50,-28,-22
2641063500,2026-06-30,부산광역시,금정구,선두구동,1922,1013,909,1922,1013,909,0,0,0
2641066500,2026-06-30,부산광역시,금정구,청룡노포동,8873,4288,4585,8856,4282,4574,-17,-6,-11
2641067000,2026-06-30,부산광역시,금정구,남산동,25232,12307,12925,25206,12288,12918,-26,-19,-7
2641068000,2026-06-30,부산광역시,금정구,구서제1동,18231,8503,9728,18219,8496,9723,-12,-7,-5
2641069000,2026-06-30,부산광역시,금정구,구서제2동,30095,14338,15757,30089,14332,15757,-6,-6,0
2641070000,2026-06-30,부산광역시,금정구,금성동,861,425,436,861,426,435,0,1,-1
2644051000,2026-06-30,부산광역시,강서구,대저1동,5336,2933,2403,5332,2924,2408,-4,-9,5
2644052000,2026-06-30,부산광역시,강서구,대저2동,5828,3259,2569,5833,3264,2569,5,5,0
2644053000,2026-06-30,부산광역시,강서구,강동동,20295,10302,9993,20571,10429,10142,276,127,149
2644053500,2026-06-30,부산광역시,강서구,명지1동,54334,27244,27090,54395,27270,27125,61,26,35
2644054500,2026-06-30,부산광역시,강서구,명지2동,29405,14712,14693,29448,14723,14725,43,11,32
2644055000,2026-06-30,부산광역시,강서구,가락동,1965,1067,898,1974,1071,903,9,4,5
2644056000,2026-06-30,부산광역시,강서구,녹산동,16965,9570,7395,17008,9597,7411,43,27,16
2644058000,2026-06-30,부산광역시,강서구,가덕도동,4044,2155,1889,4025,2145,1880,-19,-10,-9
2644059000,2026-06-30,부산광역시,강서구,신호동,15003,7971,7032,14969,7953,7016,-34,-18,-16
2647061000,2026-06-30,부산광역시,연제구,거제제1동,27596,13220,14376,27538,13188,14350,-58,-32,-26
2647062000,2026-06-30,부산광역시,연제구,거제제2동,24941,11896,13045,24973,11904,13069,32,8,24
2647063000,2026-06-30,부산광역시,연제구,거제제3동,8848,4072,4776,8837,4070,4767,-11,-2,-9
2647064000,2026-06-30,부산광역시,연제구,거제제4동,9196,4389,4807,9188,4381,4807,-8,-8,0
2647065000,2026-06-30,부산광역시,연제구,연산제1동,15217,7420,7797,15242,7422,7820,25,2,23
2647066000,2026-06-30,부산광역시,연제구,연산제2동,22579,10529,12050,22624,10569,12055,45,40,5
2647067000,2026-06-30,부산광역시,연제구,연산제3동,9948,4739,5209,9937,4735,5202,-11,-4,-7
2647068000,2026-06-30,부산광역시,연제구,연산제4동,17376,8341,9035,17378,8339,9039,2,-2,4
2647069000,2026-06-30,부산광역시,연제구,연산제5동,16979,8080,8899,17000,8075,8925,21,-5,26
2647070000,2026-06-30,부산광역시,연제구,연산제6동,14984,7102,7882,14977,7106,7871,-7,4,-11
2647072000,2026-06-30,부산광역시,연제구,연산제8동,12687,6165,6522,12670,6156,6514,-17,-9,-8
2647073000,2026-06-30,부산광역시,연제구,연산제9동,31158,14691,16467,31100,14661,16439,-58,-30,-28
2650066000,2026-06-30,부산광역시,수영구,남천제1동,16541,7613,8928,16435,7556,8879,-106,-57,-49
2650067000,2026-06-30,부산광역시,수영구,남천제2동,13270,6155,7115,13291,6152,7139,21,-3,24
2650073000,2026-06-30,부산광역시,수영구,수영동,13422,6376,7046,13407,6380,7027,-15,4,-19
2650074000,2026-06-30,부산광역시,수영구,망미제1동,24895,11769,13126,24845,11752,13093,-50,-17,-33
2650075000,2026-06-30,부산광역시,수영구,망미제2동,9433,4579,4854,9443,4576,4867,10,-3,13
2650076000,2026-06-30,부산광역시,수영구,광안제1동,24330,11231,13099,24318,11218,13100,-12,-13,1
2650077000,2026-06-30,부산광역시,수영구,광안제2동,17817,8241,9576,17759,8229,9530,-58,-12,-46
2650078000,2026-06-30,부산광역시,수영구,광안제3동,8914,4198,4716,8900,4202,4698,-14,4,-18
2650079000,2026-06-30,부산광역시,수영구,광안제4동,12999,5845,7154,13088,5879,7209,89,34,55
2650080000,2026-06-30,부산광역시,수영구,민락동,26892,12899,13993,26954,12930,14024,62,31,31
2653058000,2026-06-30,부산광역시,사상구,삼락동,4738,2461,2277,4708,2437,2271,-30,-24,-6
2653059100,2026-06-30,부산광역시,사상구,모라제1동,25100,12405,12695,25040,12373,12667,-60,-32,-28
2653059300,2026-06-30,부산광역시,사상구,모라제3동,8518,4029,4489,8500,4019,4481,-18,-10,-8
2653060000,2026-06-30,부산광역시,사상구,덕포제1동,11426,5729,5697,11431,5731,5700,5,2,3
2653061000,2026-06-30,부산광역시,사상구,덕포제2동,11512,5778,5734,11492,5774,5718,-20,-4,-16
2653062000,2026-06-30,부산광역시,사상구,괘법동,24158,12359,11799,24139,12329,11810,-19,-30,11
2653064500,2026-06-30,부산광역시,사상구,감전동,11223,5881,5342,11190,5855,5335,-33,-26,-7
2653065000,2026-06-30,부산광역시,사상구,주례제1동,15913,7969,7944,15933,7988,7945,20,19,1
2653066000,2026-06-30,부산광역시,사상구,주례제2동,20577,10258,10319,20586,10265,10321,9,7,2
2653066100,2026-06-30,부산광역시,사상구,주례제3동,11502,5553,5949,11484,5543,5941,-18,-10,-8
2653067000,2026-06-30,부산광역시,사상구,학장동,25027,12331,12696,24993,12311,12682,-34,-20,-14
2653068000,2026-06-30,부산광역시,사상구,엄궁동,23024,11401,11623,22979,11379,11600,-45,-22,-23
2671025000,2026-06-30,부산광역시,기장군,기장읍,50718,24803,25915,50698,24790,25908,-20,-13,-7
2671025300,2026-06-30,부산광역시,기장군,장안읍,8431,4591,3840,8398,4575,3823,-33,-16,-17
2671025600,2026-06-30,부산광역시,기장군,정관읍,77206,38278,38928,77217,38296,38921,11,18,-7
2671025900,2026-06-30,부산광역시,기장군,일광읍,31803,15664,16139,31853,15700,16153,50,36,14
2671033000,2026-06-30,부산광역시,기장군,철마면,7115,3556,3559,7096,3540,3556,-19,-16,-3
2711051700,2026-06-30,대구광역시,중구,동인동,10992,5443,5549,10987,5447,5540,-5,4,-9
2711054500,2026-06-30,대구광역시,중구,삼덕동,7463,3664,3799,7469,3662,3807,6,-2,8
2711056500,2026-06-30,대구광역시,중구,성내1동,5506,2626,2880,5523,2628,2895,17,2,15
2711057500,2026-06-30,대구광역시,중구,성내2동,9142,4368,4774,9213,4398,4815,71,30,41
2711058500,2026-06-30,대구광역시,중구,성내3동,13611,6755,6856,13605,6755,6850,-6,0,-6
2711059500,2026-06-30,대구광역시,중구,대신동,7265,3504,3761,7263,3508,3755,-2,4,-6
2711064000,2026-06-30,대구광역시,중구,남산1동,5054,2379,2675,5067,2377,2690,13,-2,15
2711065000,2026-06-30,대구광역시,중구,남산2동,7370,3444,3926,7388,3457,3931,18,13,5
2711066000,2026-06-30,대구광역시,중구,남산3동,5792,2658,3134,5765,2644,3121,-27,-14,-13
2711067000,2026-06-30,대구광역시,중구,남산4동,15855,7390,8465,15836,7385,8451,-19,-5,-14
2711068000,2026-06-30,대구광역시,중구,대봉1동,7655,3523,4132,7692,3547,4145,37,24,13
2711069000,2026-06-30,대구광역시,중구,대봉2동,5938,2808,3130,5946,2818,3128,8,10,-2
2714051000,2026-06-30,대구광역시,동구,신암1동,10815,5364,5451,10784,5354,5430,-31,-10,-21
2714052000,2026-06-30,대구광역시,동구,신암2동,11432,5382,6050,11443,5379,6064,11,-3,14
2714053000,2026-06-30,대구광역시,동구,신암3동,11123,5468,5655,11130,5472,5658,7,4,3
2714054000,2026-06-30,대구광역시,동구,신암4동,18398,9062,9336,18431,9093,9338,33,31,2
2714054100,2026-06-30,대구광역시,동구,신암5동,7337,3478,3859,7330,3474,3856,-7,-4,-3
2714055500,2026-06-30,대구광역시,동구,신천1.2동,11044,5106,5938,11022,5103,5919,-22,-3,-19
2714057000,2026-06-30,대구광역시,동구,신천3동,14510,7144,7366,14711,7243,7468,201,99,102
2714058000,2026-06-30,대구광역시,동구,신천4동,12347,6051,6296,12699,6222,6477,352,171,181
2714059000,2026-06-30,대구광역시,동구,효목1동,11499,5693,5806,11494,5690,5804,-5,-3,-2
2714060000,2026-06-30,대구광역시,동구,효목2동,14145,6688,7457,14137,6672,7465,-8,-16,8
2714061500,2026-06-30,대구광역시,동구,도평동,3397,1851,1546,3381,1838,1543,-16,-13,-3
2714062000,2026-06-30,대구광역시,동구,불로.봉무동,19455,9555,9900,19408,9530,9878,-47,-25,-22
2714064000,2026-06-30,대구광역시,동구,지저동,12398,6130,6268,12351,6096,6255,-47,-34,-13
2714065500,2026-06-30,대구광역시,동구,동촌동,13830,6965,6865,13831,6955,6876,1,-10,11
2714067000,2026-06-30,대구광역시,동구,방촌동,16770,8092,8678,16744,8071,8673,-26,-21,-5
2714068500,2026-06-30,대구광역시,동구,해안동,13022,6470,6552,12949,6431,6518,-73,-39,-34
2714072000,2026-06-30,대구광역시,동구,안심1동,37281,18057,19224,37224,18034,19190,-57,-23,-34
2714073000,2026-06-30,대구광역시,동구,안심2동,16950,8455,8495,16986,8480,8506,36,25,11
2714074200,2026-06-30,대구광역시,동구,안심3동,19901,9626,10275,19897,9627,10270,-4,1,-5
2714074700,2026-06-30,대구광역시,동구,안심4동,26362,12866,13496,26329,12862,13467,-33,-4,-29
2714075500,2026-06-30,대구광역시,동구,혁신동,16516,8099,8417,16510,8079,8431,-6,-20,14
2714076000,2026-06-30,대구광역시,동구,공산동,19728,9521,10207,19685,9512,10173,-43,-9,-34
2717051000,2026-06-30,대구광역시,서구,내당1동,14638,7196,7442,14642,7196,7446,4,0,4
2717052500,2026-06-30,대구광역시,서구,내당2.3동,8048,3888,4160,8062,3888,4174,14,0,14
2717054000,2026-06-30,대구광역시,서구,내당4동,14185,6713,7472,14158,6698,7460,-27,-15,-12
2717055000,2026-06-30,대구광역시,서구,비산1동,7794,3908,3886,7771,3895,3876,-23,-13,-10
2717056500,2026-06-30,대구광역시,서구,비산2.3동,7604,3713,3891,7542,3683,3859,-62,-30,-32
2717058000,2026-06-30,대구광역시,서구,비산4동,8206,3955,4251,8153,3927,4226,-53,-28,-25
2717059000,2026-06-30,대구광역시,서구,비산5동,4769,2404,2365,4747,2396,2351,-22,-8,-14
2717060000,2026-06-30,대구광역시,서구,비산6동,6340,3081,3259,6331,3080,3251,-9,-1,-8
2717061000,2026-06-30,대구광역시,서구,비산7동,9037,4766,4271,9144,4819,4325,107,53,54
2717062000,2026-06-30,대구광역시,서구,평리1동,6188,3090,3098,6160,3075,3085,-28,-15,-13
2717063000,2026-06-30,대구광역시,서구,평리2동,6858,3303,3555,6853,3298,3555,-5,-5,0
2717064000,2026-06-30,대구광역시,서구,평리3동,12119,6031,6088,12104,6003,6101,-15,-28,13
2717065000,2026-06-30,대구광역시,서구,평리4동,15076,7512,7564,15047,7490,7557,-29,-22,-7
2717066000,2026-06-30,대구광역시,서구,평리5동,10478,5245,5233,10517,5257,5260,39,12,27
2717066100,2026-06-30,대구광역시,서구,평리6동,5415,2811,2604,5406,2810,2596,-9,-1,-8
2717067500,2026-06-30,대구광역시,서구,상중이동,16995,8385,8610,16903,8351,8552,-92,-34,-58
2717069500,2026-06-30,대구광역시,서구,원대동,9998,5006,4992,9968,4983,4985,-30,-23,-7
2720051500,2026-06-30,대구광역시,남구,이천동,14244,6672,7572,14239,6679,7560,-5,7,-12
2720053000,2026-06-30,대구광역시,남구,봉덕1동,7742,3741,4001,7709,3716,3993,-33,-25,-8
2720054000,2026-06-30,대구광역시,남구,봉덕2동,12846,6070,6776,12804,6039,6765,-42,-31,-11
2720055000,2026-06-30,대구광역시,남구,봉덕3동,14113,6648,7465,14069,6635,7434,-44,-13,-31
2720056000,2026-06-30,대구광역시,남구,대명1동,9306,4517,4789,9270,4499,4771,-36,-18,-18
2720057100,2026-06-30,대구광역시,남구,대명2동,15107,7156,7951,15176,7189,7987,69,33,36
2720058600,2026-06-30,대구광역시,남구,대명3동,10901,5302,5599,11752,5728,6024,851,426,425
2720059000,2026-06-30,대구광역시,남구,대명4동,9122,4319,4803,9057,4283,4774,-65,-36,-29
2720060000,2026-06-30,대구광역시,남구,대명5동,8716,4117,4599,8812,4167,4645,96,50,46
2720061000,2026-06-30,대구광역시,남구,대명6동,10357,4955,5402,10324,4930,5394,-33,-25,-8
2720064000,2026-06-30,대구광역시,남구,대명9동,13125,6342,6783,13115,6343,6772,-10,1,-11
2720065000,2026-06-30,대구광역시,남구,대명10동,7861,3651,4210,7846,3640,4206,-15,-11,-4
2720066000,2026-06-30,대구광역시,남구,대명11동,7180,3335,3845,7171,3331,3840,-9,-4,-5
2723051000,2026-06-30,대구광역시,북구,고성동,14577,7207,7370,14564,7196,7368,-13,-11,-2
2723052600,2026-06-30,대구광역시,북구,칠성동,23320,11090,12230,23366,11126,12240,46,36,10
2723055000,2026-06-30,대구광역시,북구,침산1동,3458,1834,1624,3455,1837,1618,-3,3,-6
2723056000,2026-06-30,대구광역시,북구,침산2동,17840,8512,9328,17872,8526,9346,32,14,18
2723057000,2026-06-30,대구광역시,북구,침산3동,17752,8400,9352,17714,8382,9332,-38,-18,-20
2723061000,2026-06-30,대구광역시,북구,산격1동,7425,3607,3818,7389,3591,3798,-36,-16,-20
2723062000,2026-06-30,대구광역시,북구,산격2동,9407,4574,4833,9393,4565,4828,-14,-9,-5
2723063000,2026-06-30,대구광역시,북구,산격3동,8430,4390,4040,8423,4380,4043,-7,-10,3
2723063100,2026-06-30,대구광역시,북구,산격4동,6987,3630,3357,6965,3616,3349,-22,-14,-8
2723064500,2026-06-30,대구광역시,북구,대현동,15698,7927,7771,15654,7913,7741,-44,-14,-30
2723067100,2026-06-30,대구광역시,북구,복현1동,7158,4049,3109,7153,4049,3104,-5,0,-5
2723067200,2026-06-30,대구광역시,북구,복현2동,28812,14254,14558,28765,14233,14532,-47,-21,-26
2723068000,2026-06-30,대구광역시,북구,검단동,5425,2631,2794,5422,2629,2793,-3,-2,-1
2723069500,2026-06-30,대구광역시,북구,무태조야동,32581,16622,15959,32558,16614,15944,-23,-8,-15
2723071500,2026-06-30,대구광역시,북구,관문동,32067,15845,16222,32010,15815,16195,-57,-30,-27
2723072500,2026-06-30,대구광역시,북구,태전1동,21181,10556,10625,21133,10519,10614,-48,-37,-11
2723073500,2026-06-30,대구광역시,북구,태전2동,21667,10521,11146,21662,10497,11165,-5,-24,19
2723074500,2026-06-30,대구광역시,북구,구암동,30328,14715,15613,30294,14703,15591,-34,-12,-22
2723075000,2026-06-30,대구광역시,북구,관음동,13684,6886,6798,13674,6875,6799,-10,-11,1
2723077000,2026-06-30,대구광역시,북구,읍내동,24715,12257,12458,24632,12234,12398,-83,-23,-60
2723078000,2026-06-30,대구광역시,북구,동천동,24740,11876,12864,24674,11832,12842,-66,-44,-22
2723079000,2026-06-30,대구광역시,북구,노원동,10987,5640,5347,10970,5621,5349,-17,-19,2
2723080000,2026-06-30,대구광역시,북구,국우동,29309,14488,14821,29173,14423,14750,-136,-65,-71
2726051000,2026-06-30,대구광역시,수성구,범어1동,22668,10858,11810,22697,10875,11822,29,17,12
2726052000,2026-06-30,대구광역시,수성구,범어2동,15011,7141,7870,15179,7207,7972,168,66,102
2726053000,2026-06-30,대구광역시,수성구,범어3동,17068,8130,8938,17060,8134,8926,-8,4,-12
2726054000,2026-06-30,대구광역시,수성구,범어4동,18518,9109,9409,18451,9077,9374,-67,-32,-35
2726055000,2026-06-30,대구광역시,수성구,만촌1동,20277,9819,10458,20218,9798,10420,-59,-21,-38
2726056000,2026-06-30,대구광역시,수성구,만촌2동,13153,6577,6576,13123,6581,6542,-30,4,-34
2726056100,2026-06-30,대구광역시,수성구,만촌3동,20655,10720,9935,20600,10679,9921,-55,-41,-14
2726057000,2026-06-30,대구광역시,수성구,수성1가동,16999,7647,9352,16976,7632,9344,-23,-15,-8
2726058000,2026-06-30,대구광역시,수성구,수성2.3가동,10215,4970,5245,10171,4939,5232,-44,-31,-13
2726059000,2026-06-30,대구광역시,수성구,수성4가동,12888,5896,6992,12840,5887,6953,-48,-9,-39
2726060100,2026-06-30,대구광역시,수성구,황금1동,20936,10000,10936,20862,9959,10903,-74,-41,-33
2726060200,2026-06-30,대구광역시,수성구,황금2동,11761,5618,6143,11789,5646,6143,28,28,0
2726061000,2026-06-30,대구광역시,수성구,중동,14466,7077,7389,14426,7050,7376,-40,-27,-13
2726062000,2026-06-30,대구광역시,수성구,상동,13986,6786,7200,13962,6772,7190,-24,-14,-10
2726063000,2026-06-30,대구광역시,수성구,파동,17030,8137,8893,17086,8169,8917,56,32,24
2726064000,2026-06-30,대구광역시,수성구,두산동,14819,7171,7648,14835,7176,7659,16,5,11
2726065100,2026-06-30,대구광역시,수성구,지산1동,18641,8841,9800,18643,8843,9800,2,2,0
2726065200,2026-06-30,대구광역시,수성구,지산2동,18158,8405,9753,18161,8409,9752,3,4,-1
2726066100,2026-06-30,대구광역시,수성구,범물1동,9674,4313,5361,9658,4309,5349,-16,-4,-12
2726066200,2026-06-30,대구광역시,수성구,범물2동,15581,7440,8141,15546,7425,8121,-35,-15,-20
2726067000,2026-06-30,대구광역시,수성구,고산1동,31183,14954,16229,31119,14910,16209,-64,-44,-20
2726068000,2026-06-30,대구광역시,수성구,고산2동,25633,12530,13103,25542,12479,13063,-91,-51,-40
2726069000,2026-06-30,대구광역시,수성구,고산3동,29207,13937,15270,29203,13922,15281,-4,-15,11
2729051500,2026-06-30,대구광역시,달서구,성당동,20049,9684,10365,19950,9629,10321,-99,-55,-44
2729053500,2026-06-30,대구광역시,달서구,두류1.2동,15674,7688,7986,15677,7694,7983,3,6,-3
2729055000,2026-06-30,대구광역시,달서구,두류3동,8944,4312,4632,8919,4302,4617,-25,-10,-15
2729055500,2026-06-30,대구광역시,달서구,감삼동,31150,15174,15976,31110,15124,15986,-40,-50,10
2729056300,2026-06-30,대구광역시,달서구,죽전동,14356,7081,7275,14342,7069,7273,-14,-12,-2
2729056800,2026-06-30,대구광역시,달서구,장기동,15355,7435,7920,15338,7435,7903,-17,0,-17
2729057100,2026-06-30,대구광역시,달서구,용산1동,27901,13904,13997,27831,13877,13954,-70,-27,-43
2729057200,2026-06-30,대구광역시,달서구,용산2동,24668,12224,12444,24650,12192,12458,-18,-32,14
2729057600,2026-06-30,대구광역시,달서구,이곡1동,19723,9831,9892,19674,9815,9859,-49,-16,-33
2729057700,2026-06-30,대구광역시,달서구,이곡2동,14123,7128,6995,14113,7130,6983,-10,2,-12
2729058500,2026-06-30,대구광역시,달서구,신당동,28083,14174,13909,27982,14105,13877,-101,-69,-32
2729059000,2026-06-30,대구광역시,달서구,본리동,22902,11257,11645,22963,11282,11681,61,25,36
2729060100,2026-06-30,대구광역시,달서구,월성1동,39473,19242,20231,39431,19213,20218,-42,-29,-13
2729060200,2026-06-30,대구광역시,달서구,월성2동,13536,6373,7163,13486,6345,7141,-50,-28,-22
2729061500,2026-06-30,대구광역시,달서구,진천동,49445,24023,25422,49312,23959,25353,-133,-64,-69
2729061700,2026-06-30,대구광역시,달서구,유천동,32889,16273,16616,32906,16289,16617,17,16,1
2729062400,2026-06-30,대구광역시,달서구,상인1동,31935,15310,16625,31952,15319,16633,17,9,8
2729062500,2026-06-30,대구광역시,달서구,상인2동,16768,8274,8494,16708,8268,8440,-60,-6,-54
2729062600,2026-06-30,대구광역시,달서구,상인3동,9493,4518,4975,9479,4510,4969,-14,-8,-6
2729062800,2026-06-30,대구광역시,달서구,도원동,30953,14708,16245,30888,14670,16218,-65,-38,-27
2729063000,2026-06-30,대구광역시,달서구,송현1동,15981,8033,7948,15948,8008,7940,-33,-25,-8
2729064000,2026-06-30,대구광역시,달서구,송현2동,17686,8389,9297,17655,8363,9292,-31,-26,-5
2729065000,2026-06-30,대구광역시,달서구,본동,12988,6373,6615,13085,6415,6670,97,42,55
2771025000,2026-06-30,대구광역시,달성군,화원읍,45424,22364,23060,45368,22315,23053,-56,-49,-7
2771025300,2026-06-30,대구광역시,달성군,논공읍,4139,2252,1887,4126,2245,1881,-13,-7,-6
2771025400,2026-06-30,대구광역시,달성군,논공읍공단출장소,10699,5781,4918,10663,5765,4898,-36,-16,-20
2771025600,2026-06-30,대구광역시,달성군,다사읍,51445,25274,26171,51390,25246,26144,-55,-28,-27
2771025700,2026-06-30,대구광역시,달성군,다사읍서재출장소,37393,19006,18387,37414,19008,18406,21,2,19
2771025900,2026-06-30,대구광역시,달성군,유가읍,31226,15881,15345,31228,15891,15337,2,10,-8
2771026200,2026-06-30,대구광역시,달성군,옥포읍,22211,11154,11057,22164,11123,11041,-47,-31,-16
2771026500,2026-06-30,대구광역시,달성군,현풍읍,20980,11093,9887,20950,11081,9869,-30,-12,-18
2771031000,2026-06-30,대구광역시,달성군,가창면,6748,3319,3429,6747,3311,3436,-1,-8,7
2771033000,2026-06-30,대구광역시,달성군,하빈면,3117,1697,1420,3112,1696,1416,-5,-1,-4
2771038000,2026-06-30,대구광역시,달성군,구지면,18828,9981,8847,18838,9975,8863,10,-6,16
2772025000,2026-06-30,대구광역시,군위군,군위읍,7926,4127,3799,7907,4111,3796,-19,-16,-3
2772031000,2026-06-30,대구광역시,군위군,소보면,2232,1192,1040,2227,1190,1037,-5,-2,-3
2772032000,2026-06-30,대구광역시,군위군,효령면,3674,1939,1735,3659,1929,1730,-15,-10,-5
2772033000,2026-06-30,대구광역시,군위군,부계면,2109,1113,996,2111,1115,996,2,2,0
2772034000,2026-06-30,대구광역시,군위군,우보면,1958,1013,945,1953,1007,946,-5,-6,1
2772035000,2026-06-30,대구광역시,군위군,의흥면,2241,1108,1133,2227,1106,1121,-14,-2,-12
2772036000,2026-06-30,대구광역시,군위군,산성면,1209,620,589,1202,617,585,-7,-3,-4
2772037000,2026-06-30,대구광역시,군위군,삼국유사면,1325,711,614,1336,719,617,11,8,3
2811052000,2026-06-30,인천광역시,중구,연안동,4951,2673,2278,4945,2671,2274,-6,-2,-4
2811053000,2026-06-30,인천광역시,중구,신포동,4407,2237,2170,4398,2229,2169,-9,-8,-1
2811054000,2026-06-30,인천광역시,중구,신흥동,14048,7113,6935,14062,7112,6950,14,-1,15
2811056000,2026-06-30,인천광역시,중구,도원동,3388,1752,1636,3374,1743,1631,-14,-9,-5
2811057000,2026-06-30,인천광역시,중구,율목동,3012,1568,1444,3036,1591,1445,24,23,1
2811058500,2026-06-30,인천광역시,중구,동인천동,5164,2735,2429,5168,2735,2433,4,0,4
2811061500,2026-06-30,인천광역시,중구,개항동,6417,3279,3138,6426,3286,3140,9,7,2
2811062000,2026-06-30,인천광역시,중구,영종동,30318,16411,13907,30702,16594,14108,384,183,201
2811062200,2026-06-30,인천광역시,중구,영종1동,35719,17748,17971,35752,17777,17975,33,29,4
2811062300,2026-06-30,인천광역시,중구,영종2동,27565,13828,13737,27549,13804,13745,-16,-24,8
2811063000,2026-06-30,인천광역시,중구,용유동,3333,1862,1471,3339,1861,1478,6,-1,7
2811063800,2026-06-30,인천광역시,중구,운서1동,17458,9050,8408,17500,9061,8439,42,11,31
2811064800,2026-06-30,인천광역시,중구,운서2동,22710,12122,10588,22779,12168,10611,69,46,23
2814051000,2026-06-30,인천광역시,동구,만석동,6032,3100,2932,6027,3096,2931,-5,-4,-1
2814052500,2026-06-30,인천광역시,동구,화수1.화평동,5119,2596,2523,5112,2596,2516,-7,0,-7
2814053000,2026-06-30,인천광역시,동구,화수2동,6556,3204,3352,6548,3197,3351,-8,-7,-1
2814055500,2026-06-30,인천광역시,동구,송현1.2동,9331,4574,4757,9341,4572,4769,10,-2,12
2814057000,2026-06-30,인천광역시,동구,송현3동,2564,1329,1235,2554,1329,1225,-10,0,-10
2814058000,2026-06-30,인천광역시,동구,송림1동,6558,3189,3369,6586,3208,3378,28,19,9
2814059000,2026-06-30,인천광역시,동구,송림2동,1129,569,560,1136,574,562,7,5,2
2814060500,2026-06-30,인천광역시,동구,송림3.5동,5064,2511,2553,5058,2512,2546,-6,1,-7
2814061000,2026-06-30,인천광역시,동구,송림4동,5851,3002,2849,5857,3004,2853,6,2,4
2814063000,2026-06-30,인천광역시,동구,송림6동,7532,3795,3737,7618,3838,3780,86,43,43
2814064000,2026-06-30,인천광역시,동구,금창동,2100,1045,1055,2089,1038,1051,-11,-7,-4
2817751000,2026-06-30,인천광역시,미추홀구,숭의2동,13410,6736,6674,13423,6742,6681,13,6,7
2817752000,2026-06-30,인천광역시,미추홀구,숭의1.3동,17429,8647,8782,17508,8690,8818,79,43,36
2817753000,2026-06-30,인천광역시,미추홀구,숭의4동,16510,8277,8233,16543,8286,8257,33,9,24
2817754000,2026-06-30,인천광역시,미추홀구,용현1.4동,17470,9699,7771,17361,9649,7712,-109,-50,-59
2817755000,2026-06-30,인천광역시,미추홀구,용현2동,22633,11235,11398,22597,11214,11383,-36,-21,-15
2817756000,2026-06-30,인천광역시,미추홀구,용현3동,6563,3493,3070,6548,3482,3066,-15,-11,-4
2817757000,2026-06-30,인천광역시,미추홀구,용현5동,44135,21933,22202,44052,21885,22167,-83,-48,-35
2817758000,2026-06-30,인천광역시,미추홀구,학익1동,41532,20659,20873,41454,20600,20854,-78,-59,-19
2817759000,2026-06-30,인천광역시,미추홀구,학익2동,17261,8332,8929,17396,8397,8999,135,65,70
2817760000,2026-06-30,인천광역시,미추홀구,도화1동,20396,10169,10227,20330,10148,10182,-66,-21,-45
2817761000,2026-06-30,인천광역시,미추홀구,도화2.3동,29224,14784,14440,28961,14633,14328,-263,-151,-112
2817762000,2026-06-30,인천광역시,미추홀구,주안1동,19893,10625,9268,19885,10645,9240,-8,20,-28
2817763000,2026-06-30,인천광역시,미추홀구,주안2동,21498,10704,10794,22421,11177,11244,923,473,450
2817764000,2026-06-30,인천광역시,미추홀구,주안3동,12084,6030,6054,12081,6029,6052,-3,-1,-2
2817765000,2026-06-30,인천광역시,미추홀구,주안4동,19742,9717,10025,19715,9708,10007,-27,-9,-18
2817766000,2026-06-30,인천광역시,미추홀구,주안5동,18989,9504,9485,18956,9487,9469,-33,-17,-16
2817767000,2026-06-30,인천광역시,미추홀구,주안6동,20868,10329,10539,20862,10324,10538,-6,-5,-1
2817768000,2026-06-30,인천광역시,미추홀구,주안7동,12064,5831,6233,12067,5832,6235,3,1,2
2817769000,2026-06-30,인천광역시,미추홀구,주안8동,18452,9013,9439,18427,8991,9436,-25,-22,-3
2817770000,2026-06-30,인천광역시,미추홀구,관교동,13771,6768,7003,13770,6771,6999,-1,3,-4
2817771000,2026-06-30,인천광역시,미추홀구,문학동,13801,7643,6158,13854,7680,6174,53,37,16
2818563000,2026-06-30,인천광역시,연수구,옥련1동,17169,8423,8746,17155,8425,8730,-14,2,-16
2818564000,2026-06-30,인천광역시,연수구,옥련2동,19608,9624,9984,19591,9619,9972,-17,-5,-12
2818575000,2026-06-30,인천광역시,연수구,선학동,17441,9024,8417,17435,9036,8399,-6,12,-18
2818576100,2026-06-30,인천광역시,연수구,연수1동,16046,8806,7240,16032,8800,7232,-14,-6,-8
2818576200,2026-06-30,인천광역시,연수구,연수2동,19024,9407,9617,19037,9396,9641,13,-11,24
2818576300,2026-06-30,인천광역시,연수구,연수3동,14247,6771,7476,14237,6764,7473,-10,-7,-3
2818576600,2026-06-30,인천광역시,연수구,청학동,21694,11314,10380,21669,11297,10372,-25,-17,-8
2818578000,2026-06-30,인천광역시,연수구,동춘1동,25363,12355,13008,25304,12332,12972,-59,-23,-36
2818579000,2026-06-30,인천광역시,연수구,동춘2동,16390,7939,8451,16368,7920,8448,-22,-19,-3
2818579500,2026-06-30,인천광역시,연수구,동춘3동,17317,8396,8921,17290,8377,8913,-27,-19,-8
2818582000,2026-06-30,인천광역시,연수구,송도1동,36185,17669,18516,36150,17649,18501,-35,-20,-15
2818583000,2026-06-30,인천광역시,연수구,송도2동,37369,18268,19101,37352,18271,19081,-17,3,-20
2818584000,2026-06-30,인천광역시,연수구,송도3동,49890,24375,25515,49880,24366,25514,-10,-9,-1
2818585000,2026-06-30,인천광역시,연수구,송도4동,55931,27530,28401,56032,27560,28472,101,30,71
2818586000,2026-06-30,인천광역시,연수구,송도5동,46634,23123,23511,46758,23202,23556,124,79,45
2820051000,2026-06-30,인천광역시,남동구,구월1동,30065,14583,15482,30030,14572,15458,-35,-11,-24
2820052000,2026-06-30,인천광역시,남동구,구월2동,36539,17904,18635,36517,17898,18619,-22,-6,-16
2820052100,2026-06-30,인천광역시,남동구,구월3동,28003,14174,13829,28008,14180,13828,5,6,-1
2820052200,2026-06-30,인천광역시,남동구,구월4동,12596,6435,6161,12577,6406,6171,-19,-29,10
2820053000,2026-06-30,인천광역시,남동구,간석1동,18425,9024,9401,18417,9036,9381,-8,12,-20
2820054000,2026-06-30,인천광역시,남동구,간석2동,20411,10175,10236,20355,10141,10214,-56,-34,-22
2820055000,2026-06-30,인천광역시,남동구,간석3동,24685,12416,12269,24732,12433,12299,47,17,30
2820055100,2026-06-30,인천광역시,남동구,간석4동,27652,13719,13933,27677,13750,13927,25,31,-6
2820056000,2026-06-30,인천광역시,남동구,만수1동,15006,7290,7716,15055,7315,7740,49,25,24
2820057000,2026-06-30,인천광역시,남동구,만수2동,21984,10719,11265,21934,10681,11253,-50,-38,-12
2820058000,2026-06-30,인천광역시,남동구,만수3동,15580,7808,7772,15552,7801,7751,-28,-7,-21
2820058100,2026-06-30,인천광역시,남동구,만수4동,18038,8666,9372,18052,8673,9379,14,7,7
2820058200,2026-06-30,인천광역시,남동구,만수5동,13905,6941,6964,13893,6939,6954,-12,-2,-10
2820058300,2026-06-30,인천광역시,남동구,만수6동,21618,10366,11252,21627,10372,11255,9,6,3
2820065000,2026-06-30,인천광역시,남동구,장수서창동,18119,9055,9064,18118,9057,9061,-1,2,-3
2820065500,2026-06-30,인천광역시,남동구,서창2동,37351,18527,18824,37307,18493,18814,-44,-34,-10
2820066000,2026-06-30,인천광역시,남동구,남촌도림동,18630,9492,9138,18594,9478,9116,-36,-14,-22
2820069000,2026-06-30,인천광역시,남동구,논현1동,30925,15494,15431,30990,15516,15474,65,22,43
2820070000,2026-06-30,인천광역시,남동구,논현2동,30693,15461,15232,30616,15423,15193,-77,-38,-39
2820071000,2026-06-30,인천광역시,남동구,논현고잔동,39118,19324,19794,39098,19334,19764,-20,10,-30
2823751000,2026-06-30,인천광역시,부평구,부평1동,34429,16514,17915,34433,16550,17883,4,36,-32
2823752000,2026-06-30,인천광역시,부평구,부평2동,16699,8212,8487,16750,8240,8510,51,28,23
2823753000,2026-06-30,인천광역시,부평구,부평3동,14524,7185,7339,14210,7028,7182,-314,-157,-157
2823754000,2026-06-30,인천광역시,부평구,부평4동,32886,16128,16758,32903,16130,16773,17,2,15
2823755000,2026-06-30,인천광역시,부평구,부평5동,32934,16177,16757,32878,16144,16734,-56,-33,-23
2823756000,2026-06-30,인천광역시,부평구,부평6동,19143,9425,9718,19118,9423,9695,-25,-2,-23
2823757000,2026-06-30,인천광역시,부평구,산곡1동,14206,6980,7226,14167,6960,7207,-39,-20,-19
2823758000,2026-06-30,인천광역시,부평구,산곡2동,28506,13920,14586,28506,13941,14565,0,21,-21
2823758100,2026-06-30,인천광역시,부평구,산곡3동,19592,9428,10164,19591,9431,10160,-1,3,-4
2823758200,2026-06-30,인천광역시,부평구,산곡4동,16165,7676,8489,16132,7655,8477,-33,-21,-12
2823759100,2026-06-30,인천광역시,부평구,청천1동,22717,11471,11246,22713,11463,11250,-4,-8,4
2823759200,2026-06-30,인천광역시,부평구,청천2동,32616,16309,16307,32609,16323,16286,-7,14,-21
2823764100,2026-06-30,인천광역시,부평구,갈산1동,13901,7015,6886,13902,7019,6883,1,4,-3
2823764200,2026-06-30,인천광역시,부평구,갈산2동,17003,8196,8807,16989,8177,8812,-14,-19,5
2823764600,2026-06-30,인천광역시,부평구,삼산1동,31033,15128,15905,30964,15081,15883,-69,-47,-22
2823764800,2026-06-30,인천광역시,부평구,삼산2동,26761,12876,13885,26748,12884,13864,-13,8,-21
2823765000,2026-06-30,인천광역시,부평구,부개1동,14669,7302,7367,14679,7300,7379,10,-2,12
2823766000,2026-06-30,인천광역시,부평구,부개2동,18735,9068,9667,18726,9047,9679,-9,-21,12
2823766100,2026-06-30,인천광역시,부평구,부개3동,27164,12876,14288,27092,12834,14258,-72,-42,-30
2823767000,2026-06-30,인천광역시,부평구,일신동,11092,5572,5520,11079,5569,5510,-13,-3,-10
2823768000,2026-06-30,인천광역시,부평구,십정1동,23648,11771,11877,23630,11752,11878,-18,-19,1
2823769000,2026-06-30,인천광역시,부평구,십정2동,20406,10640,9766,20372,10626,9746,-34,-14,-20
2824560100,2026-06-30,인천광역시,계양구,효성1동,25478,12723,12755,25432,12708,12724,-46,-15,-31
2824560200,2026-06-30,인천광역시,계양구,효성2동,29143,14597,14546,29093,14568,14525,-50,-29,-21
2824561100,2026-06-30,인천광역시,계양구,계산1동,17248,9135,8113,17220,9109,8111,-28,-26,-2
2824561200,2026-06-30,인천광역시,계양구,계산2동,13774,6837,6937,13779,6834,6945,5,-3,8
2824561300,2026-06-30,인천광역시,계양구,계산3동,16879,8049,8830,16842,8030,8812,-37,-19,-18
2824561400,2026-06-30,인천광역시,계양구,계산4동,22116,11221,10895,22079,11209,10870,-37,-12,-25
2824562100,2026-06-30,인천광역시,계양구,작전1동,25415,12472,12943,25417,12477,12940,2,5,-3
2824562200,2026-06-30,인천광역시,계양구,작전2동,23296,11367,11929,23331,11390,11941,35,23,12
2824564000,2026-06-30,인천광역시,계양구,작전서운동,31710,15651,16059,31670,15611,16059,-40,-40,0
2824571000,2026-06-30,인천광역시,계양구,계양1동,18493,9142,9351,18478,9128,9350,-15,-14,-1
2824572000,2026-06-30,인천광역시,계양구,계양2동,30176,14996,15180,30155,14990,15165,-21,-6,-15
2824573000,2026-06-30,인천광역시,계양구,계양3동,22835,11296,11539,22813,11283,11530,-22,-13,-9
2826051500,2026-06-30,인천광역시,서구,검암경서동,43368,22291,21077,43333,22273,21060,-35,-18,-17
2826053000,2026-06-30,인천광역시,서구,연희동,36052,18348,17704,36003,18324,17679,-49,-24,-25
2826053600,2026-06-30,인천광역시,서구,청라1동,30418,15120,15298,30445,15138,15307,27,18,9
2826053700,2026-06-30,인천광역시,서구,청라2동,47848,23636,24212,47814,23622,24192,-34,-14,-20
2826053900,2026-06-30,인천광역시,서구,청라3동,36825,18263,18562,36919,18312,18607,94,49,45
2826054200,2026-06-30,인천광역시,서구,가정1동,41235,20339,20896,42301,20887,21414,1066,548,518
2826054300,2026-06-30,인천광역시,서구,가정2동,17137,8687,8450,17131,8688,8443,-6,1,-7
2826054400,2026-06-30,인천광역시,서구,가정3동,8271,4111,4160,8264,4103,4161,-7,-8,1
2826055000,2026-06-30,인천광역시,서구,석남1동,19693,10117,9576,19693,10115,9578,0,-2,2
2826056000,2026-06-30,인천광역시,서구,석남2동,11603,5963,5640,11594,5962,5632,-9,-1,-8
2826056100,2026-06-30,인천광역시,서구,석남3동,12824,6434,6390,12747,6388,6359,-77,-46,-31
2826057500,2026-06-30,인천광역시,서구,신현원창동,28592,14371,14221,28521,14343,14178,-71,-28,-43
2826058000,2026-06-30,인천광역시,서구,가좌1동,12320,6548,5772,12296,6536,5760,-24,-12,-12
2826059000,2026-06-30,인천광역시,서구,가좌2동,17919,8744,9175,17887,8731,9156,-32,-13,-19
2826060000,2026-06-30,인천광역시,서구,가좌3동,14798,7539,7259,14773,7528,7245,-25,-11,-14
2826061000,2026-06-30,인천광역시,서구,가좌4동,12133,6192,5941,12133,6182,5951,0,-10,10
2826068000,2026-06-30,인천광역시,서구,검단동,32182,16832,15350,32218,16857,15361,36,25,11
2826069000,2026-06-30,인천광역시,서구,불로대곡동,47683,23762,23921,48409,24128,24281,726,366,360
2826070000,2026-06-30,인천광역시,서구,원당동,22522,11440,11082,22794,11577,11217,272,137,135
2826071000,2026-06-30,인천광역시,서구,당하동,43214,21431,21783,43306,21477,21829,92,46,46
2826072000,2026-06-30,인천광역시,서구,오류왕길동,25469,12948,12521,25498,12950,12548,29,2,27
2826073000,2026-06-30,인천광역시,서구,마전동,21017,10412,10605,21012,10408,10604,-5,-4,-1
2826075000,2026-06-30,인천광역시,서구,아라1동,46463,23046,23417,46901,23287,23614,438,241,197
2826076000,2026-06-30,인천광역시,서구,아라2동,30878,15198,15680,30883,15179,15704,5,-19,24
2871025000,2026-06-30,인천광역시,강화군,강화읍,21420,10522,10898,21381,10515,10866,-39,-7,-32
2871031000,2026-06-30,인천광역시,강화군,선원면,10195,5024,5171,10204,5029,5175,9,5,4
2871032000,2026-06-30,인천광역시,강화군,불은면,4968,2512,2456,4964,2502,2462,-4,-10,6
2871033000,2026-06-30,인천광역시,강화군,길상면,7228,3662,3566,7217,3659,3558,-11,-3,-8
2871034000,2026-06-30,인천광역시,강화군,화도면,4487,2300,2187,4484,2297,2187,-3,-3,0
2871035000,2026-06-30,인천광역시,강화군,양도면,4190,2110,2080,4200,2116,2084,10,6,4
2871036000,2026-06-30,인천광역시,강화군,내가면,2878,1418,1460,2887,1416,1471,9,-2,11
2871037000,2026-06-30,인천광역시,강화군,하점면,4001,2048,1953,4012,2059,1953,11,11,0
2871038000,2026-06-30,인천광역시,강화군,양사면,1920,966,954,1928,971,957,8,5,3
2871039000,2026-06-30,인천광역시,강화군,송해면,3186,1606,1580,3185,1603,1582,-1,-3,2
2871040000,2026-06-30,인천광역시,강화군,교동면,2623,1360,1263,2628,1361,1267,5,1,4
2871041000,2026-06-30,인천광역시,강화군,삼산면,1968,1050,918,1970,1049,921,2,-1,3
2871042000,2026-06-30,인천광역시,강화군,서도면,355,188,167,355,189,166,0,1,-1
2871042500,2026-06-30,인천광역시,강화군,서도면볼음출장소,270,147,123,266,145,121,-4,-2,-2
2872031000,2026-06-30,인천광역시,옹진군,북도면,1142,607,535,1135,600,535,-7,-7,0
2872031500,2026-06-30,인천광역시,옹진군,북도면장봉출장소,946,495,451,948,496,452,2,1,1
2872033000,2026-06-30,인천광역시,옹진군,백령면,4478,2613,1865,4442,2594,1848,-36,-19,-17
2872034000,2026-06-30,인천광역시,옹진군,대청면,1132,660,472,1123,652,471,-9,-8,-1
2872034500,2026-06-30,인천광역시,옹진군,대청면소청출장소,230,146,84,233,148,85,3,2,1
2872035000,2026-06-30,인천광역시,옹진군,덕적면,1840,1025,815,1836,1025,811,-4,0,-4
2872036000,2026-06-30,인천광역시,옹진군,영흥면,6443,3609,2834,6451,3615,2836,8,6,2
2872037000,2026-06-30,인천광역시,옹진군,자월면,929,496,433,927,500,427,-2,4,-6
2872037500,2026-06-30,인천광역시,옹진군,자월면이작출장소,357,189,168,358,189,169,1,0,1
2872038000,2026-06-30,인천광역시,옹진군,연평면,1879,1200,679,1887,1206,681,8,6,2
2911052500,2026-06-30,광주광역시,동구,충장동,5958,2887,3071,5929,2865,3064,-29,-22,-7
2911054500,2026-06-30,광주광역시,동구,동명동,3423,1760,1663,3421,1761,1660,-2,1,-3
2911056000,2026-06-30,광주광역시,동구,계림1동,9753,5102,4651,9717,5078,4639,-36,-24,-12
2911057000,2026-06-30,광주광역시,동구,계림2동,13698,6598,7100,14117,6800,7317,419,202,217
2911059000,2026-06-30,광주광역시,동구,산수1동,7479,3698,3781,7466,3692,3774,-13,-6,-7
2911060000,2026-06-30,광주광역시,동구,산수2동,9175,4429,4746,9136,4412,4724,-39,-17,-22
2911062000,2026-06-30,광주광역시,동구,지산1동,3912,2034,1878,3896,2022,1874,-16,-12,-4
2911063000,2026-06-30,광주광역시,동구,지산2동,4041,2078,1963,4015,2076,1939,-26,-2,-24
2911065500,2026-06-30,광주광역시,동구,서남동,3496,1763,1733,3514,1780,1734,18,17,1
2911068500,2026-06-30,광주광역시,동구,학동,6931,3256,3675,6948,3265,3683,17,9,8
2911071000,2026-06-30,광주광역시,동구,학운동,10338,4821,5517,10326,4820,5506,-12,-1,-11
2911073000,2026-06-30,광주광역시,동구,지원1동,8725,4235,4490,8680,4220,4460,-45,-15,-30
2911074000,2026-06-30,광주광역시,동구,지원2동,18076,8673,9403,18035,8650,9385,-41,-23,-18
2914057500,2026-06-30,광주광역시,서구,양동,2678,1297,1381,2662,1284,1378,-16,-13,-3
2914059000,2026-06-30,광주광역시,서구,양3동,4008,1938,2070,4000,1935,2065,-8,-3,-5
2914065000,2026-06-30,광주광역시,서구,농성1동,11274,5540,5734,11241,5520,5721,-33,-20,-13
2914066000,2026-06-30,광주광역시,서구,농성2동,4163,2159,2004,4164,2162,2002,1,3,-2
2914073000,2026-06-30,광주광역시,서구,광천동,4936,2475,2461,4926,2472,2454,-10,-3,-7
2914074000,2026-06-30,광주광역시,서구,유덕동,9823,5064,4759,9809,5056,4753,-14,-8,-6
2914074500,2026-06-30,광주광역시,서구,치평동,28837,13638,15199,28774,13622,15152,-63,-16,-47
2914075100,2026-06-30,광주광역시,서구,상무1동,24518,12374,12144,24478,12359,12119,-40,-15,-25
2914075200,2026-06-30,광주광역시,서구,상무2동,21792,10706,11086,21782,10695,11087,-10,-11,1
2914076000,2026-06-30,광주광역시,서구,화정1동,15496,7511,7985,15451,7492,7959,-45,-19,-26
2914077000,2026-06-30,광주광역시,서구,화정2동,19028,9452,9576,19019,9446,9573,-9,-6,-3
2914078000,2026-06-30,광주광역시,서구,화정3동,8510,4130,4380,8502,4111,4391,-8,-19,11
2914079000,2026-06-30,광주광역시,서구,화정4동,18804,9015,9789,18772,8995,9777,-32,-20,-12
2914080000,2026-06-30,광주광역시,서구,서창동,7031,3610,3421,7170,3688,3482,139,78,61
2914082100,2026-06-30,광주광역시,서구,금호1동,20851,9918,10933,20863,9926,10937,12,8,4
2914082400,2026-06-30,광주광역시,서구,금호2동,25568,12424,13144,25488,12390,13098,-80,-34,-46
2914083000,2026-06-30,광주광역시,서구,풍암동,32794,16127,16667,32740,16096,16644,-54,-31,-23
2914084000,2026-06-30,광주광역시,서구,동천동,14814,7005,7809,14783,6989,7794,-31,-16,-15
2915551000,2026-06-30,광주광역시,남구,양림동,6086,2720,3366,6077,2714,3363,-9,-6,-3
2915552000,2026-06-30,광주광역시,남구,방림1동,6132,2904,3228,6114,2893,3221,-18,-11,-7
2915553000,2026-06-30,광주광역시,남구,방림2동,8875,4134,4741,8853,4127,4726,-22,-7,-15
2915553700,2026-06-30,광주광역시,남구,봉선1동,13437,6248,7189,13356,6197,7159,-81,-51,-30
2915553800,2026-06-30,광주광역시,남구,봉선2동,27284,12694,14590,27220,12654,14566,-64,-40,-24
2915554500,2026-06-30,광주광역시,남구,사직동,4334,2261,2073,4336,2260,2076,2,-1,3
2915560500,2026-06-30,광주광역시,남구,월산동,10982,5484,5498,10963,5465,5498,-19,-19,0
2915563000,2026-06-30,광주광역시,남구,월산4동,7486,3837,3649,7475,3834,3641,-11,-3,-8
2915564000,2026-06-30,광주광역시,남구,월산5동,5444,2715,2729,5440,2712,2728,-4,-3,-1
2915567000,2026-06-30,광주광역시,남구,백운1동,11134,5186,5948,11101,5172,5929,-33,-14,-19
2915568000,2026-06-30,광주광역시,남구,백운2동,6675,3307,3368,6688,3309,3379,13,2,11
2915569000,2026-06-30,광주광역시,남구,주월1동,20077,9622,10455,20013,9584,10429,-64,-38,-26
2915570000,2026-06-30,광주광역시,남구,주월2동,6901,3373,3528,6880,3363,3517,-21,-10,-11
2915570500,2026-06-30,광주광역시,남구,진월동,26981,12479,14502,26921,12442,14479,-60,-37,-23
2915571000,2026-06-30,광주광역시,남구,효덕동,14741,6961,7780,14736,6961,7775,-5,0,-5
2915572000,2026-06-30,광주광역시,남구,송암동,20481,10000,10481,20443,9990,10453,-38,-10,-28
2915573000,2026-06-30,광주광역시,남구,대촌동,9033,4425,4608,9031,4421,4610,-2,-4,2
2917051000,2026-06-30,광주광역시,북구,중흥1동,4061,2091,1970,4034,2084,1950,-27,-7,-20
2917053500,2026-06-30,광주광역시,북구,중흥동,14858,7651,7207,14830,7662,7168,-28,11,-39
2917055500,2026-06-30,광주광역시,북구,중앙동,3393,1804,1589,3409,1815,1594,16,11,5
2917057000,2026-06-30,광주광역시,북구,임동,13908,6806,7102,13895,6813,7082,-13,7,-20
2917058000,2026-06-30,광주광역시,북구,신안동,11810,6235,5575,11751,6206,5545,-59,-29,-30
2917059000,2026-06-30,광주광역시,북구,용봉동,35824,17746,18078,35707,17684,18023,-117,-62,-55
2917060100,2026-06-30,광주광역시,북구,운암1동,17521,8408,9113,17439,8361,9078,-82,-47,-35
2917060200,2026-06-30,광주광역시,북구,운암2동,10358,5196,5162,10295,5154,5141,-63,-42,-21
2917060300,2026-06-30,광주광역시,북구,운암3동,17851,8611,9240,19282,9344,9938,1431,733,698
2917061500,2026-06-30,광주광역시,북구,동림동,20937,10175,10762,20857,10128,10729,-80,-47,-33
2917062000,2026-06-30,광주광역시,북구,우산동,15286,7444,7842,15263,7441,7822,-23,-3,-20
2917063500,2026-06-30,광주광역시,북구,풍향동,4899,2438,2461,4855,2419,2436,-44,-19,-25
2917065000,2026-06-30,광주광역시,북구,문화동,22184,10817,11367,22111,10781,11330,-73,-36,-37
2917065600,2026-06-30,광주광역시,북구,문흥1동,14148,6811,7337,14094,6784,7310,-54,-27,-27
2917065700,2026-06-30,광주광역시,북구,문흥2동,13955,6587,7368,13899,6561,7338,-56,-26,-30
2917066100,2026-06-30,광주광역시,북구,두암1동,6691,3324,3367,6662,3305,3357,-29,-19,-10
2917066200,2026-06-30,광주광역시,북구,두암2동,13961,6854,7107,13932,6834,7098,-29,-20,-9
2917066300,2026-06-30,광주광역시,북구,두암3동,11510,5505,6005,11449,5467,5982,-61,-38,-23
2917066600,2026-06-30,광주광역시,북구,삼각동,12778,6636,6142,12733,6608,6125,-45,-28,-17
2917066900,2026-06-30,광주광역시,북구,일곡동,26683,12978,13705,26644,12974,13670,-39,-4,-35
2917067300,2026-06-30,광주광역시,북구,매곡동,12570,6020,6550,12521,5997,6524,-49,-23,-26
2917067600,2026-06-30,광주광역시,북구,오치1동,9703,4947,4756,9669,4932,4737,-34,-15,-19
2917067700,2026-06-30,광주광역시,북구,오치2동,10984,5376,5608,10968,5369,5599,-16,-7,-9
2917068500,2026-06-30,광주광역시,북구,석곡동,2128,1087,1041,2119,1084,1035,-9,-3,-6
2917069500,2026-06-30,광주광역시,북구,건국동,22230,11163,11067,22234,11160,11074,4,-3,7
2917069600,2026-06-30,광주광역시,북구,양산동,34525,17349,17176,34630,17405,17225,105,56,49
2917069700,2026-06-30,광주광역시,북구,신용동,31570,15636,15934,31501,15579,15922,-69,-57,-12
2920051500,2026-06-30,광주광역시,광산구,송정1동,9690,4965,4725,9674,4956,4718,-16,-9,-7
2920052500,2026-06-30,광주광역시,광산구,송정2동,5803,2944,2859,5811,2943,2868,8,-1,9
2920054000,2026-06-30,광주광역시,광산구,도산동,13880,7012,6868,13825,6989,6836,-55,-23,-32
2920055000,2026-06-30,광주광역시,광산구,신흥동,3944,1965,1979,3948,1968,1980,4,3,1
2920056500,2026-06-30,광주광역시,광산구,어룡동,36343,18694,17649,36253,18641,17612,-90,-53,-37
2920058000,2026-06-30,광주광역시,광산구,우산동,27526,14034,13492,27509,14047,13462,-17,13,-30
2920060000,2026-06-30,광주광역시,광산구,월곡1동,9069,4581,4488,9021,4559,4462,-48,-22,-26
2920061000,2026-06-30,광주광역시,광산구,월곡2동,13798,6921,6877,13768,6896,6872,-30,-25,-5
2920062000,2026-06-30,광주광역시,광산구,비아동,7072,3732,3340,7062,3717,3345,-10,-15,5
2920062400,2026-06-30,광주광역시,광산구,첨단1동,26892,13354,13538,26761,13285,13476,-131,-69,-62
2920062600,2026-06-30,광주광역시,광산구,첨단2동,40085,20291,19794,39981,20233,19748,-104,-58,-46
2920063000,2026-06-30,광주광역시,광산구,신가동,18272,9263,9009,18238,9231,9007,-34,-32,-2
2920063500,2026-06-30,광주광역시,광산구,운남동,27840,13538,14302,27766,13487,14279,-74,-51,-23
2920063700,2026-06-30,광주광역시,광산구,수완동,72279,35552,36727,72079,35472,36607,-200,-80,-120
2920064000,2026-06-30,광주광역시,광산구,하남동,26624,13882,12742,26630,13876,12754,6,-6,12
2920065000,2026-06-30,광주광역시,광산구,임곡동,1815,962,853,1811,960,851,-4,-2,-2
2920066000,2026-06-30,광주광역시,광산구,동곡동,1552,813,739,1538,805,733,-14,-8,-6
2920067000,2026-06-30,광주광역시,광산구,평동,4917,2738,2179,4900,2732,2168,-17,-6,-11
2920068000,2026-06-30,광주광역시,광산구,삼도동,1998,1051,947,1995,1047,948,-3,-4,1
2920069000,2026-06-30,광주광역시,광산구,본량동,1771,909,862,1770,909,861,-1,0,-1
2920070000,2026-06-30,광주광역시,광산구,신창동,32870,16848,16022,32866,16847,16019,-4,-1,-3
3011051500,2026-06-30,대전광역시,동구,중앙동,3251,1849,1402,3218,1834,1384,-33,-15,-18
3011053000,2026-06-30,대전광역시,동구,효동,29294,14442,14852,29279,14438,14841,-15,-4,-11
3011054500,2026-06-30,대전광역시,동구,신인동,14644,7114,7530,14621,7101,7520,-23,-13,-10
3011055100,2026-06-30,대전광역시,동구,판암1동,11568,5515,6053,11527,5499,6028,-41,-16,-25
3011055200,2026-06-30,대전광역시,동구,판암2동,7575,3662,3913,7567,3646,3921,-8,-16,8
3011056000,2026-06-30,대전광역시,동구,용운동,20819,10523,10296,20743,10493,10250,-76,-30,-46
3011058500,2026-06-30,대전광역시,동구,대동,13306,6621,6685,13274,6605,6669,-32,-16,-16
3011059000,2026-06-30,대전광역시,동구,자양동,10889,5745,5144,10864,5740,5124,-25,-5,-20
3011062000,2026-06-30,대전광역시,동구,가양1동,12650,6610,6040,12660,6618,6042,10,8,2
3011063000,2026-06-30,대전광역시,동구,가양2동,18100,9101,8999,18064,9084,8980,-36,-17,-19
3011064000,2026-06-30,대전광역시,동구,용전동,19589,10144,9445,19551,10127,9424,-38,-17,-21
3011066500,2026-06-30,대전광역시,동구,성남동,10269,5061,5208,10244,5042,5202,-25,-19,-6
3011067000,2026-06-30,대전광역시,동구,홍도동,10774,5535,5239,10766,5534,5232,-8,-1,-7
3011069500,2026-06-30,대전광역시,동구,삼성동,12872,6495,6377,12999,6567,6432,127,72,55
3011072500,2026-06-30,대전광역시,동구,대청동,2070,1085,985,2067,1087,980,-3,2,-5
3011074000,2026-06-30,대전광역시,동구,산내동,20835,10485,10350,20807,10473,10334,-28,-12,-16
3014053500,2026-06-30,대전광역시,중구,은행선화동,24144,12131,12013,24127,12105,12022,-17,-26,9
3014055000,2026-06-30,대전광역시,중구,목동,17233,8153,9080,17246,8157,9089,13,4,9
3014056000,2026-06-30,대전광역시,중구,중촌동,14895,7262,7633,14885,7232,7653,-10,-30,20
3014057500,2026-06-30,대전광역시,중구,대흥동,12039,5858,6181,11997,5834,6163,-42,-24,-18
3014060500,2026-06-30,대전광역시,중구,문창동,4046,2101,1945,4024,2084,1940,-22,-17,-5
3014062000,2026-06-30,대전광역시,중구,석교동,13430,6795,6635,13394,6772,6622,-36,-23,-13
3014063000,2026-06-30,대전광역시,중구,대사동,5152,2476,2676,5135,2464,2671,-17,-12,-5
3014064000,2026-06-30,대전광역시,중구,부사동,5804,2949,2855,5800,2944,2856,-4,-5,1
3014065500,2026-06-30,대전광역시,중구,용두동,9757,4747,5010,9774,4761,5013,17,14,3
3014067000,2026-06-30,대전광역시,중구,오류동,9761,4531,5230,9757,4542,5215,-4,11,-15
3014068000,2026-06-30,대전광역시,중구,태평1동,11997,5753,6244,11965,5725,6240,-32,-28,-4
3014069000,2026-06-30,대전광역시,중구,태평2동,23150,10975,12175,23110,10952,12158,-40,-23,-17
3014070000,2026-06-30,대전광역시,중구,유천1동,5737,2909,2828,5721,2893,2828,-16,-16,0
3014071000,2026-06-30,대전광역시,중구,유천2동,12306,6028,6278,12302,6033,6269,-4,5,-9
3014072000,2026-06-30,대전광역시,중구,문화1동,20073,9627,10446,20069,9625,10444,-4,-2,-2
3014073000,2026-06-30,대전광역시,중구,문화2동,10891,5208,5683,10855,5197,5658,-36,-11,-25
3014074000,2026-06-30,대전광역시,중구,산성동,24166,12221,11945,24112,12185,11927,-54,-36,-18
3017051000,2026-06-30,대전광역시,서구,복수동,20421,10093,10328,20306,10042,10264,-115,-51,-64
3017052000,2026-06-30,대전광역시,서구,도마1동,17941,8968,8973,17842,8917,8925,-99,-51,-48
3017053000,2026-06-30,대전광역시,서구,도마2동,19315,9582,9733,20020,9960,10060,705,378,327
3017053500,2026-06-30,대전광역시,서구,정림동,14516,6949,7567,15145,7256,7889,629,307,322
3017054000,2026-06-30,대전광역시,서구,변동,12102,6089,6013,12095,6086,6009,-7,-3,-4
3017055000,2026-06-30,대전광역시,서구,용문동,19177,9309,9868,19204,9323,9881,27,14,13
3017055500,2026-06-30,대전광역시,서구,탄방동,31195,15130,16065,31199,15105,16094,4,-25,29
3017056000,2026-06-30,대전광역시,서구,괴정동,18139,8864,9275,18138,8858,9280,-1,-6,5
3017057000,2026-06-30,대전광역시,서구,가장동,10257,4918,5339,10238,4902,5336,-19,-16,-3
3017057500,2026-06-30,대전광역시,서구,내동,21474,10212,11262,21411,10188,11223,-63,-24,-39
3017058100,2026-06-30,대전광역시,서구,갈마1동,20572,10416,10156,20566,10416,10150,-6,0,-6
3017058200,2026-06-30,대전광역시,서구,갈마2동,23011,11562,11449,22992,11562,11430,-19,0,-19
3017058600,2026-06-30,대전광역시,서구,월평1동,11008,6026,4982,11017,6035,4982,9,9,0
3017058700,2026-06-30,대전광역시,서구,월평2동,13163,6236,6927,13158,6237,6921,-5,1,-6
3017058800,2026-06-30,대전광역시,서구,월평3동,19581,9540,10041,19545,9513,10032,-36,-27,-9
3017059000,2026-06-30,대전광역시,서구,가수원동,9865,4853,5012,9837,4840,4997,-28,-13,-15
3017059300,2026-06-30,대전광역시,서구,도안동,36498,17855,18643,36465,17851,18614,-33,-4,-29
3017059600,2026-06-30,대전광역시,서구,관저1동,14374,6703,7671,14336,6678,7658,-38,-25,-13
3017059700,2026-06-30,대전광역시,서구,관저2동,47038,22794,24244,46929,22731,24198,-109,-63,-46
3017060000,2026-06-30,대전광역시,서구,기성동,3206,1663,1543,3192,1656,1536,-14,-7,-7
3017063000,2026-06-30,대전광역시,서구,둔산1동,16253,8024,8229,16268,8031,8237,15,7,8
3017064000,2026-06-30,대전광역시,서구,둔산2동,34080,16300,17780,34065,16280,17785,-15,-20,5
3017065000,2026-06-30,대전광역시,서구,만년동,11869,6081,5788,11852,6077,5775,-17,-4,-13
3017066000,2026-06-30,대전광역시,서구,둔산3동,18546,8871,9675,18539,8869,9670,-7,-2,-5
3020052000,2026-06-30,대전광역시,유성구,진잠동,24838,12575,12263,24808,12551,12257,-30,-24,-6
3020052600,2026-06-30,대전광역시,유성구,학하동,21322,11117,10205,21421,11170,10251,99,53,46
3020052700,2026-06-30,대전광역시,유성구,상대동,25069,12164,12905,25066,12159,12907,-3,-5,2
3020053000,2026-06-30,대전광역시,유성구,온천1동,26679,13935,12744,26676,13928,12748,-3,-7,4
3020054000,2026-06-30,대전광역시,유성구,온천2동,40905,21563,19342,40814,21516,19298,-91,-47,-44
3020054600,2026-06-30,대전광역시,유성구,노은1동,20542,10257,10285,20564,10268,10296,22,11,11
3020054700,2026-06-30,대전광역시,유성구,노은2동,22956,11266,11690,22953,11266,11687,-3,0,-3
3020054800,2026-06-30,대전광역시,유성구,노은3동,35382,17287,18095,35321,17262,18059,-61,-25,-36
3020055000,2026-06-30,대전광역시,유성구,신성동,25410,13400,12010,25320,13347,11973,-90,-53,-37
3020057000,2026-06-30,대전광역시,유성구,전민동,25288,13016,12272,25343,13042,12301,55,26,29
3020058000,2026-06-30,대전광역시,유성구,구즉동,32508,16740,15768,32500,16737,15763,-8,-3,-5
3020060000,2026-06-30,대전광역시,유성구,관평동,37734,19299,18435,37759,19316,18443,25,17,8
3020061000,2026-06-30,대전광역시,유성구,원신흥동,32514,15502,17012,32559,15541,17018,45,39,6
3023051000,2026-06-30,대전광역시,대덕구,오정동,13034,6804,6230,13000,6785,6215,-34,-19,-15
3023052000,2026-06-30,대전광역시,대덕구,대화동,5203,2712,2491,5206,2719,2487,3,7,-4
3023052500,2026-06-30,대전광역시,대덕구,회덕동,12011,6092,5919,11989,6089,5900,-22,-3,-19
3023053300,2026-06-30,대전광역시,대덕구,비래동,14249,6983,7266,14192,6948,7244,-57,-35,-22
3023054300,2026-06-30,대전광역시,대덕구,송촌동,26683,13235,13448,26650,13214,13436,-33,-21,-12
3023054600,2026-06-30,대전광역시,대덕구,중리동,17436,9182,8254,17394,9156,8238,-42,-26,-16
3023055000,2026-06-30,대전광역시,대덕구,신탄진동,15859,8134,7725,15844,8130,7714,-15,-4,-11
3023056000,2026-06-30,대전광역시,대덕구,석봉동,15630,8007,7623,15622,7999,7623,-8,-8,0
3023057000,2026-06-30,대전광역시,대덕구,덕암동,12246,6555,5691,12203,6524,5679,-43,-31,-12
3023058000,2026-06-30,대전광역시,대덕구,목상동,5769,3195,2574,5751,3187,2564,-18,-8,-10
3023060000,2026-06-30,대전광역시,대덕구,법1동,12043,5634,6409,12018,5618,6400,-25,-16,-9
3023061000,2026-06-30,대전광역시,대덕구,법2동,14216,6867,7349,14178,6849,7329,-38,-18,-20
3111051000,2026-06-30,울산광역시,중구,학성동,10597,5434,5163,10560,5411,5149,-37,-23,-14
3111052000,2026-06-30,울산광역시,중구,반구1동,15267,7996,7271,15260,7989,7271,-7,-7,0
3111053000,2026-06-30,울산광역시,중구,반구2동,7918,4045,3873,7890,4023,3867,-28,-22,-6
3111055500,2026-06-30,울산광역시,중구,복산동,20956,10490,10466,20954,10487,10467,-2,-3,1
3111058500,2026-06-30,울산광역시,중구,중앙동,8975,4652,4323,8925,4623,4302,-50,-29,-21
3111059000,2026-06-30,울산광역시,중구,우정동,18526,9205,9321,18521,9201,9320,-5,-4,-1
3111060000,2026-06-30,울산광역시,중구,태화동,30864,15251,15613,30831,15227,15604,-33,-24,-9
3111061000,2026-06-30,울산광역시,중구,다운동,21388,10778,10610,21372,10765,10607,-16,-13,-3
3111062000,2026-06-30,울산광역시,중구,병영1동,19872,10060,9812,19868,10054,9814,-4,-6,2
3111063000,2026-06-30,울산광역시,중구,병영2동,18727,9405,9322,18710,9390,9320,-17,-15,-2
3111064000,2026-06-30,울산광역시,중구,약사동,10354,5204,5150,10354,5208,5146,0,4,-4
3111065000,2026-06-30,울산광역시,중구,성안동,19772,10184,9588,19781,10204,9577,9,20,-11
3114051000,2026-06-30,울산광역시,남구,신정1동,18600,9321,9279,18645,9338,9307,45,17,28
3114052000,2026-06-30,울산광역시,남구,신정2동,25311,12828,12483,25603,12987,12616,292,159,133
3114053000,2026-06-30,울산광역시,남구,신정3동,15366,7797,7569,15382,7805,7577,16,8,8
3114054000,2026-06-30,울산광역시,남구,신정4동,19959,10009,9950,19950,10009,9941,-9,0,-9
3114055000,2026-06-30,울산광역시,남구,신정5동,9127,4879,4248,9131,4889,4242,4,10,-6
3114056000,2026-06-30,울산광역시,남구,달동,25776,13213,12563,25741,13207,12534,-35,-6,-29
3114057000,2026-06-30,울산광역시,남구,삼산동,47054,25158,21896,47027,25135,21892,-27,-23,-4
3114058500,2026-06-30,울산광역시,남구,삼호동,19713,10045,9668,19669,10034,9635,-44,-11,-33
3114059500,2026-06-30,울산광역시,남구,무거동,30507,15813,14694,30404,15758,14646,-103,-55,-48
3114060000,2026-06-30,울산광역시,남구,옥동,24590,12207,12383,24557,12172,12385,-33,-35,2
3114062500,2026-06-30,울산광역시,남구,대현동,31884,15999,15885,31818,15970,15848,-66,-29,-37
3114063500,2026-06-30,울산광역시,남구,수암동,15436,7671,7765,15385,7655,7730,-51,-16,-35
3114064000,2026-06-30,울산광역시,남구,선암동,12816,6588,6228,12792,6576,6216,-24,-12,-12
3114067000,2026-06-30,울산광역시,남구,야음장생포동,8246,4355,3891,8233,4347,3886,-13,-8,-5
3117051000,2026-06-30,울산광역시,동구,방어동,36401,19724,16677,36396,19706,16690,-5,-18,13
3117052000,2026-06-30,울산광역시,동구,일산동,5061,2785,2276,5062,2789,2273,1,4,-3
3117053000,2026-06-30,울산광역시,동구,화정동,17538,9052,8486,17513,9043,8470,-25,-9,-16
3117054000,2026-06-30,울산광역시,동구,대송동,10259,5432,4827,10264,5436,4828,5,4,1
3117055000,2026-06-30,울산광역시,동구,전하1동,15115,7843,7272,15101,7828,7273,-14,-15,1
3117056000,2026-06-30,울산광역시,동구,전하2동,18762,9550,9212,18765,9550,9215,3,0,3
3117058000,2026-06-30,울산광역시,동구,남목1동,7826,3999,3827,7801,3985,3816,-25,-14,-11
3117059000,2026-06-30,울산광역시,동구,남목2동,26251,13672,12579,26260,13682,12578,9,10,-1
3117060000,2026-06-30,울산광역시,동구,남목3동,10621,5382,5239,10594,5368,5226,-27,-14,-13
3120051000,2026-06-30,울산광역시,북구,농소1동,34947,17953,16994,34935,17953,16982,-12,0,-12
3120052000,2026-06-30,울산광역시,북구,농소2동,41694,21145,20549,41738,21155,20583,44,10,34
3120053000,2026-06-30,울산광역시,북구,농소3동,35116,17753,17363,35030,17709,17321,-86,-44,-42
3120054000,2026-06-30,울산광역시,북구,강동동,15777,8134,7643,15811,8158,7653,34,24,10
3120056000,2026-06-30,울산광역시,북구,효문동,28918,15806,13112,28879,15797,13082,-39,-9,-30
3120057000,2026-06-30,울산광역시,북구,송정동,35657,18043,17614,35646,18015,17631,-11,-28,17
3120058000,2026-06-30,울산광역시,북구,양정동,12053,7254,4799,12064,7261,4803,11,7,4
3120059000,2026-06-30,울산광역시,북구,염포동,9610,5277,4333,9582,5268,4314,-28,-9,-19
3171025000,2026-06-30,울산광역시,울주군,온산읍,18548,11125,7423,18483,11090,7393,-65,-35,-30
3171025300,2026-06-30,울산광역시,울주군,언양읍,29075,14487,14588,29079,14499,14580,4,12,-8
3171025600,2026-06-30,울산광역시,울주군,온양읍,27715,14551,13164,27734,14551,13183,19,0,19
3171025900,2026-06-30,울산광역시,울주군,범서읍,66818,33435,33383,66839,33471,33368,21,36,-15
3171026200,2026-06-30,울산광역시,울주군,청량읍,21994,11430,10564,22056,11451,10605,62,21,41
3171026500,2026-06-30,울산광역시,울주군,삼남읍,21911,11444,10467,21926,11448,10478,15,4,11
3171031000,2026-06-30,울산광역시,울주군,서생면,8379,4657,3722,8370,4650,3720,-9,-7,-2
3171034000,2026-06-30,울산광역시,울주군,웅촌면,7162,3655,3507,7162,3655,3507,0,0,0
3171036000,2026-06-30,울산광역시,울주군,두동면,4217,2172,2045,4203,2167,2036,-14,-5,-9
3171037000,2026-06-30,울산광역시,울주군,두서면,2885,1497,1388,2889,1498,1391,4,1,3
3171038000,2026-06-30,울산광역시,울주군,상북면,7865,3995,3870,7860,3995,3865,-5,0,-5
3171040000,2026-06-30,울산광역시,울주군,삼동면,1690,911,779,1684,907,777,-6,-4,-2
3611025000,2026-06-30,세종특별자치시,,조치원읍,41022,21435,19587,41023,21432,19591,1,-3,4
3611031000,2026-06-30,세종특별자치시,,연기면,2383,1355,1028,2384,1360,1024,1,5,-4
3611032000,2026-06-30,세종특별자치시,,연동면,2610,1368,1242,2604,1366,1238,-6,-2,-4
3611033000,2026-06-30,세종특별자치시,,부강면,5148,2870,2278,5156,2881,2275,8,11,-3
3611034000,2026-06-30,세종특별자치시,,금남면,8004,4277,3727,8015,4285,3730,11,8,3
3611035000,2026-06-30,세종특별자치시,,장군면,6544,3879,2665,6552,3879,2673,8,0,8
3611036000,2026-06-30,세종특별자치시,,연서면,6382,3513,2869,6322,3487,2835,-60,-26,-34
3611037000,2026-06-30,세종특별자치시,,전의면,4745,2543,2202,4742,2540,2202,-3,-3,0
3611038000,2026-06-30,세종특별자치시,,전동면,2910,1565,1345,2911,1562,1349,1,-3,4
3611039000,2026-06-30,세종특별자치시,,소정면,1886,1006,880,1865,993,872,-21,-13,-8
3611051000,2026-06-30,세종특별자치시,,한솔동,17650,8693,8957,17646,8688,8958,-4,-5,1
3611051500,2026-06-30,세종특별자치시,,새롬동,26231,12721,13510,26257,12750,13507,26,29,-3
3611051800,2026-06-30,세종특별자치시,,나성동,12983,6327,6656,12980,6319,6661,-3,-8,5
3611052000,2026-06-30,세종특별자치시,,도담동,24403,11776,12627,24406,11774,12632,3,-2,5
3611052300,2026-06-30,세종특별자치시,,어진동,11196,5561,5635,11202,5548,5654,6,-13,19
3611052500,2026-06-30,세종특별자치시,,해밀동,24074,11694,12380,24089,11703,12386,15,9,6
3611053000,2026-06-30,세종특별자치시,,아름동,22889,11344,11545,22892,11342,11550,3,-2,5
3611054000,2026-06-30,세종특별자치시,,종촌동,27281,13208,14073,27232,13177,14055,-49,-31,-18
3611055000,2026-06-30,세종특별자치시,,고운동,35187,17225,17962,35172,17204,17968,-15,-21,6
3611055500,2026-06-30,세종특별자치시,,소담동,21424,10429,10995,21401,10425,10976,-23,-4,-19
3611055600,2026-06-30,세종특별자치시,,반곡동,28529,14015,14514,28525,14008,14517,-4,-7,3
3611056000,2026-06-30,세종특별자치시,,보람동,18698,9222,9476,18684,9225,9459,-14,3,-17
3611057000,2026-06-30,세종특별자치시,,대평동,11023,5442,5581,11019,5434,5585,-4,-8,4
3611058000,2026-06-30,세종특별자치시,,다정동,27862,13352,14510,27844,13349,14495,-18,-3,-15
4111156000,2026-06-30,경기도,수원시 장안구,파장동,24532,12374,12158,24541,12387,12154,9,13,-4
4111156600,2026-06-30,경기도,수원시 장안구,율천동,39426,20892,18534,39370,20872,18498,-56,-20,-36
4111157100,2026-06-30,경기도,수원시 장안구,정자1동,33216,16277,16939,33216,16260,16956,0,-17,17
4111157200,2026-06-30,경기도,수원시 장안구,정자2동,38172,18591,19581,38138,18554,19584,-34,-37,3
4111157300,2026-06-30,경기도,수원시 장안구,정자3동,38194,19039,19155,38123,19011,19112,-71,-28,-43
4111158000,2026-06-30,경기도,수원시 장안구,영화동,17639,9051,8588,17643,9049,8594,4,-2,6
4111159100,2026-06-30,경기도,수원시 장안구,송죽동,17884,8866,9018,17892,8887,9005,8,21,-13
4111159700,2026-06-30,경기도,수원시 장안구,조원1동,27164,13665,13499,27094,13625,13469,-70,-40,-30
4111159800,2026-06-30,경기도,수원시 장안구,조원2동,17095,8119,8976,17063,8099,8964,-32,-20,-12
4111160000,2026-06-30,경기도,수원시 장안구,연무동,16923,8692,8231,16904,8660,8244,-19,-32,13
4111352000,2026-06-30,경기도,수원시 권선구,세류1동,9463,4737,4726,9504,4767,4737,41,30,11
4111353000,2026-06-30,경기도,수원시 권선구,세류2동,21807,11267,10540,21789,11258,10531,-18,-9,-9
4111354000,2026-06-30,경기도,수원시 권선구,세류3동,16860,8486,8374,16862,8478,8384,2,-8,10
4111355000,2026-06-30,경기도,수원시 권선구,평동,40886,20527,20359,40897,20522,20375,11,-5,16
4111356000,2026-06-30,경기도,수원시 권선구,서둔동,36634,18606,18028,36589,18580,18009,-45,-26,-19
4111365000,2026-06-30,경기도,수원시 권선구,구운동,22463,11429,11034,22441,11422,11019,-22,-7,-15
4111366200,2026-06-30,경기도,수원시 권선구,금곡동,44276,21647,22629,44262,21627,22635,-14,-20,6
4111366400,2026-06-30,경기도,수원시 권선구,호매실동,43715,21577,22138,43689,21554,22135,-26,-23,-3
4111367000,2026-06-30,경기도,수원시 권선구,권선1동,23944,12208,11736,23936,12224,11712,-8,16,-24
4111368000,2026-06-30,경기도,수원시 권선구,권선2동,46157,22537,23620,46151,22546,23605,-6,9,-15
4111369000,2026-06-30,경기도,수원시 권선구,곡선동,34448,18680,15768,34505,18690,15815,57,10,47
4111370000,2026-06-30,경기도,수원시 권선구,입북동,19690,9912,9778,19661,9898,9763,-29,-14,-15
4111565000,2026-06-30,경기도,수원시 팔달구,매교동,21835,11010,10825,21789,10982,10807,-46,-28,-18
4111566000,2026-06-30,경기도,수원시 팔달구,매산동,9786,5400,4386,9795,5397,4398,9,-3,12
4111567000,2026-06-30,경기도,수원시 팔달구,고등동,19138,9534,9604,19110,9507,9603,-28,-27,-1
4111568000,2026-06-30,경기도,수원시 팔달구,화서1동,20372,9803,10569,20359,9792,10567,-13,-11,-2
4111569000,2026-06-30,경기도,수원시 팔달구,화서2동,23724,11626,12098,23685,11604,12081,-39,-22,-17
4111570000,2026-06-30,경기도,수원시 팔달구,지동,11179,5694,5485,11298,5742,5556,119,48,71
4111571000,2026-06-30,경기도,수원시 팔달구,우만1동,17791,8840,8951,17791,8840,8951,0,0,0
4111572000,2026-06-30,경기도,수원시 팔달구,우만2동,15433,7752,7681,15422,7740,7682,-11,-12,1
4111573000,2026-06-30,경기도,수원시 팔달구,인계동,45171,22732,22439,45225,22769,22456,54,37,17
4111574000,2026-06-30,경기도,수원시 팔달구,행궁동,8935,4654,4281,8927,4644,4283,-8,-10,2
4111751000,2026-06-30,경기도,수원시 영통구,매탄1동,10058,5110,4948,10051,5098,4953,-7,-12,5
4111752000,2026-06-30,경기도,수원시 영통구,매탄2동,13260,6576,6684,13283,6594,6689,23,18,5
4111753000,2026-06-30,경기도,수원시 영통구,매탄3동,33750,17409,16341,33729,17387,16342,-21,-22,1
4111754000,2026-06-30,경기도,수원시 영통구,매탄4동,19255,9425,9830,19239,9417,9822,-16,-8,-8
4111755000,2026-06-30,경기도,수원시 영통구,원천동,45474,22866,22608,45513,22890,22623,39,24,15
4111757000,2026-06-30,경기도,수원시 영통구,영통1동,32293,15703,16590,32302,15710,16592,9,7,2
4111758000,2026-06-30,경기도,수원시 영통구,영통2동,25075,13227,11848,25012,13155,11857,-63,-72,9
4111758500,2026-06-30,경기도,수원시 영통구,영통3동,31300,16223,15077,31282,16217,15065,-18,-6,-12
4111759300,2026-06-30,경기도,수원시 영통구,망포1동,31230,15708,15522,31243,15708,15535,13,0,13
4111759600,2026-06-30,경기도,수원시 영통구,망포2동,38204,19003,19201,38209,18995,19214,5,-8,13
4111760000,2026-06-30,경기도,수원시 영통구,광교1동,53921,26359,27562,53864,26324,27540,-57,-35,-22
4111761000,2026-06-30,경기도,수원시 영통구,광교2동,28348,13561,14787,28372,13562,14810,24,1,23
4113151000,2026-06-30,경기도,성남시 수정구,신흥1동,11942,6386,5556,11914,6370,5544,-28,-16,-12
4113152000,2026-06-30,경기도,성남시 수정구,신흥2동,31566,15314,16252,31566,15329,16237,0,15,-15
4113153000,2026-06-30,경기도,성남시 수정구,신흥3동,10601,5712,4889,10616,5711,4905,15,-1,16
4113154000,2026-06-30,경기도,성남시 수정구,태평1동,13482,7026,6456,13475,7031,6444,-7,5,-12
4113155000,2026-06-30,경기도,성남시 수정구,태평2동,13547,6847,6700,13560,6856,6704,13,9,4
4113156000,2026-06-30,경기도,성남시 수정구,태평3동,11478,5895,5583,11457,5884,5573,-21,-11,-10
4113156100,2026-06-30,경기도,성남시 수정구,태평4동,10815,5565,5250,10767,5541,5226,-48,-24,-24
4113157000,2026-06-30,경기도,성남시 수정구,수진1동,10652,5682,4970,10605,5656,4949,-47,-26,-21
4113158000,2026-06-30,경기도,성남시 수정구,수진2동,14259,7201,7058,14273,7211,7062,14,10,4
4113159000,2026-06-30,경기도,성남시 수정구,단대동,14095,6893,7202,14090,6891,7199,-5,-2,-3
4113160000,2026-06-30,경기도,성남시 수정구,산성동,4381,2194,2187,4367,2185,2182,-14,-9,-5
4113161000,2026-06-30,경기도,성남시 수정구,양지동,8854,4321,4533,8866,4333,4533,12,12,0
4113162000,2026-06-30,경기도,성남시 수정구,복정동,13683,7494,6189,13753,7525,6228,70,31,39
4113162500,2026-06-30,경기도,성남시 수정구,위례동,45189,21830,23359,45104,21775,23329,-85,-55,-30
4113163000,2026-06-30,경기도,성남시 수정구,신촌동,4477,2367,2110,4932,2597,2335,455,230,225
4113164000,2026-06-30,경기도,성남시 수정구,고등동,11690,5732,5958,11688,5730,5958,-2,-2,0
4113165000,2026-06-30,경기도,성남시 수정구,시흥동,3617,1926,1691,3606,1915,1691,-11,-11,0
4113351000,2026-06-30,경기도,성남시 중원구,성남동,31844,16587,15257,31834,16597,15237,-10,10,-20
4113352500,2026-06-30,경기도,성남시 중원구,중앙동,16509,8404,8105,16519,8417,8102,10,13,-3
4113353000,2026-06-30,경기도,성남시 중원구,금광1동,19599,9623,9976,19629,9631,9998,30,8,22
4113354000,2026-06-30,경기도,성남시 중원구,금광2동,23086,11400,11686,22801,11240,11561,-285,-160,-125
4113355000,2026-06-30,경기도,성남시 중원구,은행1동,9266,4577,4689,9296,4578,4718,30,1,29
4113356000,2026-06-30,경기도,성남시 중원구,은행2동,19421,9561,9860,18717,9194,9523,-704,-367,-337
4113357000,2026-06-30,경기도,성남시 중원구,상대원1동,22315,11562,10753,22297,11575,10722,-18,13,-31
4113358000,2026-06-30,경기도,성남시 중원구,상대원2동,2891,1485,1406,2875,1475,1400,-16,-10,-6
4113359000,2026-06-30,경기도,성남시 중원구,상대원3동,11016,5807,5209,11041,5818,5223,25,11,14
4113366000,2026-06-30,경기도,성남시 중원구,하대원동,19470,9743,9727,19480,9744,9736,10,1,9
4113367000,2026-06-30,경기도,성남시 중원구,도촌동,25634,12362,13272,25575,12346,13229,-59,-16,-43
4113551000,2026-06-30,경기도,성남시 분당구,분당동,24380,11946,12434,24368,11926,12442,-12,-20,8
4113552000,2026-06-30,경기도,성남시 분당구,수내1동,17830,8524,9306,17897,8542,9355,67,18,49
4113553000,2026-06-30,경기도,성남시 분당구,수내2동,10290,5040,5250,10261,5028,5233,-29,-12,-17
4113554000,2026-06-30,경기도,성남시 분당구,수내3동,13173,6522,6651,13204,6532,6672,31,10,21
4113554500,2026-06-30,경기도,성남시 분당구,정자동,13700,6955,6745,13707,6955,6752,7,0,7
4113555000,2026-06-30,경기도,성남시 분당구,정자1동,30386,14363,16023,30320,14318,16002,-66,-45,-21
4113556000,2026-06-30,경기도,성남시 분당구,정자2동,13092,6238,6854,12624,6015,6609,-468,-223,-245
4113557000,2026-06-30,경기도,성남시 분당구,정자3동,16509,7957,8552,16508,7960,8548,-1,3,-4
4113558000,2026-06-30,경기도,성남시 분당구,서현1동,30571,14818,15753,30508,14793,15715,-63,-25,-38
4113559000,2026-06-30,경기도,성남시 분당구,서현2동,17152,8423,8729,17161,8433,8728,9,10,-1
4113560000,2026-06-30,경기도,성남시 분당구,이매1동,24530,11982,12548,24471,11948,12523,-59,-34,-25
4113561000,2026-06-30,경기도,성남시 분당구,이매2동,12754,6236,6518,12782,6244,6538,28,8,20
4113562000,2026-06-30,경기도,성남시 분당구,야탑1동,16544,8154,8390,16499,8128,8371,-45,-26,-19
4113563000,2026-06-30,경기도,성남시 분당구,야탑2동,15528,7359,8169,15494,7350,8144,-34,-9,-25
4113564000,2026-06-30,경기도,성남시 분당구,야탑3동,26610,13089,13521,26567,13057,13510,-43,-32,-11
4113565000,2026-06-30,경기도,성남시 분당구,판교동,26301,12926,13375,26293,12925,13368,-8,-1,-7
4113565500,2026-06-30,경기도,성남시 분당구,삼평동,23494,11373,12121,23486,11366,12120,-8,-7,-1
4113565700,2026-06-30,경기도,성남시 분당구,백현동,26206,12479,13727,26145,12457,13688,-61,-22,-39
4113566200,2026-06-30,경기도,성남시 분당구,금곡동,26674,12577,14097,26646,12560,14086,-28,-17,-11
4113566500,2026-06-30,경기도,성남시 분당구,구미1동,16071,7752,8319,16069,7753,8316,-2,1,-3
4113567000,2026-06-30,경기도,성남시 분당구,구미동,27843,13109,14734,27830,13113,14717,-13,4,-17
4113568000,2026-06-30,경기도,성남시 분당구,운중동,38730,18831,19899,38801,18868,19933,71,37,34
4115051000,2026-06-30,경기도,의정부시,의정부1동,38061,19167,18894,38049,19144,18905,-12,-23,11
4115052000,2026-06-30,경기도,의정부시,의정부2동,29610,14793,14817,29579,14783,14796,-31,-10,-21
4115054500,2026-06-30,경기도,의정부시,호원1동,33099,15950,17149,33078,15943,17135,-21,-7,-14
4115055500,2026-06-30,경기도,의정부시,호원2동,32140,15396,16744,32321,15482,16839,181,86,95
4115056100,2026-06-30,경기도,의정부시,장암동,18215,8666,9549,18227,8669,9558,12,3,9
4115056700,2026-06-30,경기도,의정부시,신곡1동,41276,20150,21126,41226,20124,21102,-50,-26,-24
4115056800,2026-06-30,경기도,의정부시,신곡2동,43531,20972,22559,43486,20946,22540,-45,-26,-19
4115057300,2026-06-30,경기도,의정부시,송산1동,31368,15355,16013,31377,15349,16028,9,-6,15
4115057600,2026-06-30,경기도,의정부시,송산2동,30663,15191,15472,30696,15192,15504,33,1,32
4115057800,2026-06-30,경기도,의정부시,송산3동,44559,21549,23010,44544,21540,23004,-15,-9,-6
4115058000,2026-06-30,경기도,의정부시,자금동,26399,12846,13553,26458,12893,13565,59,47,12
4115059500,2026-06-30,경기도,의정부시,가능동,25684,12861,12823,25663,12843,12820,-21,-18,-3
4115061500,2026-06-30,경기도,의정부시,흥선동,17837,9072,8765,17764,9033,8731,-73,-39,-34
4115062000,2026-06-30,경기도,의정부시,녹양동,18767,9289,9478,18730,9267,9463,-37,-22,-15
4115063000,2026-06-30,경기도,의정부시,고산동,30607,15283,15324,30719,15342,15377,112,59,53
4117151000,2026-06-30,경기도,안양시 만안구,안양1동,18793,9337,9456,18887,9369,9518,94,32,62
4117152000,2026-06-30,경기도,안양시 만안구,안양2동,22102,11055,11047,22069,11037,11032,-33,-18,-15
4117153000,2026-06-30,경기도,안양시 만안구,안양3동,14697,7237,7460,14673,7233,7440,-24,-4,-20
4117154000,2026-06-30,경기도,안양시 만안구,안양4동,6576,3256,3320,6606,3273,3333,30,17,13
4117155000,2026-06-30,경기도,안양시 만안구,안양5동,14585,7202,7383,14560,7194,7366,-25,-8,-17
4117156000,2026-06-30,경기도,안양시 만안구,안양6동,27101,13593,13508,27170,13647,13523,69,54,15
4117157000,2026-06-30,경기도,안양시 만안구,안양7동,14602,7193,7409,14611,7200,7411,9,7,2
4117158000,2026-06-30,경기도,안양시 만안구,안양8동,7817,4031,3786,7804,4021,3783,-13,-10,-3
4117158100,2026-06-30,경기도,안양시 만안구,안양9동,15492,7627,7865,15493,7624,7869,1,-3,4
4117159000,2026-06-30,경기도,안양시 만안구,석수1동,18161,8838,9323,18106,8825,9281,-55,-13,-42
4117160000,2026-06-30,경기도,안양시 만안구,석수2동,28685,14322,14363,29063,14503,14560,378,181,197
4117161100,2026-06-30,경기도,안양시 만안구,충훈동,11609,5911,5698,11557,5883,5674,-52,-28,-24
4117164000,2026-06-30,경기도,안양시 만안구,박달동,13256,6625,6631,13220,6619,6601,-36,-6,-30
4117165000,2026-06-30,경기도,안양시 만안구,호현동,19939,9910,10029,19892,9884,10008,-47,-26,-21
4117351000,2026-06-30,경기도,안양시 동안구,비산1동,28128,13613,14515,28103,13612,14491,-25,-1,-24
4117352000,2026-06-30,경기도,안양시 동안구,비산2동,12904,6318,6586,12899,6309,6590,-5,-9,4
4117353000,2026-06-30,경기도,안양시 동안구,비산3동,17868,8869,8999,17839,8865,8974,-29,-4,-25
4117354000,2026-06-30,경기도,안양시 동안구,부흥동,15794,7560,8234,15778,7547,8231,-16,-13,-3
4117354600,2026-06-30,경기도,안양시 동안구,달안동,9359,4177,5182,9346,4160,5186,-13,-17,4
4117355200,2026-06-30,경기도,안양시 동안구,관양동,31907,15598,16309,31816,15554,16262,-91,-44,-47
4117355900,2026-06-30,경기도,안양시 동안구,인덕원동,17947,9193,8754,17902,9194,8708,-45,1,-46
4117356600,2026-06-30,경기도,안양시 동안구,부림동,26419,12786,13633,26430,12765,13665,11,-21,32
4117357000,2026-06-30,경기도,안양시 동안구,평촌동,14800,7274,7526,14764,7246,7518,-36,-28,-8
4117357600,2026-06-30,경기도,안양시 동안구,평안동,22286,10878,11408,22269,10887,11382,-17,9,-26
4117357800,2026-06-30,경기도,안양시 동안구,귀인동,15946,7889,8057,15937,7882,8055,-9,-7,-2
4117358000,2026-06-30,경기도,안양시 동안구,호계1동,27079,13501,13578,27070,13494,13576,-9,-7,-2
4117359000,2026-06-30,경기도,안양시 동안구,호계2동,27180,13221,13959,27199,13218,13981,19,-3,22
4117360000,2026-06-30,경기도,안양시 동안구,호계3동,23936,11973,11963,23894,11944,11950,-42,-29,-13
4117361000,2026-06-30,경기도,안양시 동안구,범계동,14899,7173,7726,14892,7162,7730,-7,-11,4
4117362000,2026-06-30,경기도,안양시 동안구,신촌동,12167,5898,6269,12186,5900,6286,19,2,17
4117363000,2026-06-30,경기도,안양시 동안구,갈산동,10307,5007,5300,10270,4995,5275,-37,-12,-25
4119251000,2026-06-30,경기도,부천시 원미구,심곡1동,11835,6092,5743,11921,6129,5792,86,37,49
4119252000,2026-06-30,경기도,부천시 원미구,심곡2동,18419,9602,8817,18229,9494,8735,-190,-108,-82
4119253000,2026-06-30,경기도,부천시 원미구,심곡3동,10542,5374,5168,10570,5389,5181,28,15,13
4119254000,2026-06-30,경기도,부천시 원미구,원미1동,16333,8195,8138,16171,8102,8069,-162,-93,-69
4119255000,2026-06-30,경기도,부천시 원미구,원미2동,10946,5445,5501,10965,5453,5512,19,8,11
4119256000,2026-06-30,경기도,부천시 원미구,소사동,5735,2741,2994,5763,2753,3010,28,12,16
4119257000,2026-06-30,경기도,부천시 원미구,역곡1동,15962,7778,8184,15976,7774,8202,14,-4,18
4119258000,2026-06-30,경기도,부천시 원미구,역곡2동,16278,7935,8343,16220,7911,8309,-58,-24,-34
4119259000,2026-06-30,경기도,부천시 원미구,춘의동,13316,6647,6669,13324,6652,6672,8,5,3
4119260000,2026-06-30,경기도,부천시 원미구,도당동,19673,9983,9690,19630,9955,9675,-43,-28,-15
4119261000,2026-06-30,경기도,부천시 원미구,약대동,16868,8431,8437,16912,8454,8458,44,23,21
4119262000,2026-06-30,경기도,부천시 원미구,중동,21090,10315,10775,21046,10296,10750,-44,-19,-25
4119263000,2026-06-30,경기도,부천시 원미구,중1동,40307,19523,20784,40376,19537,20839,69,14,55
4119264000,2026-06-30,경기도,부천시 원미구,중2동,29094,14018,15076,29125,14039,15086,31,21,10
4119265000,2026-06-30,경기도,부천시 원미구,중3동,21488,10026,11462,21529,10050,11479,41,24,17
4119266000,2026-06-30,경기도,부천시 원미구,중4동,16706,7626,9080,16480,7496,8984,-226,-130,-96
4119267000,2026-06-30,경기도,부천시 원미구,상동,17314,8514,8800,17345,8537,8808,31,23,8
4119268000,2026-06-30,경기도,부천시 원미구,상1동,23304,11157,12147,23282,11153,12129,-22,-4,-18
4119269000,2026-06-30,경기도,부천시 원미구,상2동,27592,13430,14162,27525,13378,14147,-67,-52,-15
4119270000,2026-06-30,경기도,부천시 원미구,상3동,29890,14625,15265,29950,14655,15295,60,30,30
4119451000,2026-06-30,경기도,부천시 소사구,심곡본1동,15207,7642,7565,15037,7551,7486,-170,-91,-79
4119452000,2026-06-30,경기도,부천시 소사구,심곡본동,13804,6747,7057,13845,6767,7078,41,20,21
4119453000,2026-06-30,경기도,부천시 소사구,소사본동,25874,12783,13091,25844,12765,13079,-30,-18,-12
4119454000,2026-06-30,경기도,부천시 소사구,소사본1동,27226,13217,14009,27169,13193,13976,-57,-24,-33
4119455000,2026-06-30,경기도,부천시 소사구,범박동,28216,13775,14441,28267,13801,14466,51,26,25
4119456000,2026-06-30,경기도,부천시 소사구,옥길동,30944,15258,15686,30935,15232,15703,-9,-26,17
4119457000,2026-06-30,경기도,부천시 소사구,괴안동,18115,8792,9323,18073,8765,9308,-42,-27,-15
4119458000,2026-06-30,경기도,부천시 소사구,역곡3동,21815,10445,11370,21818,10456,11362,3,11,-8
4119459000,2026-06-30,경기도,부천시 소사구,송내1동,19650,9501,10149,19655,9504,10151,5,3,2
4119460000,2026-06-30,경기도,부천시 소사구,송내2동,23548,11532,12016,23559,11532,12027,11,0,11
4119651000,2026-06-30,경기도,부천시 오정구,성곡동,37182,18461,18721,36983,18348,18635,-199,-113,-86
4119652000,2026-06-30,경기도,부천시 오정구,원종1동,23523,11711,11812,23795,11852,11943,272,141,131
4119653000,2026-06-30,경기도,부천시 오정구,원종2동,17040,8453,8587,17068,8465,8603,28,12,16
4119654000,2026-06-30,경기도,부천시 오정구,고강본동,24524,12317,12207,24571,12352,12219,47,35,12
4119655000,2026-06-30,경기도,부천시 오정구,고강1동,11866,5838,6028,11800,5802,5998,-66,-36,-30
4119656000,2026-06-30,경기도,부천시 오정구,오정동,18468,9586,8882,18326,9506,8820,-142,-80,-62
4119657000,2026-06-30,경기도,부천시 오정구,신흥동,16343,8588,7755,16369,8595,7774,26,7,19
4121051000,2026-06-30,경기도,광명시,광명1동,16009,7833,8176,16103,7872,8231,94,39,55
4121052000,2026-06-30,경기도,광명시,광명2동,6973,3382,3591,7052,3416,3636,79,34,45
4121054000,2026-06-30,경기도,광명시,광명3동,8939,4335,4604,8886,4294,4592,-53,-41,-12
4121055000,2026-06-30,경기도,광명시,광명4동,7159,3516,3643,7122,3491,3631,-37,-25,-12
4121056000,2026-06-30,경기도,광명시,광명5동,11270,5489,5781,11276,5498,5778,6,9,-3
4121057000,2026-06-30,경기도,광명시,광명6동,12422,6034,6388,12410,6035,6375,-12,1,-13
4121058000,2026-06-30,경기도,광명시,광명7동,25190,12341,12849,25172,12324,12848,-18,-17,-1
4121059000,2026-06-30,경기도,광명시,철산1동,9882,4899,4983,9888,4906,4982,6,7,-1
4121060000,2026-06-30,경기도,광명시,철산2동,18966,9619,9347,19111,9692,9419,145,73,72
4121061000,2026-06-30,경기도,광명시,철산3동,35120,17102,18018,35116,17087,18029,-4,-15,11
4121062000,2026-06-30,경기도,광명시,철산4동,8870,4340,4530,8877,4345,4532,7,5,2
4121063100,2026-06-30,경기도,광명시,하안1동,24134,12029,12105,24128,12033,12095,-6,4,-10
4121063200,2026-06-30,경기도,광명시,하안2동,12389,5777,6612,12375,5770,6605,-14,-7,-7
4121063300,2026-06-30,경기도,광명시,하안3동,17987,8509,9478,17929,8479,9450,-58,-30,-28
4121063400,2026-06-30,경기도,광명시,하안4동,11167,5393,5774,11175,5389,5786,8,-4,12
4121064000,2026-06-30,경기도,광명시,소하1동,28931,13978,14953,28933,13979,14954,2,1,1
4121065000,2026-06-30,경기도,광명시,소하2동,25343,12563,12780,25401,12590,12811,58,27,31
4121065500,2026-06-30,경기도,광명시,일직동,21100,10533,10567,21094,10539,10555,-6,6,-12
4121066000,2026-06-30,경기도,광명시,학온동,1628,915,713,1618,909,709,-10,-6,-4
4122025000,2026-06-30,경기도,평택시,팽성읍,26997,14150,12847,26999,14160,12839,2,10,-8
4122025300,2026-06-30,경기도,평택시,안중읍,40657,21249,19408,40712,21299,19413,55,50,5
4122025600,2026-06-30,경기도,평택시,포승읍,21175,13210,7965,21171,13221,7950,-4,11,-15
4122025900,2026-06-30,경기도,평택시,청북읍,25831,14020,11811,25892,14042,11850,61,22,39
4122031000,2026-06-30,경기도,평택시,진위면,10627,5925,4702,10639,5942,4697,12,17,-5
4122032000,2026-06-30,경기도,평택시,서탄면,3301,1835,1466,3300,1840,1460,-1,5,-6
4122033000,2026-06-30,경기도,평택시,고덕면,12832,7053,5779,12812,7052,5760,-20,-1,-19
4122034000,2026-06-30,경기도,평택시,오성면,6014,3216,2798,5987,3203,2784,-27,-13,-14
4122037000,2026-06-30,경기도,평택시,현덕면,15263,7981,7282,15865,8305,7560,602,324,278
4122051000,2026-06-30,경기도,평택시,중앙동,45295,23949,21346,45272,23933,21339,-23,-16,-7
4122052000,2026-06-30,경기도,평택시,서정동,24464,12779,11685,24537,12833,11704,73,54,19
4122053500,2026-06-30,경기도,평택시,송탄동,24864,12908,11956,25172,13069,12103,308,161,147
4122055000,2026-06-30,경기도,평택시,지산동,12121,6868,5253,12157,6902,5255,36,34,2
4122056000,2026-06-30,경기도,평택시,송북동,20331,10263,10068,20334,10263,10071,3,0,3
4122057000,2026-06-30,경기도,평택시,신장1동,6618,3421,3197,6636,3427,3209,18,6,12
4122058000,2026-06-30,경기도,평택시,신장2동,4591,2550,2041,4581,2555,2026,-10,5,-15
4122059000,2026-06-30,경기도,평택시,신평동,19374,10375,8999,19418,10394,9024,44,19,25
4122060000,2026-06-30,경기도,평택시,원평동,12612,6750,5862,12627,6766,5861,15,16,-1
4122061000,2026-06-30,경기도,평택시,통복동,6737,3520,3217,6745,3533,3212,8,13,-5
4122062000,2026-06-30,경기도,평택시,비전1동,50353,25180,25173,50406,25211,25195,53,31,22
4122063000,2026-06-30,경기도,평택시,비전2동,55819,27473,28346,55821,27482,28339,2,9,-7
4122063500,2026-06-30,경기도,평택시,용이동,25398,13554,11844,25412,13568,11844,14,14,0
4122064000,2026-06-30,경기도,평택시,세교동,37403,19002,18401,37460,19056,18404,57,54,3
4122065000,2026-06-30,경기도,평택시,동삭동,43353,22699,20654,43388,22735,20653,35,36,-1
4122066000,2026-06-30,경기도,평택시,고덕동,66204,35083,31121,66327,35146,31181,123,63,60
4125051000,2026-06-30,경기도,동두천시,생연1동,5984,3021,2963,5982,3026,2956,-2,5,-7
4125052000,2026-06-30,경기도,동두천시,생연2동,10457,5085,5372,10465,5087,5378,8,2,6
4125053500,2026-06-30,경기도,동두천시,중앙동,4240,2170,2070,4240,2174,2066,0,4,-4
4125055000,2026-06-30,경기도,동두천시,보산동,2499,1259,1240,2503,1260,1243,4,1,3
4125056500,2026-06-30,경기도,동두천시,불현동,25113,12359,12754,25096,12360,12736,-17,1,-18
4125056600,2026-06-30,경기도,동두천시,송내동,25445,12443,13002,25461,12425,13036,16,-18,34
4125058000,2026-06-30,경기도,동두천시,소요동,8035,4218,3817,8051,4224,3827,16,6,10
4125060000,2026-06-30,경기도,동두천시,상패동,4470,2407,2063,4467,2417,2050,-3,10,-13
4127151000,2026-06-30,경기도,안산시 상록구,일동,22107,11321,10786,22086,11299,10787,-21,-22,1
4127151500,2026-06-30,경기도,안산시 상록구,이동,22225,12126,10099,22230,12127,10103,5,1,4
4127152500,2026-06-30,경기도,안산시 상록구,사동,28706,15175,13531,28697,15156,13541,-9,-19,10
4127153200,2026-06-30,경기도,안산시 상록구,사이동,29559,14952,14607,29510,14924,14586,-49,-28,-21
4127153700,2026-06-30,경기도,안산시 상록구,해양동,39191,19626,19565,39152,19579,19573,-39,-47,8
4127154000,2026-06-30,경기도,안산시 상록구,본오1동,33855,17537,16318,33820,17529,16291,-35,-8,-27
4127155000,2026-06-30,경기도,안산시 상록구,본오2동,23673,11668,12005,23639,11673,11966,-34,5,-39
4127156000,2026-06-30,경기도,안산시 상록구,본오3동,17623,8800,8823,17620,8795,8825,-3,-5,2
4127157000,2026-06-30,경기도,안산시 상록구,부곡동,19702,10154,9548,19691,10138,9553,-11,-16,5
4127158000,2026-06-30,경기도,안산시 상록구,월피동,34609,17704,16905,34601,17716,16885,-8,12,-20
4127159000,2026-06-30,경기도,안산시 상록구,성포동,24010,11716,12294,23972,11691,12281,-38,-25,-13
4127160000,2026-06-30,경기도,안산시 상록구,반월동,17784,8961,8823,17778,8952,8826,-6,-9,3
4127161000,2026-06-30,경기도,안산시 상록구,안산동,7995,4209,3786,7977,4197,3780,-18,-12,-6
4127351000,2026-06-30,경기도,안산시 단원구,와동,34778,18581,16197,34758,18576,16182,-20,-5,-15
4127352500,2026-06-30,경기도,안산시 단원구,고잔동,19439,9625,9814,19414,9618,9796,-25,-7,-18
4127353200,2026-06-30,경기도,안산시 단원구,중앙동,23518,11674,11844,23517,11670,11847,-1,-4,3
4127353500,2026-06-30,경기도,안산시 단원구,호수동,41556,20935,20621,41488,20925,20563,-68,-10,-58
4127354500,2026-06-30,경기도,안산시 단원구,원곡동,5377,3037,2340,5377,3037,2340,0,0,0
4127355500,2026-06-30,경기도,안산시 단원구,백운동,23676,11858,11818,23709,11862,11847,33,4,29
4127356500,2026-06-30,경기도,안산시 단원구,신길동,20287,10837,9450,20231,10807,9424,-56,-30,-26
4127357000,2026-06-30,경기도,안산시 단원구,초지동,46056,23550,22506,46057,23539,22518,1,-11,12
4127358000,2026-06-30,경기도,안산시 단원구,선부1동,16521,8391,8130,16491,8378,8113,-30,-13,-17
4127359000,2026-06-30,경기도,안산시 단원구,선부2동,16991,9035,7956,16950,9000,7950,-41,-35,-6
4127360000,2026-06-30,경기도,안산시 단원구,선부3동,31342,16076,15266,31323,16077,15246,-19,1,-20
4127361000,2026-06-30,경기도,안산시 단원구,대부동,9132,4731,4401,9152,4740,4412,20,9,11
4128151000,2026-06-30,경기도,고양시 덕양구,주교동,10133,5267,4866,10113,5255,4858,-20,-12,-8
4128152000,2026-06-30,경기도,고양시 덕양구,원신동,22265,10572,11693,22278,10581,11697,13,9,4
4128153000,2026-06-30,경기도,고양시 덕양구,흥도동,29356,14436,14920,29367,14445,14922,11,9,2
4128154000,2026-06-30,경기도,고양시 덕양구,성사1동,23689,11782,11907,23675,11776,11899,-14,-6,-8
4128155000,2026-06-30,경기도,고양시 덕양구,성사2동,10129,4826,5303,10101,4813,5288,-28,-13,-15
4128156000,2026-06-30,경기도,고양시 덕양구,효자동,26334,12836,13498,26307,12816,13491,-27,-20,-7
4128157600,2026-06-30,경기도,고양시 덕양구,삼송1동,22148,10586,11562,22180,10606,11574,32,20,12
4128157700,2026-06-30,경기도,고양시 덕양구,삼송2동,27898,12792,15106,27866,12784,15082,-32,-8,-24
4128158000,2026-06-30,경기도,고양시 덕양구,창릉동,22688,10995,11693,22708,11005,11703,20,10,10
4128159000,2026-06-30,경기도,고양시 덕양구,고양동,26951,13507,13444,26927,13504,13423,-24,-3,-21
4128160000,2026-06-30,경기도,고양시 덕양구,관산동,32894,16665,16229,32905,16674,16231,11,9,2
4128161000,2026-06-30,경기도,고양시 덕양구,능곡동,16922,8528,8394,16886,8508,8378,-36,-20,-16
4128162100,2026-06-30,경기도,고양시 덕양구,화정1동,34631,16729,17902,34696,16770,17926,65,41,24
4128162200,2026-06-30,경기도,고양시 덕양구,화정2동,31284,15017,16267,31254,15004,16250,-30,-13,-17
4128163000,2026-06-30,경기도,고양시 덕양구,행주동,11695,6173,5522,11690,6177,5513,-5,4,-9
4128164000,2026-06-30,경기도,고양시 덕양구,행신1동,19712,9537,10175,19679,9523,10156,-33,-14,-19
4128165000,2026-06-30,경기도,고양시 덕양구,행신2동,29217,14111,15106,29213,14108,15105,-4,-3,-1
4128165500,2026-06-30,경기도,고양시 덕양구,행신3동,22075,10391,11684,22024,10357,11667,-51,-34,-17
4128165600,2026-06-30,경기도,고양시 덕양구,행신4동,18649,9425,9224,18588,9384,9204,-61,-41,-20
4128166000,2026-06-30,경기도,고양시 덕양구,화전동,27690,13816,13874,27674,13801,13873,-16,-15,-1
4128167000,2026-06-30,경기도,고양시 덕양구,대덕동,16907,8541,8366,16917,8545,8372,10,4,6
4128551000,2026-06-30,경기도,고양시 일산동구,식사동,40241,19558,20683,40217,19534,20683,-24,-24,0
4128552500,2026-06-30,경기도,고양시 일산동구,중산1동,19811,9509,10302,19790,9496,10294,-21,-13,-8
4128552600,2026-06-30,경기도,고양시 일산동구,중산2동,22658,10826,11832,22672,10816,11856,14,-10,24
4128553000,2026-06-30,경기도,고양시 일산동구,정발산동,20962,10087,10875,21012,10113,10899,50,26,24
4128554000,2026-06-30,경기도,고양시 일산동구,풍산동,42183,20325,21858,42192,20329,21863,9,4,5
4128555100,2026-06-30,경기도,고양시 일산동구,백석1동,27980,13280,14700,28015,13299,14716,35,19,16
4128555200,2026-06-30,경기도,고양시 일산동구,백석2동,19770,9400,10370,19779,9417,10362,9,17,-8
4128556000,2026-06-30,경기도,고양시 일산동구,마두1동,22274,10621,11653,22255,10607,11648,-19,-14,-5
4128557000,2026-06-30,경기도,고양시 일산동구,마두2동,15111,7049,8062,15066,7033,8033,-45,-16,-29
4128558000,2026-06-30,경기도,고양시 일산동구,장항1동,19650,9802,9848,19921,9924,9997,271,122,149
4128559000,2026-06-30,경기도,고양시 일산동구,장항2동,26519,12942,13577,26597,12978,13619,78,36,42
4128560000,2026-06-30,경기도,고양시 일산동구,고봉동,20736,10887,9849,20753,10889,9864,17,2,15
4128751000,2026-06-30,경기도,고양시 일산서구,일산1동,24457,11707,12750,24385,11675,12710,-72,-32,-40
4128752000,2026-06-30,경기도,고양시 일산서구,일산2동,18408,9074,9334,18430,9098,9332,22,24,-2
4128753000,2026-06-30,경기도,고양시 일산서구,일산3동,32880,15727,17153,32852,15722,17130,-28,-5,-23
4128754500,2026-06-30,경기도,고양시 일산서구,탄현1동,28847,14223,14624,28836,14208,14628,-11,-15,4
4128754600,2026-06-30,경기도,고양시 일산서구,탄현2동,18298,8727,9571,18300,8736,9564,2,9,-7
4128755000,2026-06-30,경기도,고양시 일산서구,주엽1동,25677,11976,13701,25681,11971,13710,4,-5,9
4128756000,2026-06-30,경기도,고양시 일산서구,주엽2동,26190,12140,14050,26123,12111,14012,-67,-29,-38
4128757000,2026-06-30,경기도,고양시 일산서구,대화동,33240,16135,17105,33234,16138,17096,-6,3,-9
4128758000,2026-06-30,경기도,고양시 일산서구,송포동,19854,9742,10112,19827,9730,10097,-27,-12,-15
4128760000,2026-06-30,경기도,고양시 일산서구,덕이동,30424,14852,15572,30433,14854,15579,9,2,7
4128761000,2026-06-30,경기도,고양시 일산서구,가좌동,18034,8892,9142,18020,8885,9135,-14,-7,-7
4129051000,2026-06-30,경기도,과천시,중앙동,11436,5491,5945,11439,5493,5946,3,2,1
4129051500,2026-06-30,경기도,과천시,원문동,16207,7836,8371,16171,7831,8340,-36,-5,-31
4129052000,2026-06-30,경기도,과천시,갈현동,18833,9252,9581,19429,9525,9904,596,273,323
4129053000,2026-06-30,경기도,과천시,별양동,12445,5999,6446,12440,5993,6447,-5,-6,1
4129054000,2026-06-30,경기도,과천시,부림동,8838,4296,4542,8833,4293,4540,-5,-3,-2
4129055000,2026-06-30,경기도,과천시,과천동,5934,3012,2922,5876,2992,2884,-58,-20,-38
4129056000,2026-06-30,경기도,과천시,문원동,6691,3240,3451,6644,3225,3419,-47,-15,-32
4131051000,2026-06-30,경기도,구리시,갈매동,30407,14968,15439,30424,14998,15426,17,30,-13
4131052000,2026-06-30,경기도,구리시,동구동,34654,16851,17803,34630,16841,17789,-24,-10,-14
4131053000,2026-06-30,경기도,구리시,인창동,25776,12520,13256,26125,12694,13431,349,174,175
4131054100,2026-06-30,경기도,구리시,교문1동,14585,7559,7026,14597,7575,7022,12,16,-4
4131054200,2026-06-30,경기도,구리시,교문2동,20472,9944,10528,20439,9932,10507,-33,-12,-21
4131057000,2026-06-30,경기도,구리시,수택1동,16809,8435,8374,16810,8439,8371,1,4,-3
4131058000,2026-06-30,경기도,구리시,수택2동,23942,11940,12002,23968,11940,12028,26,0,26
4131059000,2026-06-30,경기도,구리시,수택3동,20818,10579,10239,20789,10559,10230,-29,-20,-9
4136025000,2026-06-30,경기도,남양주시,와부읍,59420,29112,30308,59381,29081,30300,-39,-31,-8
4136025300,2026-06-30,경기도,남양주시,진접읍,94461,47309,47152,94400,47289,47111,-61,-20,-41
4136025600,2026-06-30,경기도,남양주시,화도읍,63415,31597,31818,63405,31596,31809,-10,-1,-9
4136025700,2026-06-30,경기도,남양주시,화도읍동부출장소,12901,6496,6405,12932,6515,6417,31,19,12
4136025800,2026-06-30,경기도,남양주시,화도읍남부출장소,35170,17567,17603,35150,17555,17595,-20,-12,-8
4136025900,2026-06-30,경기도,남양주시,진건읍,19468,10047,9421,19406,9997,9409,-62,-50,-12
4136026200,2026-06-30,경기도,남양주시,오남읍,50342,25045,25297,50310,25046,25264,-32,1,-33
4136026500,2026-06-30,경기도,남양주시,퇴계원읍,26059,12894,13165,26035,12871,13164,-24,-23,-1
4136031000,2026-06-30,경기도,남양주시,별내면,17706,8807,8899,17703,8808,8895,-3,1,-4
4136034000,2026-06-30,경기도,남양주시,수동면,8446,4414,4032,8430,4406,4024,-16,-8,-8
4136036000,2026-06-30,경기도,남양주시,조안면,3663,1871,1792,3651,1864,1787,-12,-7,-5
4136051000,2026-06-30,경기도,남양주시,호평동,55418,26865,28553,55313,26801,28512,-105,-64,-41
4136052000,2026-06-30,경기도,남양주시,평내동,37277,18272,19005,37275,18267,19008,-2,-5,3
4136053000,2026-06-30,경기도,남양주시,금곡동,16797,8555,8242,16780,8551,8229,-17,-4,-13
4136054000,2026-06-30,경기도,남양주시,양정동,2099,1251,848,2085,1245,840,-14,-6,-8
4136054500,2026-06-30,경기도,남양주시,다산1동,105633,51344,54289,105647,51338,54309,14,-6,20
4136056500,2026-06-30,경기도,남양주시,다산2동,36500,17758,18742,36574,17796,18778,74,38,36
4136057000,2026-06-30,경기도,남양주시,별내동,82942,40170,42772,82963,40173,42790,21,3,18
4137051000,2026-06-30,경기도,오산시,중앙동,32793,16444,16349,32800,16456,16344,7,12,-5
4137052300,2026-06-30,경기도,오산시,대원1동,44952,23372,21580,44986,23394,21592,34,22,12
4137052600,2026-06-30,경기도,오산시,대원2동,24430,12786,11644,24398,12777,11621,-32,-9,-23
4137053000,2026-06-30,경기도,오산시,남촌동,30954,17766,13188,31708,18145,13563,754,379,375
4137054300,2026-06-30,경기도,오산시,신장1동,35416,17974,17442,35330,17943,17387,-86,-31,-55
4137054600,2026-06-30,경기도,오산시,신장2동,22617,11608,11009,22559,11578,10981,-58,-30,-28
4137055000,2026-06-30,경기도,오산시,세마동,32018,16515,15503,31898,16442,15456,-120,-73,-47
4137056000,2026-06-30,경기도,오산시,초평동,29234,15248,13986,29911,15625,14286,677,377,300
4139051000,2026-06-30,경기도,시흥시,대야동,41284,20769,20515,41235,20732,20503,-49,-37,-12
4139052000,2026-06-30,경기도,시흥시,신천동,32150,16539,15611,32113,16508,15605,-37,-31,-6
4139053100,2026-06-30,경기도,시흥시,신현동,8749,4645,4104,8748,4644,4104,-1,-1,0
4139054000,2026-06-30,경기도,시흥시,은행동,57490,28568,28922,57507,28583,28924,17,15,2
4139055000,2026-06-30,경기도,시흥시,매화동,10934,5760,5174,10901,5737,5164,-33,-23,-10
4139057000,2026-06-30,경기도,시흥시,목감동,40636,20602,20034,40634,20591,20043,-2,-11,9
4139058100,2026-06-30,경기도,시흥시,군자동,21054,10972,10082,21007,10946,10061,-47,-26,-21
4139058200,2026-06-30,경기도,시흥시,월곶동,17547,9162,8385,17593,9185,8408,46,23,23
4139058900,2026-06-30,경기도,시흥시,정왕본동,17135,10852,6283,17095,10825,6270,-40,-27,-13
4139059100,2026-06-30,경기도,시흥시,정왕1동,21129,12617,8512,20973,12516,8457,-156,-101,-55
4139059200,2026-06-30,경기도,시흥시,정왕2동,26289,13624,12665,26271,13601,12670,-18,-23,5
4139059300,2026-06-30,경기도,시흥시,정왕3동,21240,12213,9027,21241,12213,9028,1,0,1
4139059400,2026-06-30,경기도,시흥시,정왕4동,19186,9525,9661,19139,9504,9635,-47,-21,-26
4139059600,2026-06-30,경기도,시흥시,배곧1동,35242,17587,17655,35230,17572,17658,-12,-15,3
4139059700,2026-06-30,경기도,시흥시,배곧2동,35402,18361,17041,35388,18353,17035,-14,-8,-6
4139062100,2026-06-30,경기도,시흥시,과림동,1703,1050,653,1706,1053,653,3,3,0
4139063000,2026-06-30,경기도,시흥시,연성동,23616,12013,11603,23570,11992,11578,-46,-21,-25
4139063100,2026-06-30,경기도,시흥시,장곡동,46717,23385,23332,46719,23387,23332,2,2,0
4139064000,2026-06-30,경기도,시흥시,능곡동,25971,12830,13141,25944,12814,13130,-27,-16,-11
4139065000,2026-06-30,경기도,시흥시,거북섬동,11330,7038,4292,11817,7274,4543,487,236,251
4141051000,2026-06-30,경기도,군포시,군포1동,30007,15757,14250,29980,15734,14246,-27,-23,-4
4141052000,2026-06-30,경기도,군포시,군포2동,40355,19933,20422,40293,19917,20376,-62,-16,-46
4141054000,2026-06-30,경기도,군포시,산본1동,14166,7292,6874,14134,7275,6859,-32,-17,-15
4141055000,2026-06-30,경기도,군포시,산본2동,24647,11922,12725,24599,11902,12697,-48,-20,-28
4141056000,2026-06-30,경기도,군포시,금정동,18467,9690,8777,18444,9678,8766,-23,-12,-11
4141057000,2026-06-30,경기도,군포시,재궁동,16839,7952,8887,16819,7944,8875,-20,-8,-12
4141058000,2026-06-30,경기도,군포시,오금동,19479,9348,10131,19460,9357,10103,-19,9,-28
4141059000,2026-06-30,경기도,군포시,수리동,14781,6983,7798,14753,6960,7793,-28,-23,-5
4141060000,2026-06-30,경기도,군포시,궁내동,19210,9336,9874,19196,9330,9866,-14,-6,-8
4141061000,2026-06-30,경기도,군포시,대야동,8911,4432,4479,8904,4436,4468,-7,4,-11
4141062000,2026-06-30,경기도,군포시,광정동,22783,11056,11727,22757,11030,11727,-26,-26,0
4141063000,2026-06-30,경기도,군포시,송부동,20125,9927,10198,20123,9935,10188,-2,8,-10
4143051000,2026-06-30,경기도,의왕시,고천동,17633,8887,8746,17719,8933,8786,86,46,40
4143052000,2026-06-30,경기도,의왕시,부곡동,28559,14358,14201,28551,14360,14191,-8,2,-10
4143053000,2026-06-30,경기도,의왕시,오전동,32628,16046,16582,32595,16024,16571,-33,-22,-11
4143054000,2026-06-30,경기도,의왕시,내손1동,19596,9578,10018,19590,9573,10017,-6,-5,-1
4143055000,2026-06-30,경기도,의왕시,내손2동,26957,13205,13752,28131,13781,14350,1174,576,598
4143056000,2026-06-30,경기도,의왕시,청계동,37698,18372,19326,37635,18349,19286,-63,-23,-40
4145051000,2026-06-30,경기도,하남시,천현동,5687,3113,2574,5681,3112,2569,-6,-1,-5
4145052000,2026-06-30,경기도,하남시,신장1동,7003,3596,3407,7020,3609,3411,17,13,4
4145053000,2026-06-30,경기도,하남시,신장2동,44704,21952,22752,44702,21966,22736,-2,14,-16
4145054000,2026-06-30,경기도,하남시,덕풍1동,13901,7011,6890,13865,6990,6875,-36,-21,-15
4145055000,2026-06-30,경기도,하남시,덕풍2동,17142,8532,8610,17186,8549,8637,44,17,27
4145056000,2026-06-30,경기도,하남시,덕풍3동,27586,13662,13924,27533,13639,13894,-53,-23,-30
4145058000,2026-06-30,경기도,하남시,감북동,3218,1771,1447,3227,1774,1453,9,3,6
4145058200,2026-06-30,경기도,하남시,감일동,39576,19709,19867,39544,19684,19860,-32,-25,-7
4145058500,2026-06-30,경기도,하남시,위례동,35225,17318,17907,35235,17307,17928,10,-11,21
4145059000,2026-06-30,경기도,하남시,춘궁동,751,479,272,728,462,266,-23,-17,-6
4145060000,2026-06-30,경기도,하남시,초이동,2852,1625,1227,2855,1625,1230,3,0,3
4145061000,2026-06-30,경기도,하남시,미사1동,54128,26567,27561,54138,26579,27559,10,12,-2
4145062000,2026-06-30,경기도,하남시,미사2동,46330,22597,23733,46323,22585,23738,-7,-12,5
4145063000,2026-06-30,경기도,하남시,미사3동,29468,14478,14990,29458,14495,14963,-10,17,-27
4146125000,2026-06-30,경기도,용인시 처인구,포곡읍,30899,16009,14890,30921,16041,14880,22,32,-10
4146125300,2026-06-30,경기도,용인시 처인구,모현읍,34593,17807,16786,34670,17858,16812,77,51,26
4146125600,2026-06-30,경기도,용인시 처인구,이동읍,18646,9616,9030,18609,9590,9019,-37,-26,-11
4146125900,2026-06-30,경기도,용인시 처인구,남사읍,23433,11854,11579,23431,11865,11566,-2,11,-13
4146126200,2026-06-30,경기도,용인시 처인구,양지읍,21727,11380,10347,21920,11431,10489,193,51,142
4146134000,2026-06-30,경기도,용인시 처인구,원삼면,7463,3911,3552,7657,4032,3625,194,121,73
4146135000,2026-06-30,경기도,용인시 처인구,백암면,7543,4139,3404,7721,4335,3386,178,196,-18
4146151000,2026-06-30,경기도,용인시 처인구,중앙동,26729,13503,13226,26751,13501,13250,22,-2,24
4146152500,2026-06-30,경기도,용인시 처인구,역북동,34616,17443,17173,34587,17422,17165,-29,-21,-8
4146152600,2026-06-30,경기도,용인시 처인구,삼가동,16042,8023,8019,16248,8127,8121,206,104,102
4146153500,2026-06-30,경기도,용인시 처인구,유림1동,13370,6779,6591,13347,6770,6577,-23,-9,-14
4146153600,2026-06-30,경기도,용인시 처인구,유림2동,38205,19195,19010,38270,19221,19049,65,26,39
4146154000,2026-06-30,경기도,용인시 처인구,동부동,12266,6313,5953,12259,6321,5938,-7,8,-15
4146351000,2026-06-30,경기도,용인시 기흥구,신갈동,36041,17970,18071,36053,17981,18072,12,11,1
4146351600,2026-06-30,경기도,용인시 기흥구,영덕1동,34184,16944,17240,34242,16955,17287,58,11,47
4146351700,2026-06-30,경기도,용인시 기흥구,영덕2동,19090,9393,9697,19118,9406,9712,28,13,15
4146352000,2026-06-30,경기도,용인시 기흥구,구갈동,39837,20139,19698,39904,20190,19714,67,51,16
4146353000,2026-06-30,경기도,용인시 기흥구,상갈동,12483,6439,6044,12491,6446,6045,8,7,1
4146353500,2026-06-30,경기도,용인시 기흥구,보라동,32353,15952,16401,32352,15947,16405,-1,-5,4
4146354000,2026-06-30,경기도,용인시 기흥구,기흥동,20638,10207,10431,20653,10218,10435,15,11,4
4146355000,2026-06-30,경기도,용인시 기흥구,서농동,24519,12432,12087,24510,12418,12092,-9,-14,5
4146356000,2026-06-30,경기도,용인시 기흥구,구성동,38301,18314,19987,38279,18305,19974,-22,-9,-13
4146357000,2026-06-30,경기도,용인시 기흥구,마북동,33532,16378,17154,33572,16405,17167,40,27,13
4146357200,2026-06-30,경기도,용인시 기흥구,동백1동,30768,14715,16053,30796,14734,16062,28,19,9
4146357500,2026-06-30,경기도,용인시 기흥구,동백2동,26008,12739,13269,25989,12731,13258,-19,-8,-11
4146357700,2026-06-30,경기도,용인시 기흥구,동백3동,27664,13462,14202,27683,13482,14201,19,20,-1
4146358600,2026-06-30,경기도,용인시 기흥구,상하동,22777,10973,11804,22794,10984,11810,17,11,6
4146359000,2026-06-30,경기도,용인시 기흥구,보정동,36168,17671,18497,36154,17690,18464,-14,19,-33
4146551000,2026-06-30,경기도,용인시 수지구,풍덕천1동,30872,15522,15350,30360,15256,15104,-512,-266,-246
4146552000,2026-06-30,경기도,용인시 수지구,풍덕천2동,41214,20274,20940,41237,20288,20949,23,14,9
4146553000,2026-06-30,경기도,용인시 수지구,신봉동,40965,19775,21190,40975,19772,21203,10,-3,13
4146554000,2026-06-30,경기도,용인시 수지구,죽전1동,28903,13972,14931,28915,13983,14932,12,11,1
4146555000,2026-06-30,경기도,용인시 수지구,죽전2동,17006,8262,8744,16998,8267,8731,-8,5,-13
4146555500,2026-06-30,경기도,용인시 수지구,죽전3동,26371,12784,13587,26370,12805,13565,-1,21,-22
4146556000,2026-06-30,경기도,용인시 수지구,동천동,50800,24939,25861,50868,24964,25904,68,25,43
4146557000,2026-06-30,경기도,용인시 수지구,상현1동,19569,9336,10233,19571,9334,10237,2,-2,4
4146558000,2026-06-30,경기도,용인시 수지구,상현2동,32415,15701,16714,32390,15687,16703,-25,-14,-11
4146558500,2026-06-30,경기도,용인시 수지구,상현3동,27182,13088,14094,27144,13065,14079,-38,-23,-15
4146559000,2026-06-30,경기도,용인시 수지구,성복동,54501,26228,28273,54402,26184,28218,-99,-44,-55
4148025000,2026-06-30,경기도,파주시,문산읍,47934,24576,23358,47934,24578,23356,0,2,-2
4148025300,2026-06-30,경기도,파주시,파주읍,13199,7031,6168,13185,7035,6150,-14,4,-18
4148025600,2026-06-30,경기도,파주시,법원읍,9035,4782,4253,9034,4791,4243,-1,9,-10
4148026200,2026-06-30,경기도,파주시,조리읍,27290,13782,13508,27333,13800,13533,43,18,25
4148031000,2026-06-30,경기도,파주시,월롱면,7497,4860,2637,7447,4812,2635,-50,-48,-2
4148032000,2026-06-30,경기도,파주시,탄현면,14195,7560,6635,14263,7585,6678,68,25,43
4148035000,2026-06-30,경기도,파주시,광탄면,9970,5451,4519,9962,5447,4515,-8,-4,-4
4148036000,2026-06-30,경기도,파주시,파평면,3372,1759,1613,3369,1753,1616,-3,-6,3
4148037000,2026-06-30,경기도,파주시,적성면,6352,3449,2903,6351,3452,2899,-1,3,-4
4148039000,2026-06-30,경기도,파주시,장단면,692,381,311,695,385,310,3,4,-1
4148051000,2026-06-30,경기도,파주시,금촌1동,21982,11873,10109,21970,11852,10118,-12,-21,9
4148052000,2026-06-30,경기도,파주시,금촌2동,29717,14354,15363,29687,14344,15343,-30,-10,-20
4148053000,2026-06-30,경기도,파주시,금촌3동,24039,12142,11897,24029,12133,11896,-10,-9,-1
4148054000,2026-06-30,경기도,파주시,교하동,6968,3753,3215,6945,3739,3206,-23,-14,-9
4148055000,2026-06-30,경기도,파주시,운정1동,58386,28594,29792,58509,28645,29864,123,51,72
4148056000,2026-06-30,경기도,파주시,운정2동,63889,30882,33007,63961,30918,33043,72,36,36
4148057000,2026-06-30,경기도,파주시,운정3동,67095,32681,34414,67087,32688,34399,-8,7,-15
4148058000,2026-06-30,경기도,파주시,운정4동,24245,11901,12344,24321,11943,12378,76,42,34
4148059000,2026-06-30,경기도,파주시,운정5동,57732,28720,29012,58459,29106,29353,727,386,341
4148060000,2026-06-30,경기도,파주시,운정6동,38535,19258,19277,38846,19376,19470,311,118,193
4150025000,2026-06-30,경기도,이천시,장호원읍,13967,7121,6846,13953,7114,6839,-14,-7,-7
4150025300,2026-06-30,경기도,이천시,부발읍,36089,19331,16758,36009,19266,16743,-80,-65,-15
4150031000,2026-06-30,경기도,이천시,신둔면,13866,7336,6530,13846,7331,6515,-20,-5,-15
4150032000,2026-06-30,경기도,이천시,백사면,12642,6418,6224,12639,6410,6229,-3,-8,5
4150033000,2026-06-30,경기도,이천시,호법면,5428,2941,2487,5968,3236,2732,540,295,245
4150034000,2026-06-30,경기도,이천시,마장면,16199,8776,7423,16565,8960,7605,366,184,182
4150035000,2026-06-30,경기도,이천시,대월면,14902,7912,6990,14876,7906,6970,-26,-6,-20
4150036000,2026-06-30,경기도,이천시,모가면,3965,2157,1808,3960,2159,1801,-5,2,-7
4150037000,2026-06-30,경기도,이천시,설성면,4182,2251,1931,4152,2228,1924,-30,-23,-7
4150038000,2026-06-30,경기도,이천시,율면,2395,1240,1155,2394,1238,1156,-1,-2,1
4150051000,2026-06-30,경기도,이천시,창전동,15048,7685,7363,14995,7661,7334,-53,-24,-29
4150051500,2026-06-30,경기도,이천시,증포동,56498,28229,28269,56430,28187,28243,-68,-42,-26
4150052000,2026-06-30,경기도,이천시,중리동,17217,9701,7516,17717,9947,7770,500,246,254
4150053000,2026-06-30,경기도,이천시,관고동,11237,5793,5444,11236,5793,5443,-1,0,-1
4155025000,2026-06-30,경기도,안성시,공도읍,70644,35779,34865,70901,35917,34984,257,138,119
4155031000,2026-06-30,경기도,안성시,보개면,4708,2464,2244,4707,2464,2243,-1,0,-1
4155032000,2026-06-30,경기도,안성시,금광면,6714,3347,3367,6715,3356,3359,1,9,-8
4155033000,2026-06-30,경기도,안성시,서운면,2918,1565,1353,2913,1561,1352,-5,-4,-1
4155034000,2026-06-30,경기도,안성시,미양면,5219,2864,2355,5209,2863,2346,-10,-1,-9
4155035000,2026-06-30,경기도,안성시,대덕면,14203,8097,6106,14188,8093,6095,-15,-4,-11
4155036000,2026-06-30,경기도,안성시,양성면,4786,2529,2257,4797,2535,2262,11,6,5
4155038000,2026-06-30,경기도,안성시,원곡면,6325,3615,2710,6308,3603,2705,-17,-12,-5
4155039000,2026-06-30,경기도,안성시,일죽면,6952,3649,3303,6915,3626,3289,-37,-23,-14
4155040000,2026-06-30,경기도,안성시,죽산면,6648,3586,3062,6638,3578,3060,-10,-8,-2
4155041000,2026-06-30,경기도,안성시,삼죽면,3809,1941,1868,3813,1934,1879,4,-7,11
4155042000,2026-06-30,경기도,안성시,고삼면,1754,931,823,1748,929,819,-6,-2,-4
4155051000,2026-06-30,경기도,안성시,안성1동,10784,5409,5375,10749,5397,5352,-35,-12,-23
4155052000,2026-06-30,경기도,안성시,안성2동,26301,13470,12831,26300,13475,12825,-1,5,-6
4155053000,2026-06-30,경기도,안성시,안성3동,26866,13500,13366,26884,13529,13355,18,29,-11
4157025000,2026-06-30,경기도,김포시,통진읍,34574,18315,16259,34564,18320,16244,-10,5,-15
4157025300,2026-06-30,경기도,김포시,고촌읍,51891,25758,26133,51937,25795,26142,46,37,9
4157025600,2026-06-30,경기도,김포시,양촌읍,30476,16076,14400,30457,16076,14381,-19,0,-19
4157034000,2026-06-30,경기도,김포시,대곶면,8881,5165,3716,8878,5164,3714,-3,-1,-2
4157035000,2026-06-30,경기도,김포시,월곶면,5113,2851,2262,5118,2849,2269,5,-2,7
4157036000,2026-06-30,경기도,김포시,하성면,7515,4077,3438,7503,4069,3434,-12,-8,-4
4157051500,2026-06-30,경기도,김포시,김포본동,56793,27730,29063,56706,27682,29024,-87,-48,-39
4157052500,2026-06-30,경기도,김포시,장기본동,38455,18652,19803,38492,18670,19822,37,18,19
4157054000,2026-06-30,경기도,김포시,사우동,20540,10232,10308,20516,10202,10314,-24,-30,6
4157055000,2026-06-30,경기도,김포시,풍무동,59492,28725,30767,59521,28741,30780,29,16,13
4157056000,2026-06-30,경기도,김포시,장기동,40298,19711,20587,40257,19686,20571,-41,-25,-16
4157057000,2026-06-30,경기도,김포시,구래동,45790,22889,22901,45851,22919,22932,61,30,31
4157057500,2026-06-30,경기도,김포시,마산동,35474,17467,18007,35467,17458,18009,-7,-9,2
4157058000,2026-06-30,경기도,김포시,운양동,48755,23730,25025,48775,23710,25065,20,-20,40
4159125000,2026-06-30,경기도,화성시 만세구,우정읍,16594,9224,7370,16593,9232,7361,-1,8,-9
4159125300,2026-06-30,경기도,화성시 만세구,향남읍,84791,45817,38974,84784,45831,38953,-7,14,-21
4159125600,2026-06-30,경기도,화성시 만세구,남양읍,60428,32643,27785,60444,32632,27812,16,-11,27
4159131000,2026-06-30,경기도,화성시 만세구,마도면,6437,3879,2558,6400,3863,2537,-37,-16,-21
4159132000,2026-06-30,경기도,화성시 만세구,송산면,10178,5606,4572,10170,5606,4564,-8,0,-8
4159133000,2026-06-30,경기도,화성시 만세구,서신면,6996,3917,3079,6980,3907,3073,-16,-10,-6
4159134000,2026-06-30,경기도,화성시 만세구,팔탄면,9191,5572,3619,9163,5555,3608,-28,-17,-11
4159135000,2026-06-30,경기도,화성시 만세구,장안면,9232,5373,3859,9222,5352,3870,-10,-21,11
4159136000,2026-06-30,경기도,화성시 만세구,양감면,3677,2291,1386,3669,2280,1389,-8,-11,3
4159151000,2026-06-30,경기도,화성시 만세구,새솔동,27075,13583,13492,27057,13565,13492,-18,-18,0
4159325000,2026-06-30,경기도,화성시 효행구,봉담읍,111616,56513,55103,112251,56789,55462,635,276,359
4159331000,2026-06-30,경기도,화성시 효행구,매송면,6194,3322,2872,6163,3313,2850,-31,-9,-22
4159332000,2026-06-30,경기도,화성시 효행구,비봉면,16476,9030,7446,16490,9038,7452,14,8,6
4159333000,2026-06-30,경기도,화성시 효행구,정남면,10142,5920,4222,10097,5908,4189,-45,-12,-33
4159351000,2026-06-30,경기도,화성시 효행구,기배동,15547,7773,7774,15480,7733,7747,-67,-40,-27
4159551000,2026-06-30,경기도,화성시 병점구,진안동,50149,27106,23043,50221,27155,23066,72,49,23
4159552000,2026-06-30,경기도,화성시 병점구,병점1동,36206,18567,17639,36248,18590,17658,42,23,19
4159553000,2026-06-30,경기도,화성시 병점구,병점2동,21959,10583,11376,21973,10581,11392,14,-2,16
4159554000,2026-06-30,경기도,화성시 병점구,반월동,37279,18832,18447,37268,18841,18427,-11,9,-20
4159555000,2026-06-30,경기도,화성시 병점구,화산동,29106,15311,13795,29084,15266,13818,-22,-45,23
4159751000,2026-06-30,경기도,화성시 동탄구,동탄1동,49974,25684,24290,49944,25703,24241,-30,19,-49
4159752000,2026-06-30,경기도,화성시 동탄구,동탄2동,33736,16522,17214,33761,16538,17223,25,16,9
4159753000,2026-06-30,경기도,화성시 동탄구,동탄3동,39835,20547,19288,39932,20600,19332,97,53,44
4159754000,2026-06-30,경기도,화성시 동탄구,동탄4동,52624,26315,26309,52618,26299,26319,-6,-16,10
4159755000,2026-06-30,경기도,화성시 동탄구,동탄5동,47872,24099,23773,47852,24069,23783,-20,-30,10
4159756000,2026-06-30,경기도,화성시 동탄구,동탄6동,46720,23798,22922,46875,23868,23007,155,70,85
4159757000,2026-06-30,경기도,화성시 동탄구,동탄7동,57293,28825,28468,57365,28831,28534,72,6,66
4159758000,2026-06-30,경기도,화성시 동탄구,동탄8동,40383,20198,20185,40509,20265,20244,126,67,59
4159759000,2026-06-30,경기도,화성시 동탄구,동탄9동,60003,30128,29875,60133,30182,29951,130,54,76
4161025300,2026-06-30,경기도,광주시,초월읍,51717,26679,25038,51692,26664,25028,-25,-15,-10
4161025900,2026-06-30,경기도,광주시,곤지암읍,20949,11352,9597,20914,11330,9584,-35,-22,-13
4161033000,2026-06-30,경기도,광주시,도척면,8952,4917,4035,8940,4915,4025,-12,-2,-10
4161034000,2026-06-30,경기도,광주시,퇴촌면,15422,7808,7614,15421,7802,7619,-1,-6,5
4161035000,2026-06-30,경기도,광주시,남종면,1353,722,631,1347,719,628,-6,-3,-3
4161037000,2026-06-30,경기도,광주시,남한산성면,2173,1120,1053,2185,1128,1057,12,8,4
4161051000,2026-06-30,경기도,광주시,경안동,30335,15485,14850,31651,16154,15497,1316,669,647
4161052000,2026-06-30,경기도,광주시,송정동,23075,11677,11398,23046,11666,11380,-29,-11,-18
4161054000,2026-06-30,경기도,광주시,쌍령동,17141,8557,8584,17068,8528,8540,-73,-29,-44
4161055000,2026-06-30,경기도,광주시,탄벌동,42413,21428,20985,42295,21359,20936,-118,-69,-49
4161056000,2026-06-30,경기도,광주시,광남1동,31123,15981,15142,31036,15942,15094,-87,-39,-48
4161057000,2026-06-30,경기도,광주시,광남2동,32998,16297,16701,32954,16281,16673,-44,-16,-28
4161058000,2026-06-30,경기도,광주시,오포1동,30378,15410,14968,30373,15413,14960,-5,3,-8
4161059000,2026-06-30,경기도,광주시,오포2동,32004,16206,15798,31971,16193,15778,-33,-13,-20
4161060000,2026-06-30,경기도,광주시,신현동,35730,17744,17986,35740,17742,17998,10,-2,12
4161061000,2026-06-30,경기도,광주시,능평동,22487,11225,11262,22478,11232,11246,-9,7,-16
4163025000,2026-06-30,경기도,양주시,백석읍,25500,12881,12619,25507,12876,12631,7,-5,12
4163031000,2026-06-30,경기도,양주시,은현면,4978,2826,2152,4961,2809,2152,-17,-17,0
4163032000,2026-06-30,경기도,양주시,남면,5795,3271,2524,5795,3271,2524,0,0,0
4163033000,2026-06-30,경기도,양주시,광적면,10305,5629,4676,10301,5619,4682,-4,-10,6
4163034000,2026-06-30,경기도,양주시,장흥면,13485,6744,6741,13550,6766,6784,65,22,43
4163051000,2026-06-30,경기도,양주시,양주1동,4460,2318,2142,4457,2316,2141,-3,-2,-1
4163052000,2026-06-30,경기도,양주시,양주2동,48985,24000,24985,49020,24016,25004,35,16,19
4163053000,2026-06-30,경기도,양주시,회천1동,10568,5464,5104,10587,5470,5117,19,6,13
4163054000,2026-06-30,경기도,양주시,회천2동,46676,23367,23309,46699,23372,23327,23,5,18
4163055000,2026-06-30,경기도,양주시,회천3동,24652,12181,12471,24649,12186,12463,-3,5,-8
4163057000,2026-06-30,경기도,양주시,옥정1동,42571,21463,21108,42601,21472,21129,30,9,21
4163058000,2026-06-30,경기도,양주시,옥정2동,59001,29035,29966,59099,29048,30051,98,13,85
4165025000,2026-06-30,경기도,포천시,소흘읍,42781,21735,21046,42791,21729,21062,10,-6,16
4165031000,2026-06-30,경기도,포천시,군내면,9734,5170,4564,9763,5183,4580,29,13,16
4165032000,2026-06-30,경기도,포천시,내촌면,4064,2386,1678,4063,2391,1672,-1,5,-6
4165033000,2026-06-30,경기도,포천시,가산면,7413,4344,3069,7460,4358,3102,47,14,33
4165034000,2026-06-30,경기도,포천시,신북면,10895,6043,4852,10874,6042,4832,-21,-1,-20
4165035000,2026-06-30,경기도,포천시,창수면,1908,1051,857,1902,1049,853,-6,-2,-4
4165036000,2026-06-30,경기도,포천시,영중면,4415,2385,2030,4405,2382,2023,-10,-3,-7
4165037000,2026-06-30,경기도,포천시,일동면,8653,4556,4097,8655,4564,4091,2,8,-6
4165038000,2026-06-30,경기도,포천시,이동면,5509,3009,2500,5506,3014,2492,-3,5,-8
4165039000,2026-06-30,경기도,포천시,영북면,7244,3930,3314,7212,3906,3306,-32,-24,-8
4165040000,2026-06-30,경기도,포천시,관인면,2418,1268,1150,2415,1269,1146,-3,1,-4
4165041000,2026-06-30,경기도,포천시,화현면,2349,1282,1067,2346,1277,1069,-3,-5,2
4165051000,2026-06-30,경기도,포천시,포천동,19162,9677,9485,19139,9673,9466,-23,-4,-19
4165052000,2026-06-30,경기도,포천시,선단동,13919,7540,6379,13937,7556,6381,18,16,2
4167025000,2026-06-30,경기도,여주시,가남읍,13926,7319,6607,13929,7328,6601,3,9,-6
4167031000,2026-06-30,경기도,여주시,점동면,4585,2348,2237,4575,2339,2236,-10,-9,-1
4167032000,2026-06-30,경기도,여주시,흥천면,4822,2569,2253,4821,2566,2255,-1,-3,2
4167033000,2026-06-30,경기도,여주시,금사면,2791,1460,1331,2790,1460,1330,-1,0,-1
4167034500,2026-06-30,경기도,여주시,세종대왕면,5590,2890,2700,5571,2877,2694,-19,-13,-6
4167035000,2026-06-30,경기도,여주시,대신면,6393,3312,3081,6386,3308,3078,-7,-4,-3
4167036000,2026-06-30,경기도,여주시,북내면,4556,2379,2177,4534,2369,2165,-22,-10,-12
4167037000,2026-06-30,경기도,여주시,강천면,4256,2220,2036,4260,2226,2034,4,6,-2
4167038000,2026-06-30,경기도,여주시,산북면,2353,1197,1156,2354,1197,1157,1,0,1
4167051000,2026-06-30,경기도,여주시,여흥동,20611,10464,10147,20609,10466,10143,-2,2,-4
4167052000,2026-06-30,경기도,여주시,중앙동,25394,12700,12694,25390,12696,12694,-4,-4,0
4167053000,2026-06-30,경기도,여주시,오학동,18264,9053,9211,18287,9070,9217,23,17,6
4180025000,2026-06-30,경기도,연천군,연천읍,8252,4447,3805,8242,4457,3785,-10,10,-20
4180025300,2026-06-30,경기도,연천군,전곡읍,19371,9932,9439,19475,10007,9468,104,75,29
4180031000,2026-06-30,경기도,연천군,군남면,2922,1550,1372,2940,1558,1382,18,8,10
4180032000,2026-06-30,경기도,연천군,청산면,3920,2099,1821,3909,2087,1822,-11,-12,1
4180033000,2026-06-30,경기도,연천군,백학면,2474,1319,1155,2465,1314,1151,-9,-5,-4
4180034000,2026-06-30,경기도,연천군,미산면,1694,918,776,1698,919,779,4,1,3
4180035000,2026-06-30,경기도,연천군,왕징면,989,520,469,978,514,464,-11,-6,-5
4180036000,2026-06-30,경기도,연천군,신서면,2360,1226,1134,2381,1236,1145,21,10,11
4180037000,2026-06-30,경기도,연천군,중면,155,85,70,158,87,71,3,2,1
4180038000,2026-06-30,경기도,연천군,장남면,731,382,349,731,384,347,0,2,-2
4182025000,2026-06-30,경기도,가평군,가평읍,21142,10725,10417,21142,10734,10408,0,9,-9
4182031000,2026-06-30,경기도,가평군,설악면,9999,5132,4867,10012,5135,4877,13,3,10
4182032500,2026-06-30,경기도,가평군,청평면,13118,6689,6429,13115,6681,6434,-3,-8,5
4182033000,2026-06-30,경기도,가평군,상면,5357,2797,2560,5344,2797,2547,-13,0,-13
4182034500,2026-06-30,경기도,가평군,조종면,8959,4736,4223,8965,4742,4223,6,6,0
4182035000,2026-06-30,경기도,가평군,북면,3469,1791,1678,3463,1787,1676,-6,-4,-2
4183025000,2026-06-30,경기도,양평군,양평읍,38279,19056,19223,38315,19083,19232,36,27,9
4183031000,2026-06-30,경기도,양평군,강상면,10075,5018,5057,10088,5034,5054,13,16,-3
4183032000,2026-06-30,경기도,양평군,강하면,4723,2393,2330,4737,2396,2341,14,3,11
4183033000,2026-06-30,경기도,양평군,양서면,13830,6838,6992,13808,6830,6978,-22,-8,-14
4183034000,2026-06-30,경기도,양평군,옥천면,7992,4067,3925,7973,4058,3915,-19,-9,-10
4183035000,2026-06-30,경기도,양평군,서종면,9797,4898,4899,9794,4899,4895,-3,1,-4
4183036000,2026-06-30,경기도,양평군,단월면,3849,1990,1859,3840,1983,1857,-9,-7,-2
4183037000,2026-06-30,경기도,양평군,청운면,3645,1882,1763,3639,1883,1756,-6,1,-7
4183038000,2026-06-30,경기도,양평군,양동면,4429,2248,2181,4425,2246,2179,-4,-2,-2
4183039500,2026-06-30,경기도,양평군,지평면,6530,3316,3214,6535,3327,3208,5,11,-6
4183040000,2026-06-30,경기도,양평군,용문면,18569,9355,9214,18651,9407,9244,82,52,30
4183041000,2026-06-30,경기도,양평군,개군면,5028,2583,2445,5017,2575,2442,-11,-8,-3
4311131000,2026-06-30,충청북도,청주시 상당구,낭성면,2052,1069,983,2052,1070,982,0,1,-1
4311132000,2026-06-30,충청북도,청주시 상당구,미원면,4412,2269,2143,4402,2264,2138,-10,-5,-5
4311133000,2026-06-30,충청북도,청주시 상당구,가덕면,3550,1817,1733,3540,1813,1727,-10,-4,-6
4311134000,2026-06-30,충청북도,청주시 상당구,남일면,6333,3260,3073,6325,3266,3059,-8,6,-14
4311135000,2026-06-30,충청북도,청주시 상당구,문의면,3459,1828,1631,3467,1833,1634,8,5,3
4311152500,2026-06-30,충청북도,청주시 상당구,중앙동,6251,3061,3190,6256,3061,3195,5,0,5
4311154500,2026-06-30,충청북도,청주시 상당구,성안동,6113,3071,3042,6115,3078,3037,2,7,-5
4311162000,2026-06-30,충청북도,청주시 상당구,탑대성동,11042,5352,5690,11052,5363,5689,10,11,-1
4311167000,2026-06-30,충청북도,청주시 상당구,영운동,9458,4686,4772,9434,4687,4747,-24,1,-25
4311168000,2026-06-30,충청북도,청주시 상당구,금천동,28279,13676,14603,28230,13683,14547,-49,7,-56
4311169000,2026-06-30,충청북도,청주시 상당구,용담.명암.산성동,12324,6075,6249,12294,6055,6239,-30,-20,-10
4311172000,2026-06-30,충청북도,청주시 상당구,용암1동,55767,28019,27748,55542,27868,27674,-225,-151,-74
4311173000,2026-06-30,충청북도,청주시 상당구,용암2동,44385,21833,22552,44370,21836,22534,-15,3,-18
4311231000,2026-06-30,충청북도,청주시 서원구,남이면,9552,5058,4494,9579,5067,4512,27,9,18
4311232000,2026-06-30,충청북도,청주시 서원구,현도면,2881,1512,1369,2885,1515,1370,4,3,1
4311251000,2026-06-30,충청북도,청주시 서원구,사직1동,3849,1957,1892,3841,1953,1888,-8,-4,-4
4311252000,2026-06-30,충청북도,청주시 서원구,사직2동,10657,5206,5451,10646,5196,5450,-11,-10,-1
4311253000,2026-06-30,충청북도,청주시 서원구,사창동,13955,7190,6765,13890,7143,6747,-65,-47,-18
4311254000,2026-06-30,충청북도,청주시 서원구,모충동,21578,10772,10806,21553,10765,10788,-25,-7,-18
4311255000,2026-06-30,충청북도,청주시 서원구,산남동,24164,12111,12053,24125,12106,12019,-39,-5,-34
4311256000,2026-06-30,충청북도,청주시 서원구,분평동,27016,12969,14047,26912,12898,14014,-104,-71,-33
4311257000,2026-06-30,충청북도,청주시 서원구,수곡1동,12237,6199,6038,12201,6169,6032,-36,-30,-6
4311258000,2026-06-30,충청북도,청주시 서원구,수곡2동,14378,7135,7243,14374,7128,7246,-4,-7,3
4311259000,2026-06-30,충청북도,청주시 서원구,성화.개신.죽림동,47149,23340,23809,47773,23648,24125,624,308,316
4311325000,2026-06-30,충청북도,청주시 흥덕구,오송읍,49321,24800,24521,49405,24832,24573,84,32,52
4311331000,2026-06-30,충청북도,청주시 흥덕구,강내면,10597,5496,5101,10593,5492,5101,-4,-4,0
4311332000,2026-06-30,충청북도,청주시 흥덕구,옥산면,16802,8587,8215,16837,8605,8232,35,18,17
4311370000,2026-06-30,충청북도,청주시 흥덕구,운천.신봉동,13401,6577,6824,13330,6541,6789,-71,-36,-35
4311374100,2026-06-30,충청북도,청주시 흥덕구,복대1동,50100,25877,24223,49953,25807,24146,-147,-70,-77
4311374200,2026-06-30,충청북도,청주시 흥덕구,복대2동,15260,8021,7239,15225,8013,7212,-35,-8,-27
4311374700,2026-06-30,충청북도,청주시 흥덕구,가경동,52714,25734,26980,52518,25619,26899,-196,-115,-81
4311375100,2026-06-30,충청북도,청주시 흥덕구,봉명1동,12760,6792,5968,12700,6771,5929,-60,-21,-39
4311375600,2026-06-30,충청북도,청주시 흥덕구,봉명2.송정동,23190,12609,10581,23984,13032,10952,794,423,371
4311376000,2026-06-30,충청북도,청주시 흥덕구,강서제1동,30190,15279,14911,30078,15224,14854,-112,-55,-57
4311377000,2026-06-30,충청북도,청주시 흥덕구,강서제2동,17953,9515,8438,18002,9548,8454,49,33,16
4311425000,2026-06-30,충청북도,청주시 청원구,내수읍,18522,9604,8918,18487,9591,8896,-35,-13,-22
4311425300,2026-06-30,충청북도,청주시 청원구,오창읍,67722,36197,31525,67745,36238,31507,23,41,-18
4311431000,2026-06-30,충청북도,청주시 청원구,북이면,3948,2102,1846,3937,2095,1842,-11,-7,-4
4311451000,2026-06-30,충청북도,청주시 청원구,우암동,12201,6132,6069,12177,6120,6057,-24,-12,-12
4311452000,2026-06-30,충청북도,청주시 청원구,내덕1동,7584,3832,3752,7528,3800,3728,-56,-32,-24
4311453000,2026-06-30,충청북도,청주시 청원구,내덕2동,12636,6509,6127,12602,6491,6111,-34,-18,-16
4311454000,2026-06-30,충청북도,청주시 청원구,율량.사천동,46295,23218,23077,46259,23204,23055,-36,-14,-22
4311455000,2026-06-30,충청북도,청주시 청원구,오근장동,17404,8529,8875,17353,8500,8853,-51,-29,-22
4313025000,2026-06-30,충청북도,충주시,주덕읍,10373,5338,5035,10409,5356,5053,36,18,18
4313031000,2026-06-30,충청북도,충주시,살미면,1863,957,906,1858,958,900,-5,1,-6
4313032500,2026-06-30,충청북도,충주시,수안보면,2713,1357,1356,2709,1355,1354,-4,-2,-2
4313033500,2026-06-30,충청북도,충주시,대소원면,9831,5710,4121,9839,5722,4117,8,12,-4
4313035000,2026-06-30,충청북도,충주시,신니면,2607,1354,1253,2595,1351,1244,-12,-3,-9
4313036000,2026-06-30,충청북도,충주시,노은면,2130,1097,1033,2133,1100,1033,3,3,0
4313037000,2026-06-30,충청북도,충주시,앙성면,3703,1920,1783,3704,1920,1784,1,0,1
4313038500,2026-06-30,충청북도,충주시,중앙탑면,14582,7543,7039,14600,7549,7051,18,6,12
4313039000,2026-06-30,충청북도,충주시,금가면,3712,2054,1658,3713,2061,1652,1,7,-6
4313040000,2026-06-30,충청북도,충주시,동량면,3337,1733,1604,3315,1716,1599,-22,-17,-5
4313041000,2026-06-30,충청북도,충주시,산척면,2102,1100,1002,2092,1091,1001,-10,-9,-1
4313042000,2026-06-30,충청북도,충주시,엄정면,2907,1496,1411,2889,1484,1405,-18,-12,-6
4313043000,2026-06-30,충청북도,충주시,소태면,1835,960,875,1838,963,875,3,3,0
4313051500,2026-06-30,충청북도,충주시,성내.충인동,2379,1169,1210,2384,1175,1209,5,6,-1
4313053500,2026-06-30,충청북도,충주시,교현.안림동,21356,10542,10814,21334,10518,10816,-22,-24,2
4313054000,2026-06-30,충청북도,충주시,교현2동,5862,2919,2943,5859,2925,2934,-3,6,-9
4313055000,2026-06-30,충청북도,충주시,용산동,13535,6598,6937,13515,6588,6927,-20,-10,-10
4313056000,2026-06-30,충청북도,충주시,지현동,4703,2342,2361,4697,2343,2354,-6,1,-7
4313057100,2026-06-30,충청북도,충주시,문화동,8472,4234,4238,8437,4214,4223,-35,-20,-15
4313058000,2026-06-30,충청북도,충주시,호암.직동,21943,10959,10984,21960,10962,10998,17,3,14
4313060500,2026-06-30,충청북도,충주시,달천동,4164,2217,1947,4177,2216,1961,13,-1,14
4313061000,2026-06-30,충청북도,충주시,봉방동,9000,4641,4359,8959,4620,4339,-41,-21,-20
4313062500,2026-06-30,충청북도,충주시,칠금.금릉동,13192,6462,6730,13183,6460,6723,-9,-2,-7
4313063000,2026-06-30,충청북도,충주시,연수동,33834,16755,17079,33753,16740,17013,-81,-15,-66
4313064000,2026-06-30,충청북도,충주시,목행.용탄동,6044,3178,2866,6026,3165,2861,-18,-13,-5
4315025000,2026-06-30,충청북도,제천시,봉양읍,6415,3257,3158,6419,3261,3158,4,4,0
4315031000,2026-06-30,충청북도,제천시,금성면,1677,905,772,1675,909,766,-2,4,-6
4315032000,2026-06-30,충청북도,제천시,청풍면,1227,652,575,1223,652,571,-4,0,-4
4315033000,2026-06-30,충청북도,제천시,수산면,1965,1048,917,1969,1049,920,4,1,3
4315034000,2026-06-30,충청북도,제천시,덕산면,2043,1038,1005,2045,1036,1009,2,-2,4
4315035000,2026-06-30,충청북도,제천시,한수면,643,332,311,644,333,311,1,1,0
4315036000,2026-06-30,충청북도,제천시,백운면,3270,1709,1561,3268,1707,1561,-2,-2,0
4315038000,2026-06-30,충청북도,제천시,송학면,4546,2409,2137,4545,2414,2131,-1,5,-6
4315051000,2026-06-30,충청북도,제천시,교동,20109,9939,10170,20129,9960,10169,20,21,-1
4315051800,2026-06-30,충청북도,제천시,의림지동,9433,4709,4724,9414,4700,4714,-19,-9,-10
4315052800,2026-06-30,충청북도,제천시,중앙동,5023,2495,2528,5020,2483,2537,-3,-12,9
4315053700,2026-06-30,충청북도,제천시,남현동,4397,2155,2242,4393,2155,2238,-4,0,-4
4315054700,2026-06-30,충청북도,제천시,영서동,9420,4691,4729,9426,4692,4734,6,1,5
4315056000,2026-06-30,충청북도,제천시,용두동,20058,10133,9925,19977,10079,9898,-81,-54,-27
4315057700,2026-06-30,충청북도,제천시,신백동,10007,5022,4985,9977,5012,4965,-30,-10,-20
4315059000,2026-06-30,충청북도,제천시,청전동,14059,7125,6934,14029,7118,6911,-30,-7,-23
4315060500,2026-06-30,충청북도,제천시,화산동,14014,7151,6863,14039,7159,6880,25,8,17
4372025000,2026-06-30,충청북도,보은군,보은읍,14198,7104,7094,14396,7209,7187,198,105,93
4372031500,2026-06-30,충청북도,보은군,속리산면,1698,867,831,1753,893,860,55,26,29
4372032500,2026-06-30,충청북도,보은군,장안면,1411,762,649,1440,786,654,29,24,5
4372033000,2026-06-30,충청북도,보은군,마로면,2093,1025,1068,2122,1040,1082,29,15,14
4372034000,2026-06-30,충청북도,보은군,탄부면,1614,818,796,1614,815,799,0,-3,3
4372035000,2026-06-30,충청북도,보은군,삼승면,2151,1093,1058,2186,1113,1073,35,20,15
4372036000,2026-06-30,충청북도,보은군,수한면,1812,929,883,1834,940,894,22,11,11
4372037000,2026-06-30,충청북도,보은군,회남면,722,407,315,729,409,320,7,2,5
4372038500,2026-06-30,충청북도,보은군,회인면,1680,857,823,1705,870,835,25,13,12
4372039000,2026-06-30,충청북도,보은군,내북면,1629,841,788,1661,854,807,32,13,19
4372040000,2026-06-30,충청북도,보은군,산외면,1708,933,775,1741,945,796,33,12,21
4373025000,2026-06-30,충청북도,옥천군,옥천읍,30031,15092,14939,30141,15156,14985,110,64,46
4373031000,2026-06-30,충청북도,옥천군,동이면,3072,1603,1469,3066,1593,1473,-6,-10,4
4373032000,2026-06-30,충청북도,옥천군,안남면,1327,695,632,1325,693,632,-2,-2,0
4373033000,2026-06-30,충청북도,옥천군,안내면,1869,983,886,1871,986,885,2,3,-1
4373034000,2026-06-30,충청북도,옥천군,청성면,2270,1170,1100,2282,1173,1109,12,3,9
4373035000,2026-06-30,충청북도,옥천군,청산면,2841,1403,1438,2842,1403,1439,1,0,1
4373036000,2026-06-30,충청북도,옥천군,이원면,3910,2015,1895,3909,2012,1897,-1,-3,2
4373037000,2026-06-30,충청북도,옥천군,군서면,2139,1130,1009,2148,1131,1017,9,1,8
4373038000,2026-06-30,충청북도,옥천군,군북면,2964,1544,1420,2963,1549,1414,-1,5,-6
4374025000,2026-06-30,충청북도,영동군,영동읍,19214,9547,9667,19218,9558,9660,4,11,-7
4374031000,2026-06-30,충청북도,영동군,용산면,3139,1657,1482,3135,1654,1481,-4,-3,-1
4374032000,2026-06-30,충청북도,영동군,황간면,3864,1965,1899,3852,1950,1902,-12,-15,3
4374033500,2026-06-30,충청북도,영동군,추풍령면,2080,1036,1044,2077,1037,1040,-3,1,-4
4374034000,2026-06-30,충청북도,영동군,매곡면,1737,903,834,1743,910,833,6,7,-1
4374035000,2026-06-30,충청북도,영동군,상촌면,2118,1057,1061,2125,1056,1069,7,-1,8
4374036000,2026-06-30,충청북도,영동군,양강면,2887,1480,1407,2880,1475,1405,-7,-5,-2
4374037000,2026-06-30,충청북도,영동군,용화면,883,457,426,881,458,423,-2,1,-3
4374038000,2026-06-30,충청북도,영동군,학산면,2557,1309,1248,2561,1311,1250,4,2,2
4374039000,2026-06-30,충청북도,영동군,양산면,1675,841,834,1666,839,827,-9,-2,-7
4374040000,2026-06-30,충청북도,영동군,심천면,2877,1486,1391,2873,1483,1390,-4,-3,-1
4374525000,2026-06-30,충청북도,증평군,증평읍,35101,18286,16815,35122,18292,16830,21,6,15
4374531000,2026-06-30,충청북도,증평군,도안면,1623,867,756,1619,866,753,-4,-1,-3
4375025000,2026-06-30,충청북도,진천군,진천읍,29965,15587,14378,29968,15562,14406,3,-25,28
4375025300,2026-06-30,충청북도,진천군,덕산읍,30605,16194,14411,30641,16213,14428,36,19,17
4375032000,2026-06-30,충청북도,진천군,초평면,2860,1508,1352,2859,1506,1353,-1,-2,1
4375033000,2026-06-30,충청북도,진천군,문백면,3371,1815,1556,3373,1826,1547,2,11,-9
4375034000,2026-06-30,충청북도,진천군,백곡면,2009,1017,992,2008,1019,989,-1,2,-3
4375035000,2026-06-30,충청북도,진천군,이월면,6349,3427,2922,6356,3424,2932,7,-3,10
4375037000,2026-06-30,충청북도,진천군,광혜원면,10399,5759,4640,10364,5744,4620,-35,-15,-20
4376025000,2026-06-30,충청북도,괴산군,괴산읍,9337,4812,4525,9352,4821,4531,15,9,6
4376031000,2026-06-30,충청북도,괴산군,감물면,2053,1062,991,2046,1065,981,-7,3,-10
4376032000,2026-06-30,충청북도,괴산군,장연면,1960,1028,932,1971,1029,942,11,1,10
4376033000,2026-06-30,충청북도,괴산군,연풍면,2259,1200,1059,2243,1195,1048,-16,-5,-11
4376034000,2026-06-30,충청북도,괴산군,칠성면,3244,1638,1606,3246,1637,1609,2,-1,3
4376035000,2026-06-30,충청북도,괴산군,문광면,2194,1155,1039,2183,1155,1028,-11,0,-11
4376036000,2026-06-30,충청북도,괴산군,청천면,5288,2725,2563,5297,2724,2573,9,-1,10
4376037000,2026-06-30,충청북도,괴산군,청안면,3432,1785,1647,3420,1780,1640,-12,-5,-7
4376039000,2026-06-30,충청북도,괴산군,사리면,2657,1378,1279,2649,1372,1277,-8,-6,-2
4376040000,2026-06-30,충청북도,괴산군,소수면,2297,1189,1108,2309,1197,1112,12,8,4
4376041000,2026-06-30,충청북도,괴산군,불정면,2707,1421,1286,2699,1420,1279,-8,-1,-7
4377025000,2026-06-30,충청북도,음성군,음성읍,15354,7898,7456,15344,7896,7448,-10,-2,-8
4377025300,2026-06-30,충청북도,음성군,금왕읍,19151,10383,8768,19218,10425,8793,67,42,25
4377025600,2026-06-30,충청북도,음성군,대소읍,21449,11614,9835,21509,11645,9864,60,31,29
4377031000,2026-06-30,충청북도,음성군,소이면,2716,1453,1263,2696,1445,1251,-20,-8,-12
4377032000,2026-06-30,충청북도,음성군,원남면,2967,1576,1391,2958,1577,1381,-9,1,-10
4377033000,2026-06-30,충청북도,음성군,맹동면,14415,7639,6776,14497,7673,6824,82,34,48
4377035000,2026-06-30,충청북도,음성군,삼성면,5995,3379,2616,5990,3378,2612,-5,-1,-4
4377036000,2026-06-30,충청북도,음성군,생극면,4235,2343,1892,4254,2355,1899,19,12,7
4377037000,2026-06-30,충청북도,음성군,감곡면,9505,4904,4601,9488,4902,4586,-17,-2,-15
4380025000,2026-06-30,충청북도,단양군,단양읍,9924,5044,4880,9911,5035,4876,-13,-9,-4
4380025300,2026-06-30,충청북도,단양군,매포읍,4682,2468,2214,4674,2462,2212,-8,-6,-2
4380031000,2026-06-30,충청북도,단양군,대강면,2284,1129,1155,2287,1127,1160,3,-2,5
4380032000,2026-06-30,충청북도,단양군,가곡면,1913,1026,887,1927,1031,896,14,5,9
4380033000,2026-06-30,충청북도,단양군,영춘면,3013,1439,1574,3022,1441,1581,9,2,7
4380034000,2026-06-30,충청북도,단양군,어상천면,1820,1003,817,1816,998,818,-4,-5,1
4380035000,2026-06-30,충청북도,단양군,적성면,1445,758,687,1450,761,689,5,3,2
4380036000,2026-06-30,충청북도,단양군,단성면,1542,783,759,1541,781,760,-1,-2,1
4413125000,2026-06-30,충청남도,천안시 동남구,목천읍,21741,11164,10577,21717,11141,10576,-24,-23,-1
4413131000,2026-06-30,충청남도,천안시 동남구,풍세면,10559,5595,4964,10557,5594,4963,-2,-1,-1
4413132000,2026-06-30,충청남도,천안시 동남구,광덕면,3946,1994,1952,3950,1990,1960,4,-4,8
4413133000,2026-06-30,충청남도,천안시 동남구,북면,4000,2096,1904,3976,2085,1891,-24,-11,-13
4413134000,2026-06-30,충청남도,천안시 동남구,성남면,2738,1451,1287,2734,1452,1282,-4,1,-5
4413135000,2026-06-30,충청남도,천안시 동남구,수신면,1991,1117,874,1982,1108,874,-9,-9,0
4413136000,2026-06-30,충청남도,천안시 동남구,병천면,5833,3217,2616,5837,3221,2616,4,4,0
4413137000,2026-06-30,충청남도,천안시 동남구,동면,1872,1024,848,1864,1021,843,-8,-3,-5
4413151000,2026-06-30,충청남도,천안시 동남구,중앙동,4438,2324,2114,4395,2305,2090,-43,-19,-24
4413152000,2026-06-30,충청남도,천안시 동남구,문성동,7783,3917,3866,7785,3913,3872,2,-4,6
4413153000,2026-06-30,충청남도,천안시 동남구,원성1동,7481,3873,3608,7469,3875,3594,-12,2,-14
4413154000,2026-06-30,충청남도,천안시 동남구,원성2동,8471,4335,4136,8493,4340,4153,22,5,17
4413155000,2026-06-30,충청남도,천안시 동남구,봉명동,17062,8717,8345,17048,8721,8327,-14,4,-18
4413156000,2026-06-30,충청남도,천안시 동남구,일봉동,24139,12013,12126,24213,12043,12170,74,30,44
4413157000,2026-06-30,충청남도,천안시 동남구,신방동,42512,21866,20646,42607,21921,20686,95,55,40
4413158000,2026-06-30,충청남도,천안시 동남구,청룡동,59895,29913,29982,59960,29938,30022,65,25,40
4413159000,2026-06-30,충청남도,천안시 동남구,신안동,39091,18963,20128,39066,18935,20131,-25,-28,3
4413325000,2026-06-30,충청남도,천안시 서북구,성환읍,21420,11139,10281,21430,11138,10292,10,-1,11
4413325300,2026-06-30,충청남도,천안시 서북구,성거읍,21270,11242,10028,21269,11248,10021,-1,6,-7
4413325600,2026-06-30,충청남도,천안시 서북구,직산읍,18944,10456,8488,18957,10474,8483,13,18,-5
4413331000,2026-06-30,충청남도,천안시 서북구,입장면,7344,3997,3347,7328,3993,3335,-16,-4,-12
4413351000,2026-06-30,충청남도,천안시 서북구,성정1동,16791,8926,7865,16778,8900,7878,-13,-26,13
4413352000,2026-06-30,충청남도,천안시 서북구,성정2동,24372,13798,10574,24417,13821,10596,45,23,22
4413353000,2026-06-30,충청남도,천안시 서북구,쌍용1동,12207,6003,6204,12178,5982,6196,-29,-21,-8
4413354000,2026-06-30,충청남도,천안시 서북구,쌍용2동,33615,16463,17152,33638,16472,17166,23,9,14
4413355000,2026-06-30,충청남도,천안시 서북구,쌍용3동,16771,8104,8667,16753,8091,8662,-18,-13,-5
4413356000,2026-06-30,충청남도,천안시 서북구,백석동,40219,20249,19970,40263,20267,19996,44,18,26
4413356600,2026-06-30,충청남도,천안시 서북구,불당1동,31504,15826,15678,31541,15819,15722,37,-7,44
4413356700,2026-06-30,충청남도,천안시 서북구,불당2동,37303,18607,18696,37287,18605,18682,-16,-2,-14
4413358000,2026-06-30,충청남도,천안시 서북구,부성1동,56748,29386,27362,56813,29393,27420,65,7,58
4413359000,2026-06-30,충청남도,천안시 서북구,부성2동,63798,33803,29995,63877,33856,30021,79,53,26
4415025000,2026-06-30,충청남도,공주시,유구읍,6746,3426,3320,6748,3421,3327,2,-5,7
4415031000,2026-06-30,충청남도,공주시,이인면,2849,1479,1370,2851,1483,1368,2,4,-2
4415032000,2026-06-30,충청남도,공주시,탄천면,2651,1408,1243,2656,1413,1243,5,5,0
4415033000,2026-06-30,충청남도,공주시,계룡면,4983,2550,2433,4982,2551,2431,-1,1,-2
4415034000,2026-06-30,충청남도,공주시,반포면,3958,2086,1872,3941,2079,1862,-17,-7,-10
4415036000,2026-06-30,충청남도,공주시,의당면,4227,2234,1993,4221,2226,1995,-6,-8,2
4415037000,2026-06-30,충청남도,공주시,정안면,4476,2444,2032,4457,2431,2026,-19,-13,-6
4415038000,2026-06-30,충청남도,공주시,우성면,4769,2544,2225,4780,2548,2232,11,4,7
4415039000,2026-06-30,충청남도,공주시,사곡면,2658,1356,1302,2644,1354,1290,-14,-2,-12
4415040000,2026-06-30,충청남도,공주시,신풍면,3020,1416,1604,3014,1412,1602,-6,-4,-2
4415051000,2026-06-30,충청남도,공주시,중학동,4152,2126,2026,4150,2123,2027,-2,-3,1
4415054000,2026-06-30,충청남도,공주시,웅진동,7099,3466,3633,7103,3464,3639,4,-2,6
4415055000,2026-06-30,충청남도,공주시,금학동,5250,2501,2749,5262,2507,2755,12,6,6
4415056000,2026-06-30,충청남도,공주시,옥룡동,6936,3413,3523,6900,3383,3517,-36,-30,-6
4415057000,2026-06-30,충청남도,공주시,신관동,19711,9304,10407,19711,9299,10412,0,-5,5
4415059000,2026-06-30,충청남도,공주시,월송동,16356,8075,8281,16337,8064,8273,-19,-11,-8
4418025000,2026-06-30,충청남도,보령시,웅천읍,5397,2745,2652,5366,2729,2637,-31,-16,-15
4418031000,2026-06-30,충청남도,보령시,주포면,1460,764,696,1464,767,697,4,3,1
4418032000,2026-06-30,충청남도,보령시,오천면,1936,1067,869,1928,1065,863,-8,-2,-6
4418032500,2026-06-30,충청남도,보령시,오천면어항출장소,1407,765,642,1405,763,642,-2,-2,0
4418032900,2026-06-30,충청남도,보령시,원산출장소,987,517,470,986,515,471,-1,-2,1
4418033000,2026-06-30,충청남도,보령시,천북면,3055,1616,1439,3057,1612,1445,2,-4,6
4418034000,2026-06-30,충청남도,보령시,청소면,2243,1135,1108,2238,1135,1103,-5,0,-5
4418035000,2026-06-30,충청남도,보령시,청라면,3386,1707,1679,3376,1703,1673,-10,-4,-6
4418036000,2026-06-30,충청남도,보령시,남포면,4674,2374,2300,4661,2362,2299,-13,-12,-1
4418038000,2026-06-30,충청남도,보령시,주산면,2141,1059,1082,2132,1057,1075,-9,-2,-7
4418039000,2026-06-30,충청남도,보령시,미산면,1609,831,778,1601,826,775,-8,-5,-3
4418040000,2026-06-30,충청남도,보령시,성주면,1863,938,925,1858,932,926,-5,-6,1
4418041000,2026-06-30,충청남도,보령시,주교면,4753,2469,2284,4730,2466,2264,-23,-3,-20
4418051500,2026-06-30,충청남도,보령시,대천1동,12237,6135,6102,12190,6124,6066,-47,-11,-36
4418052500,2026-06-30,충청남도,보령시,대천2동,6378,3187,3191,6477,3230,3247,99,43,56
4418053500,2026-06-30,충청남도,보령시,대천3동,15056,7552,7504,15037,7544,7493,-19,-8,-11
4418054500,2026-06-30,충청남도,보령시,대천4동,17103,8498,8605,17112,8503,8609,9,5,4
4418056500,2026-06-30,충청남도,보령시,대천5동,5668,2947,2721,5642,2938,2704,-26,-9,-17
4420025000,2026-06-30,충청남도,아산시,염치읍,5602,2910,2692,5595,2910,2685,-7,0,-7
4420025300,2026-06-30,충청남도,아산시,배방읍,98695,50818,47877,98941,50934,48007,246,116,130
4420031000,2026-06-30,충청남도,아산시,송악면,3906,1999,1907,3899,1997,1902,-7,-2,-5
4420033000,2026-06-30,충청남도,아산시,탕정면,46331,24488,21843,46324,24499,21825,-7,11,-18
4420035000,2026-06-30,충청남도,아산시,음봉면,22874,12462,10412,22910,12471,10439,36,9,27
4420036000,2026-06-30,충청남도,아산시,둔포면,23577,13409,10168,23587,13431,10156,10,22,-12
4420037000,2026-06-30,충청남도,아산시,영인면,5103,2725,2378,5083,2709,2374,-20,-16,-4
4420038000,2026-06-30,충청남도,아산시,인주면,5292,3010,2282,5272,2996,2276,-20,-14,-6
4420039000,2026-06-30,충청남도,아산시,선장면,2704,1403,1301,2704,1399,1305,0,-4,4
4420040000,2026-06-30,충청남도,아산시,도고면,4127,2167,1960,4133,2172,1961,6,5,1
4420041000,2026-06-30,충청남도,아산시,신창면,22566,11817,10749,22620,11853,10767,54,36,18
4420057000,2026-06-30,충청남도,아산시,온양1동,9444,5047,4397,9349,4997,4352,-95,-50,-45
4420058000,2026-06-30,충청남도,아산시,온양2동,9593,5166,4427,9579,5158,4421,-14,-8,-6
4420059000,2026-06-30,충청남도,아산시,온양3동,40967,20501,20466,41207,20641,20566,240,140,100
4420060000,2026-06-30,충청남도,아산시,온양4동,15105,7636,7469,15074,7622,7452,-31,-14,-17
4420061000,2026-06-30,충청남도,아산시,온양5동,21990,11256,10734,22068,11305,10763,78,49,29
4420062000,2026-06-30,충청남도,아산시,온양6동,25347,12621,12726,25333,12606,12727,-14,-15,1
4421025000,2026-06-30,충청남도,서산시,대산읍,11892,7009,4883,11860,7003,4857,-32,-6,-26
4421031000,2026-06-30,충청남도,서산시,인지면,6912,3540,3372,6912,3537,3375,0,-3,3
4421032000,2026-06-30,충청남도,서산시,부석면,4978,2553,2425,4964,2542,2422,-14,-11,-3
4421033000,2026-06-30,충청남도,서산시,팔봉면,3189,1636,1553,3184,1633,1551,-5,-3,-2
4421034000,2026-06-30,충청남도,서산시,지곡면,7520,4058,3462,7496,4054,3442,-24,-4,-20
4421036000,2026-06-30,충청남도,서산시,성연면,16997,8951,8046,17026,8954,8072,29,3,26
4421037000,2026-06-30,충청남도,서산시,음암면,8833,4542,4291,8810,4542,4268,-23,0,-23
4421038000,2026-06-30,충청남도,서산시,운산면,4832,2484,2348,4828,2489,2339,-4,5,-9
4421039000,2026-06-30,충청남도,서산시,해미면,7041,3657,3384,7049,3665,3384,8,8,0
4421040000,2026-06-30,충청남도,서산시,고북면,5413,2881,2532,5420,2890,2530,7,9,-2
4421051000,2026-06-30,충청남도,서산시,부춘동,17353,9065,8288,17309,9037,8272,-44,-28,-16
4421052500,2026-06-30,충청남도,서산시,동문1동,16794,8767,8027,16774,8756,8018,-20,-11,-9
4421053500,2026-06-30,충청남도,서산시,동문2동,8035,4136,3899,8022,4135,3887,-13,-1,-12
4421054000,2026-06-30,충청남도,서산시,수석동,17240,8883,8357,17206,8856,8350,-34,-27,-7
4421055000,2026-06-30,충청남도,서산시,석남동,34277,17532,16745,34276,17532,16744,-1,0,-1
4423025000,2026-06-30,충청남도,논산시,강경읍,6881,3368,3513,6861,3368,3493,-20,0,-20
4423025300,2026-06-30,충청남도,논산시,연무읍,12143,6167,5976,12151,6175,5976,8,8,0
4423031000,2026-06-30,충청남도,논산시,성동면,3626,1848,1778,3629,1853,1776,3,5,-2
4423032000,2026-06-30,충청남도,논산시,광석면,3717,1907,1810,3696,1900,1796,-21,-7,-14
4423033000,2026-06-30,충청남도,논산시,노성면,2630,1364,1266,2625,1367,1258,-5,3,-8
4423034000,2026-06-30,충청남도,논산시,상월면,3199,1600,1599,3189,1603,1586,-10,3,-13
4423035000,2026-06-30,충청남도,논산시,부적면,3191,1624,1567,3188,1629,1559,-3,5,-8
4423036000,2026-06-30,충청남도,논산시,연산면,5517,2879,2638,5510,2872,2638,-7,-7,0
4423038000,2026-06-30,충청남도,논산시,벌곡면,2215,1130,1085,2203,1128,1075,-12,-2,-10
4423039000,2026-06-30,충청남도,논산시,양촌면,5714,2933,2781,5700,2925,2775,-14,-8,-6
4423040000,2026-06-30,충청남도,논산시,가야곡면,3027,1549,1478,3028,1549,1479,1,0,1
4423041000,2026-06-30,충청남도,논산시,은진면,3649,1956,1693,3647,1959,1688,-2,3,-5
4423042000,2026-06-30,충청남도,논산시,채운면,1970,964,1006,1966,963,1003,-4,-1,-3
4423051000,2026-06-30,충청남도,논산시,취암동,33175,16620,16555,33116,16591,16525,-59,-29,-30
4423052000,2026-06-30,충청남도,논산시,부창동,15440,7390,8050,15468,7394,8074,28,4,24
4425031000,2026-06-30,충청남도,계룡시,두마면,13969,6887,7082,14027,6914,7113,58,27,31
4425031500,2026-06-30,충청남도,계룡시,엄사면,16609,8120,8489,16543,8086,8457,-66,-34,-32
4425033000,2026-06-30,충청남도,계룡시,신도안면,7494,3904,3590,7491,3904,3587,-3,0,-3
4425051000,2026-06-30,충청남도,계룡시,금암동,7900,3940,3960,7898,3935,3963,-2,-5,3
4427025000,2026-06-30,충청남도,당진시,합덕읍,7487,3974,3513,7441,3949,3492,-46,-25,-21
4427025300,2026-06-30,충청남도,당진시,송악읍,29489,16681,12808,29503,16682,12821,14,1,13
4427031000,2026-06-30,충청남도,당진시,고대면,5931,3321,2610,5924,3316,2608,-7,-5,-2
4427032000,2026-06-30,충청남도,당진시,석문면,7797,4565,3232,7809,4581,3228,12,16,-4
4427033000,2026-06-30,충청남도,당진시,대호지면,2129,1098,1031,2134,1100,1034,5,2,3
4427034000,2026-06-30,충청남도,당진시,정미면,3366,1755,1611,3362,1756,1606,-4,1,-5
4427035000,2026-06-30,충청남도,당진시,면천면,3190,1647,1543,3184,1638,1546,-6,-9,3
4427036000,2026-06-30,충청남도,당진시,순성면,4473,2313,2160,4468,2314,2154,-5,1,-6
4427037000,2026-06-30,충청남도,당진시,우강면,5055,2526,2529,5041,2519,2522,-14,-7,-7
4427038000,2026-06-30,충청남도,당진시,신평면,13915,7170,6745,13895,7167,6728,-20,-3,-17
4427039000,2026-06-30,충청남도,당진시,송산면,10855,6533,4322,10870,6534,4336,15,1,14
4427051000,2026-06-30,충청남도,당진시,당진1동,41470,21982,19488,41577,22072,19505,107,90,17
4427052000,2026-06-30,충청남도,당진시,당진2동,21734,11177,10557,21781,11184,10597,47,7,40
4427053000,2026-06-30,충청남도,당진시,당진3동,15394,7936,7458,15411,7935,7476,17,-1,18
4471025000,2026-06-30,충청남도,금산군,금산읍,22283,10973,11310,22230,10939,11291,-53,-34,-19
4471031000,2026-06-30,충청남도,금산군,금성면,3005,1592,1413,3011,1594,1417,6,2,4
4471032000,2026-06-30,충청남도,금산군,제원면,2684,1418,1266,2684,1421,1263,0,3,-3
4471033000,2026-06-30,충청남도,금산군,부리면,2291,1174,1117,2291,1177,1114,0,3,-3
4471034000,2026-06-30,충청남도,금산군,군북면,2316,1216,1100,2312,1209,1103,-4,-7,3
4471035000,2026-06-30,충청남도,금산군,남일면,2784,1426,1358,2793,1427,1366,9,1,8
4471036000,2026-06-30,충청남도,금산군,남이면,1929,1007,922,1933,1009,924,4,2,2
4471037000,2026-06-30,충청남도,금산군,진산면,3061,1551,1510,3072,1554,1518,11,3,8
4471038000,2026-06-30,충청남도,금산군,복수면,2805,1492,1313,2800,1489,1311,-5,-3,-2
4471039000,2026-06-30,충청남도,금산군,추부면,5817,3109,2708,5813,3110,2703,-4,1,-5
4476025000,2026-06-30,충청남도,부여군,부여읍,17324,8567,8757,17295,8551,8744,-29,-16,-13
4476031000,2026-06-30,충청남도,부여군,규암면,11178,5518,5660,11196,5517,5679,18,-1,19
4476032000,2026-06-30,충청남도,부여군,은산면,3490,1763,1727,3484,1762,1722,-6,-1,-5
4476033000,2026-06-30,충청남도,부여군,외산면,2112,1028,1084,2114,1034,1080,2,6,-4
4476034000,2026-06-30,충청남도,부여군,내산면,1421,716,705,1429,722,707,8,6,2
4476035000,2026-06-30,충청남도,부여군,구룡면,2130,1050,1080,2128,1052,1076,-2,2,-4
4476036000,2026-06-30,충청남도,부여군,홍산면,2506,1230,1276,2504,1230,1274,-2,0,-2
4476037000,2026-06-30,충청남도,부여군,옥산면,1311,640,671,1305,636,669,-6,-4,-2
4476038000,2026-06-30,충청남도,부여군,남면,1672,802,870,1668,800,868,-4,-2,-2
4476039000,2026-06-30,충청남도,부여군,충화면,1047,558,489,1049,560,489,2,2,0
4476040000,2026-06-30,충청남도,부여군,양화면,1506,721,785,1498,716,782,-8,-5,-3
4476041000,2026-06-30,충청남도,부여군,임천면,2533,1246,1287,2525,1243,1282,-8,-3,-5
4476042000,2026-06-30,충청남도,부여군,장암면,2421,1221,1200,2415,1219,1196,-6,-2,-4
4476043000,2026-06-30,충청남도,부여군,세도면,2778,1439,1339,2765,1430,1335,-13,-9,-4
4476044000,2026-06-30,충청남도,부여군,석성면,2540,1369,1171,2545,1368,1177,5,-1,6
4476045000,2026-06-30,충청남도,부여군,초촌면,1853,968,885,1842,964,878,-11,-4,-7
4477025000,2026-06-30,충청남도,서천군,장항읍,10382,5287,5095,10354,5267,5087,-28,-20,-8
4477025300,2026-06-30,충청남도,서천군,서천읍,12380,6062,6318,12337,6043,6294,-43,-19,-24
4477031000,2026-06-30,충청남도,서천군,마서면,4348,2183,2165,4349,2183,2166,1,0,1
4477032000,2026-06-30,충청남도,서천군,화양면,2007,993,1014,2007,990,1017,0,-3,3
4477033000,2026-06-30,충청남도,서천군,기산면,1452,734,718,1450,731,719,-2,-3,1
4477034000,2026-06-30,충청남도,서천군,한산면,2236,1053,1183,2238,1056,1182,2,3,-1
4477035000,2026-06-30,충청남도,서천군,마산면,1373,667,706,1365,662,703,-8,-5,-3
4477036000,2026-06-30,충청남도,서천군,시초면,1120,554,566,1117,553,564,-3,-1,-2
4477037000,2026-06-30,충청남도,서천군,문산면,1155,584,571,1159,588,571,4,4,0
4477038000,2026-06-30,충청남도,서천군,판교면,1872,921,951,1871,922,949,-1,1,-2
4477039000,2026-06-30,충청남도,서천군,종천면,1951,963,988,1949,965,984,-2,2,-4
4477040000,2026-06-30,충청남도,서천군,비인면,2696,1338,1358,2686,1331,1355,-10,-7,-3
4477041000,2026-06-30,충청남도,서천군,서면,3872,1988,1884,3879,2001,1878,7,13,-6
4479025000,2026-06-30,충청남도,청양군,청양읍,10395,5383,5012,10370,5373,4997,-25,-10,-15
4479031000,2026-06-30,충청남도,청양군,운곡면,2017,1029,988,2018,1026,992,1,-3,4
4479032000,2026-06-30,충청남도,청양군,대치면,2173,1123,1050,2166,1122,1044,-7,-1,-6
4479033000,2026-06-30,충청남도,청양군,정산면,3493,1814,1679,3517,1830,1687,24,16,8
4479034000,2026-06-30,충청남도,청양군,목면,1420,740,680,1420,739,681,0,-1,1
4479035000,2026-06-30,충청남도,청양군,청남면,1778,930,848,1773,926,847,-5,-4,-1
4479036000,2026-06-30,충청남도,청양군,장평면,2221,1138,1083,2215,1133,1082,-6,-5,-1
4479037000,2026-06-30,충청남도,청양군,남양면,2566,1274,1292,2559,1274,1285,-7,0,-7
4479038000,2026-06-30,충청남도,청양군,화성면,1995,1024,971,1994,1023,971,-1,-1,0
4479039000,2026-06-30,충청남도,청양군,비봉면,2023,1022,1001,2019,1021,998,-4,-1,-3
4480025000,2026-06-30,충청남도,홍성군,홍성읍,33792,16818,16974,33789,16816,16973,-3,-2,-1
4480025300,2026-06-30,충청남도,홍성군,광천읍,7104,3459,3645,7076,3443,3633,-28,-16,-12
4480025600,2026-06-30,충청남도,홍성군,홍북읍,38449,19384,19065,38624,19476,19148,175,92,83
4480032000,2026-06-30,충청남도,홍성군,금마면,3187,1635,1552,3183,1628,1555,-4,-7,3
4480033000,2026-06-30,충청남도,홍성군,홍동면,3171,1612,1559,3176,1614,1562,5,2,3
4480034000,2026-06-30,충청남도,홍성군,장곡면,2651,1296,1355,2647,1298,1349,-4,2,-6
4480035000,2026-06-30,충청남도,홍성군,은하면,1946,1026,920,1943,1028,915,-3,2,-5
4480036000,2026-06-30,충청남도,홍성군,결성면,1889,931,958,1890,934,956,1,3,-2
4480037000,2026-06-30,충청남도,홍성군,서부면,2901,1444,1457,2888,1434,1454,-13,-10,-3
4480038000,2026-06-30,충청남도,홍성군,갈산면,3222,1638,1584,3222,1639,1583,0,1,-1
4480039000,2026-06-30,충청남도,홍성군,구항면,3131,1608,1523,3128,1607,1521,-3,-1,-2
4481025000,2026-06-30,충청남도,예산군,예산읍,28951,14345,14606,28919,14317,14602,-32,-28,-4
4481025300,2026-06-30,충청남도,예산군,삽교읍,18962,9450,9512,19008,9490,9518,46,40,6
4481031000,2026-06-30,충청남도,예산군,대술면,2182,1140,1042,2172,1135,1037,-10,-5,-5
4481032000,2026-06-30,충청남도,예산군,신양면,2798,1438,1360,2799,1437,1362,1,-1,2
4481033000,2026-06-30,충청남도,예산군,광시면,2762,1419,1343,2763,1420,1343,1,1,0
4481034000,2026-06-30,충청남도,예산군,대흥면,1631,849,782,1630,848,782,-1,-1,0
4481035000,2026-06-30,충청남도,예산군,응봉면,2196,1131,1065,2192,1129,1063,-4,-2,-2
4481036000,2026-06-30,충청남도,예산군,덕산면,5939,2920,3019,5929,2914,3015,-10,-6,-4
4481037000,2026-06-30,충청남도,예산군,봉산면,2298,1177,1121,2304,1179,1125,6,2,4
4481038000,2026-06-30,충청남도,예산군,고덕면,3923,2030,1893,3916,2030,1886,-7,0,-7
4481039000,2026-06-30,충청남도,예산군,신암면,3049,1580,1469,3042,1576,1466,-7,-4,-3
4481040000,2026-06-30,충청남도,예산군,오가면,3646,1913,1733,3644,1914,1730,-2,1,-3
4482525000,2026-06-30,충청남도,태안군,태안읍,28515,14439,14076,28497,14437,14060,-18,-2,-16
4482525300,2026-06-30,충청남도,태안군,안면읍,7625,3832,3793,7612,3830,3782,-13,-2,-11
4482531000,2026-06-30,충청남도,태안군,고남면,2199,1086,1113,2195,1084,1111,-4,-2,-2
4482532000,2026-06-30,충청남도,태안군,남면,4102,2119,1983,4100,2113,1987,-2,-6,4
4482533000,2026-06-30,충청남도,태안군,근흥면,5249,2708,2541,5242,2705,2537,-7,-3,-4
4482534000,2026-06-30,충청남도,태안군,소원면,5100,2533,2567,5103,2532,2571,3,-1,4
4482535000,2026-06-30,충청남도,태안군,원북면,4170,2160,2010,4169,2160,2009,-1,0,-1
4482536000,2026-06-30,충청남도,태안군,이원면,2123,1098,1025,2121,1098,1023,-2,0,-2
4611051000,2026-06-30,전라남도,목포시,용당1동,8719,4387,4332,8694,4378,4316,-25,-9,-16
4611052000,2026-06-30,전라남도,목포시,용당2동,4293,2191,2102,4266,2176,2090,-27,-15,-12
4611053500,2026-06-30,전라남도,목포시,연동,3599,1800,1799,3588,1797,1791,-11,-3,-8
4611054500,2026-06-30,전라남도,목포시,산정동,8431,4095,4336,8406,4083,4323,-25,-12,-13
4611055400,2026-06-30,전라남도,목포시,연산동,9522,4658,4864,9514,4663,4851,-8,5,-13
4611055800,2026-06-30,전라남도,목포시,원산동,10856,5365,5491,10863,5365,5498,7,0,7
4611056500,2026-06-30,전라남도,목포시,대성동,4382,2198,2184,4364,2196,2168,-18,-2,-16
4611059500,2026-06-30,전라남도,목포시,목원동,5871,2982,2889,5837,2966,2871,-34,-16,-18
4611064000,2026-06-30,전라남도,목포시,동명동,4290,2187,2103,4284,2185,2099,-6,-2,-4
4611064500,2026-06-30,전라남도,목포시,삼학동,5206,2553,2653,5195,2549,2646,-11,-4,-7
4611065500,2026-06-30,전라남도,목포시,만호동,2240,1170,1070,2239,1164,1075,-1,-6,5
4611066000,2026-06-30,전라남도,목포시,유달동,3531,1939,1592,3530,1948,1582,-1,9,-10
4611069500,2026-06-30,전라남도,목포시,죽교동,2465,1263,1202,2467,1260,1207,2,-3,5
4611070500,2026-06-30,전라남도,목포시,북항동,7916,3944,3972,7893,3933,3960,-23,-11,-12
4611074500,2026-06-30,전라남도,목포시,용해동,15002,7370,7632,14958,7349,7609,-44,-21,-23
4611075000,2026-06-30,전라남도,목포시,이로동,9634,4725,4909,9638,4727,4911,4,2,2
4611075600,2026-06-30,전라남도,목포시,상동,20959,10216,10743,20883,10175,10708,-76,-41,-35
4611075700,2026-06-30,전라남도,목포시,하당동,14343,7350,6993,14349,7360,6989,6,10,-4
4611075800,2026-06-30,전라남도,목포시,신흥동,15580,7728,7852,15612,7729,7883,32,1,31
4611078000,2026-06-30,전라남도,목포시,삼향동,4135,2064,2071,4122,2056,2066,-13,-8,-5
4611079000,2026-06-30,전라남도,목포시,옥암동,10086,4804,5282,10055,4784,5271,-31,-20,-11
4611080000,2026-06-30,전라남도,목포시,부흥동,7483,3626,3857,7470,3621,3849,-13,-5,-8
4611081000,2026-06-30,전라남도,목포시,부주동,21270,10741,10529,21297,10757,10540,27,16,11
4613025000,2026-06-30,전라남도,여수시,돌산읍,2267,1161,1106,2256,1156,1100,-11,-5,-6
4613025100,2026-06-30,전라남도,여수시,돌산읍우두출장소,7854,4096,3758,7840,4087,3753,-14,-9,-5
4613025200,2026-06-30,전라남도,여수시,돌산읍죽포출장소,1703,831,872,1714,840,874,11,9,2
4613031000,2026-06-30,전라남도,여수시,소라면,20873,10540,10333,20858,10532,10326,-15,-8,-7
4613032000,2026-06-30,전라남도,여수시,율촌면,6044,3121,2923,6016,3103,2913,-28,-18,-10
4613033000,2026-06-30,전라남도,여수시,화양면,5830,3004,2826,5811,2993,2818,-19,-11,-8
4613034000,2026-06-30,전라남도,여수시,남면,2499,1296,1203,2500,1296,1204,1,0,1
4613035000,2026-06-30,전라남도,여수시,화정면,1254,649,605,1257,654,603,3,5,-2
4613035600,2026-06-30,전라남도,여수시,화정면개도출장소,741,390,351,737,389,348,-4,-1,-3
4613036000,2026-06-30,전라남도,여수시,삼산면,1949,1106,843,1944,1104,840,-5,-2,-3
4613051500,2026-06-30,전라남도,여수시,동문동,3906,1951,1955,3899,1944,1955,-7,-7,0
4613053500,2026-06-30,전라남도,여수시,한려동,2500,1239,1261,2493,1235,1258,-7,-4,-3
4613057000,2026-06-30,전라남도,여수시,중앙동,3566,1739,1827,3553,1733,1820,-13,-6,-7
4613060000,2026-06-30,전라남도,여수시,충무동,3251,1661,1590,3242,1657,1585,-9,-4,-5
4613062500,2026-06-30,전라남도,여수시,광림동,5775,2986,2789,5775,2992,2783,0,6,-6
4613063500,2026-06-30,전라남도,여수시,서강동,3690,1815,1875,3677,1812,1865,-13,-3,-10
4613065500,2026-06-30,전라남도,여수시,대교동,4397,2182,2215,4390,2178,2212,-7,-4,-3
4613067000,2026-06-30,전라남도,여수시,국동,9633,4841,4792,9599,4825,4774,-34,-16,-18
4613068500,2026-06-30,전라남도,여수시,월호동,6929,3399,3530,6898,3396,3502,-31,-3,-28
4613070000,2026-06-30,전라남도,여수시,여서동,15164,7384,7780,15106,7343,7763,-58,-41,-17
4613071000,2026-06-30,전라남도,여수시,문수동,18046,9084,8962,18029,9074,8955,-17,-10,-7
4613073000,2026-06-30,전라남도,여수시,미평동,10983,5891,5092,10974,5877,5097,-9,-14,5
4613074000,2026-06-30,전라남도,여수시,둔덕동,9130,4577,4553,9114,4571,4543,-16,-6,-10
4613076500,2026-06-30,전라남도,여수시,만덕동,9920,4957,4963,9909,4961,4948,-11,4,-15
4613078000,2026-06-30,전라남도,여수시,쌍봉동,31053,15871,15182,31061,15880,15181,8,9,-1
4613079000,2026-06-30,전라남도,여수시,시전동,43143,21569,21574,43102,21539,21563,-41,-30,-11
4613080000,2026-06-30,전라남도,여수시,여천동,18491,9820,8671,18456,9792,8664,-35,-28,-7
4613081000,2026-06-30,전라남도,여수시,주삼동,7371,3817,3554,7339,3795,3544,-32,-22,-10
4613082000,2026-06-30,전라남도,여수시,삼일동,1903,1041,862,1912,1045,867,9,4,5
4613083000,2026-06-30,전라남도,여수시,묘도동,1048,549,499,1041,545,496,-7,-4,-3
4615025000,2026-06-30,전라남도,순천시,승주읍,2296,1158,1138,2286,1155,1131,-10,-3,-7
4615031000,2026-06-30,전라남도,순천시,해룡면,4015,2095,1920,4003,2087,1916,-12,-8,-4
4615031500,2026-06-30,전라남도,순천시,해룡면상삼출장소,17612,8723,8889,17574,8710,8864,-38,-13,-25
4615031600,2026-06-30,전라남도,순천시,해룡면신대출장소,32685,16552,16133,32642,16525,16117,-43,-27,-16
4615032000,2026-06-30,전라남도,순천시,서면,14992,7601,7391,14978,7589,7389,-14,-12,-2
4615033000,2026-06-30,전라남도,순천시,황전면,2545,1296,1249,2531,1287,1244,-14,-9,-5
4615034000,2026-06-30,전라남도,순천시,월등면,1577,783,794,1573,779,794,-4,-4,0
4615035000,2026-06-30,전라남도,순천시,주암면,2768,1412,1356,2756,1405,1351,-12,-7,-5
4615036000,2026-06-30,전라남도,순천시,송광면,1314,702,612,1315,704,611,1,2,-1
4615037000,2026-06-30,전라남도,순천시,외서면,735,376,359,730,375,355,-5,-1,-4
4615038000,2026-06-30,전라남도,순천시,낙안면,2778,1379,1399,2772,1385,1387,-6,6,-12
4615039000,2026-06-30,전라남도,순천시,별량면,4976,2531,2445,4968,2528,2440,-8,-3,-5
4615040000,2026-06-30,전라남도,순천시,상사면,2770,1403,1367,2765,1402,1363,-5,-1,-4
4615051500,2026-06-30,전라남도,순천시,향동,3079,1492,1587,3064,1484,1580,-15,-8,-7
4615054000,2026-06-30,전라남도,순천시,매곡동,6253,3048,3205,6227,3028,3199,-26,-20,-6
4615055000,2026-06-30,전라남도,순천시,삼산동,28642,14206,14436,28579,14176,14403,-63,-30,-33
4615056000,2026-06-30,전라남도,순천시,조곡동,6971,3471,3500,6967,3467,3500,-4,-4,0
4615057000,2026-06-30,전라남도,순천시,덕연동,38827,19283,19544,38788,19278,19510,-39,-5,-34
4615058000,2026-06-30,전라남도,순천시,풍덕동,6681,3278,3403,6635,3253,3382,-46,-25,-21
4615059000,2026-06-30,전라남도,순천시,남제동,7311,3705,3606,7302,3687,3615,-9,-18,9
4615060000,2026-06-30,전라남도,순천시,저전동,2482,1211,1271,2480,1211,1269,-2,0,-2
4615061000,2026-06-30,전라남도,순천시,장천동,1744,931,813,1709,914,795,-35,-17,-18
4615062000,2026-06-30,전라남도,순천시,중앙동,2381,1224,1157,2394,1235,1159,13,11,2
4615063500,2026-06-30,전라남도,순천시,도사동,16706,8359,8347,16637,8317,8320,-69,-42,-27
4615066100,2026-06-30,전라남도,순천시,왕조1동,46056,22829,23227,45992,22771,23221,-64,-58,-6
4615066500,2026-06-30,전라남도,순천시,왕조2동,16489,8068,8421,16464,8049,8415,-25,-19,-6
4617025000,2026-06-30,전라남도,나주시,남평읍,11558,5805,5753,11548,5805,5743,-10,0,-10
4617031000,2026-06-30,전라남도,나주시,세지면,2259,1186,1073,2254,1183,1071,-5,-3,-2
4617032000,2026-06-30,전라남도,나주시,왕곡면,2534,1346,1188,2527,1339,1188,-7,-7,0
4617033000,2026-06-30,전라남도,나주시,반남면,1228,637,591,1214,631,583,-14,-6,-8
4617034000,2026-06-30,전라남도,나주시,공산면,2006,1043,963,1989,1033,956,-17,-10,-7
4617035000,2026-06-30,전라남도,나주시,동강면,2166,1104,1062,2162,1102,1060,-4,-2,-2
4617036000,2026-06-30,전라남도,나주시,다시면,3194,1653,1541,3194,1654,1540,0,1,-1
4617037000,2026-06-30,전라남도,나주시,문평면,1674,866,808,1666,863,803,-8,-3,-5
4617038000,2026-06-30,전라남도,나주시,노안면,4067,2159,1908,4060,2152,1908,-7,-7,0
4617039000,2026-06-30,전라남도,나주시,금천면,6767,3436,3331,6757,3432,3325,-10,-4,-6
4617040000,2026-06-30,전라남도,나주시,산포면,2967,1586,1381,2966,1581,1385,-1,-5,4
4617042000,2026-06-30,전라남도,나주시,다도면,1739,909,830,1735,905,830,-4,-4,0
4617043000,2026-06-30,전라남도,나주시,봉황면,3682,1985,1697,3668,1969,1699,-14,-16,2
4617051000,2026-06-30,전라남도,나주시,송월동,11249,5625,5624,11274,5640,5634,25,15,10
4617052000,2026-06-30,전라남도,나주시,영강동,2439,1234,1205,2420,1220,1200,-19,-14,-5
4617054000,2026-06-30,전라남도,나주시,금남동,4133,2076,2057,4119,2065,2054,-14,-11,-3
4617055000,2026-06-30,전라남도,나주시,성북동,7848,3930,3918,7837,3923,3914,-11,-7,-4
4617058000,2026-06-30,전라남도,나주시,영산동,2660,1394,1266,2667,1395,1272,7,1,6
4617060000,2026-06-30,전라남도,나주시,이창동,3068,1648,1420,3062,1645,1417,-6,-3,-3
4617062000,2026-06-30,전라남도,나주시,빛가람동,39553,19513,20040,39572,19539,20033,19,26,-7
4623025000,2026-06-30,전라남도,광양시,광양읍,49448,25493,23955,49517,25530,23987,69,37,32
4623031000,2026-06-30,전라남도,광양시,봉강면,1952,1021,931,1946,1019,927,-6,-2,-4
4623032000,2026-06-30,전라남도,광양시,옥룡면,2753,1398,1355,2760,1395,1365,7,-3,10
4623033000,2026-06-30,전라남도,광양시,옥곡면,4717,2414,2303,4690,2407,2283,-27,-7,-20
4623034000,2026-06-30,전라남도,광양시,진상면,2408,1237,1171,2409,1240,1169,1,3,-2
4623035000,2026-06-30,전라남도,광양시,진월면,2414,1206,1208,2415,1207,1208,1,1,0
4623036000,2026-06-30,전라남도,광양시,다압면,1556,775,781,1542,769,773,-14,-6,-8
4623051500,2026-06-30,전라남도,광양시,골약동,13082,6773,6309,13085,6783,6302,3,10,-7
4623053000,2026-06-30,전라남도,광양시,중마동,56787,30224,26563,56831,30243,26588,44,19,25
4623054000,2026-06-30,전라남도,광양시,광영동,9906,5295,4611,9890,5292,4598,-16,-3,-13
4623055000,2026-06-30,전라남도,광양시,금호동,9491,5212,4279,9501,5218,4283,10,6,4
4623057000,2026-06-30,전라남도,광양시,태인동,1395,773,622,1389,769,620,-6,-4,-2
4671025000,2026-06-30,전라남도,담양군,담양읍,15145,7537,7608,15116,7524,7592,-29,-13,-16
4671031000,2026-06-30,전라남도,담양군,봉산면,2561,1333,1228,2546,1331,1215,-15,-2,-13
4671032000,2026-06-30,전라남도,담양군,고서면,2812,1411,1401,2796,1402,1394,-16,-9,-7
4671033500,2026-06-30,전라남도,담양군,가사문학면,1161,586,575,1161,583,578,0,-3,3
4671034000,2026-06-30,전라남도,담양군,창평면,3338,1709,1629,3340,1706,1634,2,-3,5
4671035000,2026-06-30,전라남도,담양군,대덕면,1828,931,897,1822,928,894,-6,-3,-3
4671036000,2026-06-30,전라남도,담양군,무정면,2262,1165,1097,2268,1172,1096,6,7,-1
4671037000,2026-06-30,전라남도,담양군,금성면,2393,1226,1167,2407,1235,1172,14,9,5
4671038000,2026-06-30,전라남도,담양군,용면,1718,865,853,1710,863,847,-8,-2,-6
4671039000,2026-06-30,전라남도,담양군,월산면,2182,1139,1043,2178,1135,1043,-4,-4,0
4671040000,2026-06-30,전라남도,담양군,수북면,4699,2404,2295,4695,2399,2296,-4,-5,1
4671041000,2026-06-30,전라남도,담양군,대전면,4013,2000,2013,3992,1990,2002,-21,-10,-11
4672025000,2026-06-30,전라남도,곡성군,곡성읍,8032,3918,4114,8049,3926,4123,17,8,9
4672031000,2026-06-30,전라남도,곡성군,오곡면,1747,864,883,1748,868,880,1,4,-3
4672032000,2026-06-30,전라남도,곡성군,삼기면,1666,838,828,1664,838,826,-2,0,-2
4672033000,2026-06-30,전라남도,곡성군,석곡면,2174,1047,1127,2171,1051,1120,-3,4,-7
4672034000,2026-06-30,전라남도,곡성군,목사동면,1348,694,654,1344,692,652,-4,-2,-2
4672035000,2026-06-30,전라남도,곡성군,죽곡면,1946,957,989,1960,964,996,14,7,7
4672036000,2026-06-30,전라남도,곡성군,고달면,1075,563,512,1071,563,508,-4,0,-4
4672037000,2026-06-30,전라남도,곡성군,옥과면,4115,2079,2036,4117,2082,2035,2,3,-1
4672038000,2026-06-30,전라남도,곡성군,입면,2335,1203,1132,2336,1204,1132,1,1,0
4672039000,2026-06-30,전라남도,곡성군,겸면,1676,825,851,1669,822,847,-7,-3,-4
4672040000,2026-06-30,전라남도,곡성군,오산면,1529,802,727,1528,804,724,-1,2,-3
4673025000,2026-06-30,전라남도,구례군,구례읍,10475,5099,5376,10639,5172,5467,164,73,91
4673031000,2026-06-30,전라남도,구례군,문척면,1286,666,620,1307,678,629,21,12,9
4673032000,2026-06-30,전라남도,구례군,간전면,1368,668,700,1389,682,707,21,14,7
4673033000,2026-06-30,전라남도,구례군,토지면,2376,1171,1205,2420,1190,1230,44,19,25
4673034000,2026-06-30,전라남도,구례군,마산면,2335,1138,1197,2356,1151,1205,21,13,8
4673035000,2026-06-30,전라남도,구례군,광의면,2134,1051,1083,2160,1062,1098,26,11,15
4673036000,2026-06-30,전라남도,구례군,용방면,1279,623,656,1300,636,664,21,13,8
4673037000,2026-06-30,전라남도,구례군,산동면,2742,1320,1422,2766,1334,1432,24,14,10
4677025000,2026-06-30,전라남도,고흥군,고흥읍,12295,6035,6260,12279,6029,6250,-16,-6,-10
4677025300,2026-06-30,전라남도,고흥군,도양읍,9158,4532,4626,9141,4507,4634,-17,-25,8
4677025400,2026-06-30,전라남도,고흥군,도양읍소록출장소,491,257,234,482,251,231,-9,-6,-3
4677025500,2026-06-30,전라남도,고흥군,도양읍시산출장소,188,98,90,188,98,90,0,0,0
4677031000,2026-06-30,전라남도,고흥군,풍양면,2871,1480,1391,2869,1479,1390,-2,-1,-1
4677032000,2026-06-30,전라남도,고흥군,도덕면,2652,1341,1311,2654,1343,1311,2,2,0
4677033000,2026-06-30,전라남도,고흥군,금산면,3891,1941,1950,3876,1930,1946,-15,-11,-4
4677034000,2026-06-30,전라남도,고흥군,도화면,3499,1738,1761,3487,1730,1757,-12,-8,-4
4677035000,2026-06-30,전라남도,고흥군,포두면,4415,2164,2251,4424,2172,2252,9,8,1
4677036000,2026-06-30,전라남도,고흥군,봉래면,1770,905,865,1770,904,866,0,-1,1
4677037000,2026-06-30,전라남도,고흥군,점암면,2507,1260,1247,2533,1279,1254,26,19,7
4677038000,2026-06-30,전라남도,고흥군,과역면,3011,1458,1553,2995,1451,1544,-16,-7,-9
4677039000,2026-06-30,전라남도,고흥군,남양면,2127,1046,1081,2124,1049,1075,-3,3,-6
4677040000,2026-06-30,전라남도,고흥군,동강면,2820,1409,1411,2802,1404,1398,-18,-5,-13
4677041000,2026-06-30,전라남도,고흥군,대서면,2049,1010,1039,2051,1013,1038,2,3,-1
4677042000,2026-06-30,전라남도,고흥군,두원면,2793,1370,1423,2792,1369,1423,-1,-1,0
4677044000,2026-06-30,전라남도,고흥군,영남면,1152,563,589,1147,561,586,-5,-2,-3
4677045000,2026-06-30,전라남도,고흥군,동일면,1358,717,641,1362,720,642,4,3,1
4678025000,2026-06-30,전라남도,보성군,보성읍,8405,4114,4291,8640,4227,4413,235,113,122
4678025300,2026-06-30,전라남도,보성군,벌교읍,10624,5173,5451,10875,5290,5585,251,117,134
4678031000,2026-06-30,전라남도,보성군,노동면,1065,529,536,1104,549,555,39,20,19
4678032000,2026-06-30,전라남도,보성군,미력면,1328,681,647,1374,705,669,46,24,22
4678033000,2026-06-30,전라남도,보성군,겸백면,1073,543,530,1087,554,533,14,11,3
4678034000,2026-06-30,전라남도,보성군,율어면,1079,550,529,1098,556,542,19,6,13
4678035000,2026-06-30,전라남도,보성군,복내면,1482,717,765,1528,739,789,46,22,24
4678036000,2026-06-30,전라남도,보성군,문덕면,905,466,439,939,479,460,34,13,21
4678037000,2026-06-30,전라남도,보성군,조성면,3287,1592,1695,3352,1628,1724,65,36,29
4678038000,2026-06-30,전라남도,보성군,득량면,2477,1237,1240,2526,1257,1269,49,20,29
4678038500,2026-06-30,전라남도,보성군,득량면예당출장소,1106,527,579,1115,530,585,9,3,6
4678039000,2026-06-30,전라남도,보성군,회천면,2846,1411,1435,2893,1436,1457,47,25,22
4678040000,2026-06-30,전라남도,보성군,웅치면,1014,517,497,1028,523,505,14,6,8
4679025000,2026-06-30,전라남도,화순군,화순읍,38916,18955,19961,38859,18931,19928,-57,-24,-33
4679031000,2026-06-30,전라남도,화순군,한천면,915,482,433,917,482,435,2,0,2
4679031500,2026-06-30,전라남도,화순군,한천면영외출장소,400,191,209,400,190,210,0,-1,1
4679032000,2026-06-30,전라남도,화순군,춘양면,1616,848,768,1598,839,759,-18,-9,-9
4679033000,2026-06-30,전라남도,화순군,청풍면,955,497,458,957,501,456,2,4,-2
4679034000,2026-06-30,전라남도,화순군,이양면,1658,843,815,1658,845,813,0,2,-2
4679035000,2026-06-30,전라남도,화순군,능주면,2805,1377,1428,2788,1374,1414,-17,-3,-14
4679036000,2026-06-30,전라남도,화순군,도곡면,2713,1405,1308,2698,1398,1300,-15,-7,-8
4679037000,2026-06-30,전라남도,화순군,도암면,1298,677,621,1297,675,622,-1,-2,1
4679038000,2026-06-30,전라남도,화순군,이서면,931,470,461,932,471,461,1,1,0
4679039500,2026-06-30,전라남도,화순군,백아면,1453,747,706,1457,750,707,4,3,1
4679040000,2026-06-30,전라남도,화순군,동복면,1437,695,742,1435,693,742,-2,-2,0
4679041500,2026-06-30,전라남도,화순군,사평면,1998,1033,965,2000,1035,965,2,2,0
4679042000,2026-06-30,전라남도,화순군,동면,2913,1500,1413,2913,1496,1417,0,-4,4
4680025000,2026-06-30,전라남도,장흥군,장흥읍,14656,7167,7489,14635,7167,7468,-21,0,-21
4680025300,2026-06-30,전라남도,장흥군,관산읍,4282,2105,2177,4266,2101,2165,-16,-4,-12
4680025600,2026-06-30,전라남도,장흥군,대덕읍,2862,1416,1446,2856,1416,1440,-6,0,-6
4680031000,2026-06-30,전라남도,장흥군,용산면,2060,1043,1017,2055,1038,1017,-5,-5,0
4680032000,2026-06-30,전라남도,장흥군,안양면,2551,1270,1281,2552,1276,1276,1,6,-5
4680033000,2026-06-30,전라남도,장흥군,장동면,1101,542,559,1099,543,556,-2,1,-3
4680034000,2026-06-30,전라남도,장흥군,장평면,1889,948,941,1884,946,938,-5,-2,-3
4680035000,2026-06-30,전라남도,장흥군,유치면,897,454,443,900,455,445,3,1,2
4680036000,2026-06-30,전라남도,장흥군,부산면,1315,663,652,1315,661,654,0,-2,2
4680037000,2026-06-30,전라남도,장흥군,회진면,2393,1193,1200,2390,1191,1199,-3,-2,-1
4681025000,2026-06-30,전라남도,강진군,강진읍,12406,5977,6429,12373,5965,6408,-33,-12,-21
4681031000,2026-06-30,전라남도,강진군,군동면,4731,2374,2357,4722,2369,2353,-9,-5,-4
4681032000,2026-06-30,전라남도,강진군,칠량면,1998,996,1002,1992,996,996,-6,0,-6
4681033000,2026-06-30,전라남도,강진군,대구면,990,488,502,986,486,500,-4,-2,-2
4681034000,2026-06-30,전라남도,강진군,도암면,2254,1109,1145,2246,1110,1136,-8,1,-9
4681035000,2026-06-30,전라남도,강진군,신전면,1591,799,792,1589,797,792,-2,-2,0
4681036000,2026-06-30,전라남도,강진군,성전면,2562,1282,1280,2556,1277,1279,-6,-5,-1
4681037000,2026-06-30,전라남도,강진군,작천면,1631,827,804,1627,827,800,-4,0,-4
4681038000,2026-06-30,전라남도,강진군,병영면,1430,684,746,1422,686,736,-8,2,-10
4681039000,2026-06-30,전라남도,강진군,옴천면,561,286,275,565,289,276,4,3,1
4681040000,2026-06-30,전라남도,강진군,마량면,1592,791,801,1588,791,797,-4,0,-4
4682025000,2026-06-30,전라남도,해남군,해남읍,23485,11581,11904,23483,11590,11893,-2,9,-11
4682031000,2026-06-30,전라남도,해남군,삼산면,2626,1334,1292,2632,1335,1297,6,1,5
4682032000,2026-06-30,전라남도,해남군,화산면,2807,1445,1362,2798,1444,1354,-9,-1,-8
4682033000,2026-06-30,전라남도,해남군,현산면,2507,1263,1244,2506,1264,1242,-1,1,-2
4682034000,2026-06-30,전라남도,해남군,송지면,5361,2712,2649,5339,2704,2635,-22,-8,-14
4682035000,2026-06-30,전라남도,해남군,북평면,2416,1187,1229,2416,1194,1222,0,7,-7
4682036000,2026-06-30,전라남도,해남군,북일면,1784,892,892,1771,882,889,-13,-10,-3
4682037000,2026-06-30,전라남도,해남군,옥천면,2721,1380,1341,2724,1382,1342,3,2,1
4682038000,2026-06-30,전라남도,해남군,계곡면,2003,985,1018,1999,982,1017,-4,-3,-1
4682039000,2026-06-30,전라남도,해남군,마산면,2221,1160,1061,2218,1162,1056,-3,2,-5
4682040000,2026-06-30,전라남도,해남군,황산면,4160,2084,2076,4154,2081,2073,-6,-3,-3
4682041000,2026-06-30,전라남도,해남군,산이면,3381,1766,1615,3376,1766,1610,-5,0,-5
4682042000,2026-06-30,전라남도,해남군,문내면,3474,1779,1695,3472,1776,1696,-2,-3,1
4682043000,2026-06-30,전라남도,해남군,화원면,3140,1699,1441,3139,1700,1439,-1,1,-2
4683025000,2026-06-30,전라남도,영암군,영암읍,7681,3828,3853,7659,3822,3837,-22,-6,-16
4683025300,2026-06-30,전라남도,영암군,삼호읍,15066,8109,6957,15075,8122,6953,9,13,-4
4683025400,2026-06-30,전라남도,영암군,삼호읍서부출장소,5806,3576,2230,5803,3576,2227,-3,0,-3
4683031000,2026-06-30,전라남도,영암군,덕진면,1637,838,799,1633,837,796,-4,-1,-3
4683032000,2026-06-30,전라남도,영암군,금정면,1924,994,930,1926,993,933,2,-1,3
4683033000,2026-06-30,전라남도,영암군,신북면,3331,1698,1633,3321,1693,1628,-10,-5,-5
4683034000,2026-06-30,전라남도,영암군,시종면,3153,1641,1512,3162,1647,1515,9,6,3
4683035000,2026-06-30,전라남도,영암군,도포면,1999,1046,953,2000,1046,954,1,0,1
4683036000,2026-06-30,전라남도,영암군,군서면,2952,1462,1490,2962,1468,1494,10,6,4
4683037000,2026-06-30,전라남도,영암군,서호면,1743,853,890,1745,854,891,2,1,1
4683038000,2026-06-30,전라남도,영암군,학산면,2745,1350,1395,2754,1348,1406,9,-2,11
4683039000,2026-06-30,전라남도,영암군,미암면,2032,1039,993,2036,1039,997,4,0,4
4684025000,2026-06-30,전라남도,무안군,무안읍,10568,5266,5302,10532,5253,5279,-36,-13,-23
4684025300,2026-06-30,전라남도,무안군,일로읍,25621,12745,12876,25627,12733,12894,6,-12,18
4684025600,2026-06-30,전라남도,무안군,삼향읍,4878,2568,2310,4885,2572,2313,7,4,3
4684025800,2026-06-30,전라남도,무안군,삼향읍남악출장소,32449,15991,16458,32395,15952,16443,-54,-39,-15
4684032000,2026-06-30,전라남도,무안군,몽탄면,2734,1380,1354,2726,1380,1346,-8,0,-8
4684033000,2026-06-30,전라남도,무안군,청계면,6361,3406,2955,6341,3395,2946,-20,-11,-9
4684034000,2026-06-30,전라남도,무안군,현경면,4211,2195,2016,4196,2184,2012,-15,-11,-4
4684035000,2026-06-30,전라남도,무안군,망운면,1829,942,887,1822,937,885,-7,-5,-2
4684036000,2026-06-30,전라남도,무안군,해제면,4411,2280,2131,4384,2269,2115,-27,-11,-16
4684037000,2026-06-30,전라남도,무안군,운남면,2745,1431,1314,2751,1436,1315,6,5,1
4686025000,2026-06-30,전라남도,함평군,함평읍,8078,4044,4034,8103,4059,4044,25,15,10
4686031000,2026-06-30,전라남도,함평군,손불면,3042,1574,1468,3053,1575,1478,11,1,10
4686032000,2026-06-30,전라남도,함평군,신광면,1573,804,769,1574,804,770,1,0,1
4686033000,2026-06-30,전라남도,함평군,학교면,3293,1673,1620,3308,1686,1622,15,13,2
4686034000,2026-06-30,전라남도,함평군,엄다면,1728,852,876,1719,846,873,-9,-6,-3
4686035000,2026-06-30,전라남도,함평군,대동면,2987,1569,1418,3008,1574,1434,21,5,16
4686036000,2026-06-30,전라남도,함평군,나산면,2563,1319,1244,2562,1318,1244,-1,-1,0
4686037000,2026-06-30,전라남도,함평군,해보면,2827,1434,1393,2867,1457,1410,40,23,17
4686038000,2026-06-30,전라남도,함평군,월야면,3399,1810,1589,3407,1813,1594,8,3,5
4687025000,2026-06-30,전라남도,영광군,영광읍,23615,11576,12039,23605,11553,12052,-10,-23,13
4687025300,2026-06-30,전라남도,영광군,백수읍,4471,2223,2248,4456,2213,2243,-15,-10,-5
4687025600,2026-06-30,전라남도,영광군,홍농읍,7077,3707,3370,7097,3728,3369,20,21,-1
4687031000,2026-06-30,전라남도,영광군,대마면,1636,852,784,1631,852,779,-5,0,-5
4687032000,2026-06-30,전라남도,영광군,묘량면,1742,876,866,1732,871,861,-10,-5,-5
4687033000,2026-06-30,전라남도,영광군,불갑면,1459,762,697,1449,758,691,-10,-4,-6
4687034000,2026-06-30,전라남도,영광군,군서면,2278,1180,1098,2287,1188,1099,9,8,1
4687035000,2026-06-30,전라남도,영광군,군남면,2280,1094,1186,2285,1099,1186,5,5,0
4687036000,2026-06-30,전라남도,영광군,염산면,3812,1907,1905,3814,1913,1901,2,6,-4
4687037000,2026-06-30,전라남도,영광군,법성면,4886,2435,2451,4864,2427,2437,-22,-8,-14
4687038000,2026-06-30,전라남도,영광군,낙월면,458,274,184,463,274,189,5,0,5
4687038500,2026-06-30,전라남도,영광군,낙월면안마출장소,219,136,83,219,135,84,0,-1,1
4688025000,2026-06-30,전라남도,장성군,장성읍,14991,7424,7567,15019,7444,7575,28,20,8
4688031000,2026-06-30,전라남도,장성군,진원면,3564,1793,1771,3582,1800,1782,18,7,11
4688032000,2026-06-30,전라남도,장성군,남면,3577,1957,1620,3584,1964,1620,7,7,0
4688033000,2026-06-30,전라남도,장성군,동화면,1808,949,859,1810,950,860,2,1,1
4688034000,2026-06-30,전라남도,장성군,삼서면,2944,1583,1361,2942,1582,1360,-2,-1,-1
4688035000,2026-06-30,전라남도,장성군,삼계면,5114,2752,2362,5169,2799,2370,55,47,8
4688036000,2026-06-30,전라남도,장성군,황룡면,3734,1944,1790,3723,1937,1786,-11,-7,-4
4688037000,2026-06-30,전라남도,장성군,서삼면,1475,771,704,1475,768,707,0,-3,3
4688038000,2026-06-30,전라남도,장성군,북일면,1305,668,637,1299,664,635,-6,-4,-2
4688039000,2026-06-30,전라남도,장성군,북이면,2580,1275,1305,2583,1277,1306,3,2,1
4688040000,2026-06-30,전라남도,장성군,북하면,1917,978,939,1909,975,934,-8,-3,-5
4689025000,2026-06-30,전라남도,완도군,완도읍,16708,8419,8289,16704,8413,8291,-4,-6,2
4689025300,2026-06-30,전라남도,완도군,금일읍,3310,1703,1607,3298,1702,1596,-12,-1,-11
4689025600,2026-06-30,전라남도,완도군,노화읍,3678,1889,1789,3685,1892,1793,7,3,4
4689029000,2026-06-30,전라남도,완도군,노화읍넙도출장소,682,385,297,674,380,294,-8,-5,-3
4689031000,2026-06-30,전라남도,완도군,군외면,2841,1440,1401,2842,1448,1394,1,8,-7
4689032000,2026-06-30,전라남도,완도군,신지면,3013,1552,1461,3005,1551,1454,-8,-1,-7
4689033000,2026-06-30,전라남도,완도군,고금면,3711,1838,1873,3688,1826,1862,-23,-12,-11
4689034000,2026-06-30,전라남도,완도군,약산면,2133,1101,1032,2136,1105,1031,3,4,-1
4689035000,2026-06-30,전라남도,완도군,청산면,1837,944,893,1835,941,894,-2,-3,1
4689035500,2026-06-30,전라남도,완도군,청산면모도출장소,214,118,96,218,121,97,4,3,1
4689036000,2026-06-30,전라남도,완도군,소안면,2212,1102,1110,2207,1100,1107,-5,-2,-3
4689037000,2026-06-30,전라남도,완도군,금당면,795,402,393,793,401,392,-2,-1,-1
4689038000,2026-06-30,전라남도,완도군,보길면,2391,1226,1165,2377,1219,1158,-14,-7,-7
4689039000,2026-06-30,전라남도,완도군,생일면,713,383,330,713,383,330,0,0,0
4690025000,2026-06-30,전라남도,진도군,진도읍,10140,5057,5083,10156,5073,5083,16,16,0
4690031000,2026-06-30,전라남도,진도군,군내면,2749,1408,1341,2743,1411,1332,-6,3,-9
4690032000,2026-06-30,전라남도,진도군,고군면,3218,1589,1629,3212,1588,1624,-6,-1,-5
4690033000,2026-06-30,전라남도,진도군,의신면,3225,1650,1575,3219,1645,1574,-6,-5,-1
4690034000,2026-06-30,전라남도,진도군,임회면,3101,1519,1582,3101,1525,1576,0,6,-6
4690035000,2026-06-30,전라남도,진도군,지산면,2802,1409,1393,2799,1406,1393,-3,-3,0
4690036000,2026-06-30,전라남도,진도군,조도면,2030,1080,950,2034,1084,950,4,4,0
4690036500,2026-06-30,전라남도,진도군,조도면가사출장소,232,134,98,233,135,98,1,1,0
4690036600,2026-06-30,전라남도,진도군,조도면거차출장소,387,201,186,385,201,184,-2,0,-2
4691025000,2026-06-30,전라남도,신안군,지도읍,4801,2531,2270,4819,2540,2279,18,9,9
4691025100,2026-06-30,전라남도,신안군,지도읍선도출장소,250,126,124,256,130,126,6,4,2
4691025300,2026-06-30,전라남도,신안군,압해읍,6571,3489,3082,6606,3509,3097,35,20,15
4691025400,2026-06-30,전라남도,신안군,압해읍매화출장소,287,150,137,288,151,137,1,1,0
4691025500,2026-06-30,전라남도,신안군,압해읍고이도출장소,264,142,122,265,142,123,1,0,1
4691031000,2026-06-30,전라남도,신안군,증도면,1585,872,713,1590,871,719,5,-1,6
4691031500,2026-06-30,전라남도,신안군,증도면병풍출장소,317,184,133,313,182,131,-4,-2,-2
4691032000,2026-06-30,전라남도,신안군,임자면,3486,1853,1633,3483,1853,1630,-3,0,-3
4691033000,2026-06-30,전라남도,신안군,자은면,2723,1427,1296,2717,1425,1292,-6,-2,-4
4691034000,2026-06-30,전라남도,신안군,비금면,3718,2002,1716,3716,2001,1715,-2,-1,-1
4691034500,2026-06-30,전라남도,신안군,비금면수치도출장소,143,84,59,145,85,60,2,1,1
4691035000,2026-06-30,전라남도,신안군,도초면,2432,1300,1132,2432,1301,1131,0,1,-1
4691035500,2026-06-30,전라남도,신안군,도초면우이도출장소,234,133,101,236,133,103,2,0,2
4691036000,2026-06-30,전라남도,신안군,흑산면,2164,1244,920,2157,1246,911,-7,2,-9
4691036500,2026-06-30,전라남도,신안군,흑산면가거도출장소,352,226,126,353,226,127,1,0,1
4691036600,2026-06-30,전라남도,신안군,흑산면태도출장소,205,117,88,206,116,90,1,-1,2
4691036700,2026-06-30,전라남도,신안군,흑산면홍도출장소,470,263,207,475,264,211,5,1,4
4691036800,2026-06-30,전라남도,신안군,흑산면대둔도출장소,283,177,106,284,177,107,1,0,1
4691037000,2026-06-30,전라남도,신안군,하의면,1680,936,744,1691,939,752,11,3,8
4691038000,2026-06-30,전라남도,신안군,신의면,1595,857,738,1603,863,740,8,6,2
4691039000,2026-06-30,전라남도,신안군,장산면,1648,905,743,1659,907,752,11,2,9
4691040000,2026-06-30,전라남도,신안군,안좌면,3823,2016,1807,3828,2018,1810,5,2,3
4691041000,2026-06-30,전라남도,신안군,팔금면,1015,515,500,1023,520,503,8,5,3
4691042000,2026-06-30,전라남도,신안군,암태면,2161,1138,1023,2174,1148,1026,13,10,3
4711125000,2026-06-30,경상북도,포항시 남구,구룡포읍,6516,3252,3264,6521,3255,3266,5,3,2
4711125300,2026-06-30,경상북도,포항시 남구,연일읍,26833,13549,13284,26713,13486,13227,-120,-63,-57
4711125600,2026-06-30,경상북도,포항시 남구,오천읍,56365,30355,26010,56123,30253,25870,-242,-102,-140
4711131000,2026-06-30,경상북도,포항시 남구,대송면,2893,1546,1347,2884,1540,1344,-9,-6,-3
4711132000,2026-06-30,경상북도,포항시 남구,동해면,8919,4483,4436,8856,4456,4400,-63,-27,-36
4711133000,2026-06-30,경상북도,포항시 남구,장기면,3586,1778,1808,3576,1776,1800,-10,-2,-8
4711135000,2026-06-30,경상북도,포항시 남구,호미곶면,1617,778,839,1616,778,838,-1,0,-1
4711152500,2026-06-30,경상북도,포항시 남구,상대동,21835,11442,10393,21739,11390,10349,-96,-52,-44
4711154500,2026-06-30,경상북도,포항시 남구,해도동,15132,7777,7355,15011,7717,7294,-121,-60,-61
4711155000,2026-06-30,경상북도,포항시 남구,송도동,10657,5306,5351,10628,5287,5341,-29,-19,-10
4711156000,2026-06-30,경상북도,포항시 남구,청림동,4427,2448,1979,4415,2438,1977,-12,-10,-2
4711157000,2026-06-30,경상북도,포항시 남구,제철동,2276,1261,1015,2263,1253,1010,-13,-8,-5
4711158000,2026-06-30,경상북도,포항시 남구,효곡동,28901,14770,14131,28749,14683,14066,-152,-87,-65
4711159000,2026-06-30,경상북도,포항시 남구,대이동,23376,11888,11488,23204,11792,11412,-172,-96,-76
4711325000,2026-06-30,경상북도,포항시 북구,흥해읍,60530,30460,30070,60384,30365,30019,-146,-95,-51
4711331000,2026-06-30,경상북도,포항시 북구,신광면,2701,1364,1337,2704,1370,1334,3,6,-3
4711332000,2026-06-30,경상북도,포항시 북구,청하면,4181,2071,2110,4177,2066,2111,-4,-5,1
4711333000,2026-06-30,경상북도,포항시 북구,송라면,2280,1115,1165,2283,1117,1166,3,2,1
4711334000,2026-06-30,경상북도,포항시 북구,기계면,4674,2312,2362,4654,2305,2349,-20,-7,-13
4711335000,2026-06-30,경상북도,포항시 북구,죽장면,2010,1032,978,2002,1031,971,-8,-1,-7
4711335500,2026-06-30,경상북도,포항시 북구,죽장면상옥출장소,619,329,290,616,326,290,-3,-3,0
4711336000,2026-06-30,경상북도,포항시 북구,기북면,1276,650,626,1282,656,626,6,6,0
4711352000,2026-06-30,경상북도,포항시 북구,중앙동,12986,6384,6602,13624,6706,6918,638,322,316
4711363000,2026-06-30,경상북도,포항시 북구,양학동,16390,7965,8425,17907,8737,9170,1517,772,745
4711365500,2026-06-30,경상북도,포항시 북구,죽도동,17732,8861,8871,17621,8805,8816,-111,-56,-55
4711366500,2026-06-30,경상북도,포항시 북구,용흥동,19044,9225,9819,18824,9113,9711,-220,-112,-108
4711368000,2026-06-30,경상북도,포항시 북구,우창동,30221,14668,15553,29962,14540,15422,-259,-128,-131
4711369000,2026-06-30,경상북도,포항시 북구,두호동,20211,9849,10362,20009,9748,10261,-202,-101,-101
4711370000,2026-06-30,경상북도,포항시 북구,장량동,70673,35800,34873,70530,35741,34789,-143,-59,-84
4711371000,2026-06-30,경상북도,포항시 북구,환여동,8194,3991,4203,8131,3952,4179,-63,-39,-24
4713025000,2026-06-30,경상북도,경주시,감포읍,4987,2526,2461,4998,2527,2471,11,1,10
4713025300,2026-06-30,경상북도,경주시,안강읍,21524,10695,10829,21469,10672,10797,-55,-23,-32
4713025600,2026-06-30,경상북도,경주시,건천읍,14727,7447,7280,14827,7502,7325,100,55,45
4713025900,2026-06-30,경상북도,경주시,외동읍,21445,11423,10022,21455,11437,10018,10,14,-4
4713031500,2026-06-30,경상북도,경주시,문무대왕면,3948,2085,1863,3951,2094,1857,3,9,-6
4713032000,2026-06-30,경상북도,경주시,양남면,6232,3267,2965,6230,3259,2971,-2,-8,6
4713033000,2026-06-30,경상북도,경주시,내남면,4290,2185,2105,4270,2176,2094,-20,-9,-11
4713034000,2026-06-30,경상북도,경주시,산내면,3123,1566,1557,3106,1557,1549,-17,-9,-8
4713035000,2026-06-30,경상북도,경주시,서면,2891,1484,1407,2884,1487,1397,-7,3,-10
4713036000,2026-06-30,경상북도,경주시,현곡면,21428,10484,10944,21418,10477,10941,-10,-7,-3
4713037000,2026-06-30,경상북도,경주시,강동면,5718,2972,2746,5704,2961,2743,-14,-11,-3
4713038000,2026-06-30,경상북도,경주시,천북면,5342,2746,2596,5353,2756,2597,11,10,1
4713053000,2026-06-30,경상북도,경주시,황오동,9517,4601,4916,9487,4581,4906,-30,-20,-10
4713055000,2026-06-30,경상북도,경주시,성건동,12238,6070,6168,12232,6058,6174,-6,-12,6
4713057000,2026-06-30,경상북도,경주시,황남동,3563,1764,1799,3557,1761,1796,-6,-3,-3
4713059000,2026-06-30,경상북도,경주시,선도동,13526,6772,6754,13482,6767,6715,-44,-5,-39
4713060500,2026-06-30,경상북도,경주시,월성동,5174,2522,2652,5179,2529,2650,5,7,-2
4713061500,2026-06-30,경상북도,경주시,용강동,24696,12129,12567,24719,12142,12577,23,13,10
4713062100,2026-06-30,경상북도,경주시,황성동,27916,13613,14303,27937,13606,14331,21,-7,28
4713063000,2026-06-30,경상북도,경주시,동천동,19847,9912,9935,19791,9888,9903,-56,-24,-32
4713065000,2026-06-30,경상북도,경주시,불국동,9449,4752,4697,9445,4744,4701,-4,-8,4
4713066000,2026-06-30,경상북도,경주시,보덕동,1560,780,780,1557,779,778,-3,-1,-2
4715025000,2026-06-30,경상북도,김천시,아포읍,7898,3989,3909,7879,3981,3898,-19,-8,-11
4715031000,2026-06-30,경상북도,김천시,농소면,2999,1564,1435,3005,1566,1439,6,2,4
4715032000,2026-06-30,경상북도,김천시,남면,2853,1490,1363,2849,1487,1362,-4,-3,-1
4715034000,2026-06-30,경상북도,김천시,개령면,2175,1122,1053,2178,1123,1055,3,1,2
4715035000,2026-06-30,경상북도,김천시,감문면,2979,1508,1471,2978,1507,1471,-1,-1,0
4715036000,2026-06-30,경상북도,김천시,어모면,3907,1993,1914,3904,1996,1908,-3,3,-6
4715037000,2026-06-30,경상북도,김천시,봉산면,2778,1452,1326,2771,1447,1324,-7,-5,-2
4715038000,2026-06-30,경상북도,김천시,대항면,3023,1556,1467,3020,1553,1467,-3,-3,0
4715039000,2026-06-30,경상북도,김천시,감천면,1665,855,810,1658,849,809,-7,-6,-1
4715040000,2026-06-30,경상북도,김천시,조마면,2005,1028,977,1987,1021,966,-18,-7,-11
4715041000,2026-06-30,경상북도,김천시,구성면,2544,1249,1295,2542,1249,1293,-2,0,-2
4715042000,2026-06-30,경상북도,김천시,지례면,1372,703,669,1369,704,665,-3,1,-4
4715043000,2026-06-30,경상북도,김천시,부항면,1163,588,575,1167,592,575,4,4,0
4715044000,2026-06-30,경상북도,김천시,대덕면,2068,1051,1017,2063,1052,1011,-5,1,-6
4715045000,2026-06-30,경상북도,김천시,증산면,941,479,462,940,478,462,-1,-1,0
4715051600,2026-06-30,경상북도,김천시,자산동,5661,2845,2816,5642,2831,2811,-19,-14,-5
4715053600,2026-06-30,경상북도,김천시,평화남산동,6710,3296,3414,6692,3284,3408,-18,-12,-6
4715056500,2026-06-30,경상북도,김천시,양금동,3282,1585,1697,3288,1587,1701,6,2,4
4715057500,2026-06-30,경상북도,김천시,대신동,22928,11443,11485,22895,11430,11465,-33,-13,-20
4715059500,2026-06-30,경상북도,김천시,대곡동,20218,10210,10008,20242,10205,10037,24,-5,29
4715061000,2026-06-30,경상북도,김천시,지좌동,10268,5267,5001,10267,5267,5000,-1,0,-1
4715064000,2026-06-30,경상북도,김천시,율곡동,23403,11727,11676,23404,11737,11667,1,10,-9
4717025000,2026-06-30,경상북도,안동시,풍산읍,7967,3985,3982,7973,3989,3984,6,4,2
4717031000,2026-06-30,경상북도,안동시,와룡면,3611,1887,1724,3605,1889,1716,-6,2,-8
4717032000,2026-06-30,경상북도,안동시,북후면,2706,1425,1281,2705,1424,1281,-1,-1,0
4717033000,2026-06-30,경상북도,안동시,서후면,3718,1998,1720,3707,1988,1719,-11,-10,-1
4717034000,2026-06-30,경상북도,안동시,풍천면,7562,3843,3719,7580,3861,3719,18,18,0
4717035000,2026-06-30,경상북도,안동시,일직면,2318,1143,1175,2318,1149,1169,0,6,-6
4717036000,2026-06-30,경상북도,안동시,남후면,1566,780,786,1569,780,789,3,0,3
4717037000,2026-06-30,경상북도,안동시,남선면,1925,996,929,1923,996,927,-2,0,-2
4717038000,2026-06-30,경상북도,안동시,임하면,2487,1319,1168,2491,1320,1171,4,1,3
4717039000,2026-06-30,경상북도,안동시,길안면,2499,1307,1192,2498,1308,1190,-1,1,-2
4717040000,2026-06-30,경상북도,안동시,임동면,1525,779,746,1525,779,746,0,0,0
4717041000,2026-06-30,경상북도,안동시,예안면,1625,838,787,1612,833,779,-13,-5,-8
4717042000,2026-06-30,경상북도,안동시,도산면,1328,713,615,1336,717,619,8,4,4
4717043000,2026-06-30,경상북도,안동시,녹전면,1527,797,730,1524,794,730,-3,-3,0
4717051000,2026-06-30,경상북도,안동시,중구동,4859,2377,2482,4847,2369,2478,-12,-8,-4
4717052000,2026-06-30,경상북도,안동시,명륜동,4608,2224,2384,4583,2212,2371,-25,-12,-13
4717055500,2026-06-30,경상북도,안동시,용상동,24847,12625,12222,24742,12550,12192,-105,-75,-30
4717058500,2026-06-30,경상북도,안동시,서구동,8144,3888,4256,8113,3870,4243,-31,-18,-13
4717060000,2026-06-30,경상북도,안동시,태화동,11858,5834,6024,11822,5817,6005,-36,-17,-19
4717062000,2026-06-30,경상북도,안동시,평화동,5781,2788,2993,5749,2773,2976,-32,-15,-17
4717063000,2026-06-30,경상북도,안동시,안기동,5669,2763,2906,5666,2756,2910,-3,-7,4
4717065000,2026-06-30,경상북도,안동시,옥동,19598,9235,10363,19538,9200,10338,-60,-35,-25
4717066000,2026-06-30,경상북도,안동시,송하동,14560,7117,7443,14501,7088,7413,-59,-29,-30
4717069000,2026-06-30,경상북도,안동시,강남동,9958,4869,5089,9937,4859,5078,-21,-10,-11
4719025000,2026-06-30,경상북도,구미시,선산읍,13034,6452,6582,13008,6435,6573,-26,-17,-9
4719025300,2026-06-30,경상북도,구미시,고아읍,40198,20011,20187,40196,20010,20186,-2,-1,-1
4719025600,2026-06-30,경상북도,구미시,산동읍,30880,16164,14716,30960,16196,14764,80,32,48
4719031000,2026-06-30,경상북도,구미시,무을면,1683,837,846,1676,837,839,-7,0,-7
4719032000,2026-06-30,경상북도,구미시,옥성면,1576,819,757,1577,818,759,1,-1,2
4719033000,2026-06-30,경상북도,구미시,도개면,1953,1007,946,1956,1012,944,3,5,-2
4719034000,2026-06-30,경상북도,구미시,해평면,3526,1872,1654,3525,1874,1651,-1,2,-3
4719036000,2026-06-30,경상북도,구미시,장천면,2659,1390,1269,2659,1389,1270,0,-1,1
4719051000,2026-06-30,경상북도,구미시,송정동,22975,11167,11808,22916,11154,11762,-59,-13,-46
4719053500,2026-06-30,경상북도,구미시,원평동,9427,5032,4395,9432,5037,4395,5,5,0
4719055100,2026-06-30,경상북도,구미시,도량동,25841,12404,13437,25777,12368,13409,-64,-36,-28
4719055500,2026-06-30,경상북도,구미시,지산동,1781,917,864,1776,915,861,-5,-2,-3
4719056500,2026-06-30,경상북도,구미시,선주원남동,35671,18070,17601,35648,18058,17590,-23,-12,-11
4719058200,2026-06-30,경상북도,구미시,형곡1동,12225,5991,6234,12197,5978,6219,-28,-13,-15
4719058300,2026-06-30,경상북도,구미시,형곡2동,14509,7221,7288,14506,7241,7265,-3,20,-23
4719059000,2026-06-30,경상북도,구미시,신평1동,4538,2583,1955,4534,2578,1956,-4,-5,1
4719060000,2026-06-30,경상북도,구미시,신평2동,2778,1489,1289,2781,1486,1295,3,-3,6
4719061000,2026-06-30,경상북도,구미시,비산동,13340,7057,6283,13377,7087,6290,37,30,7
4719063000,2026-06-30,경상북도,구미시,광평동,3926,2176,1750,3929,2179,1750,3,3,0
4719064500,2026-06-30,경상북도,구미시,상모사곡동,29681,15633,14048,29676,15631,14045,-5,-2,-3
4719066000,2026-06-30,경상북도,구미시,임오동,16557,8688,7869,16537,8681,7856,-20,-7,-13
4719067000,2026-06-30,경상북도,구미시,인동동,46249,24428,21821,46216,24406,21810,-33,-22,-11
4719068000,2026-06-30,경상북도,구미시,진미동,15967,9376,6591,15971,9388,6583,4,12,-8
4719069000,2026-06-30,경상북도,구미시,양포동,47907,25458,22449,47919,25474,22445,12,16,-4
4719070000,2026-06-30,경상북도,구미시,공단동,3986,2240,1746,3977,2236,1741,-9,-4,-5
4721025000,2026-06-30,경상북도,영주시,풍기읍,9948,5034,4914,9925,5015,4910,-23,-19,-4
4721031000,2026-06-30,경상북도,영주시,이산면,2092,1082,1010,2087,1081,1006,-5,-1,-4
4721032000,2026-06-30,경상북도,영주시,평은면,1329,677,652,1326,676,650,-3,-1,-2
4721033000,2026-06-30,경상북도,영주시,문수면,1804,953,851,1806,953,853,2,0,2
4721034000,2026-06-30,경상북도,영주시,장수면,1949,1009,940,1945,1006,939,-4,-3,-1
4721035000,2026-06-30,경상북도,영주시,안정면,2716,1366,1350,2713,1366,1347,-3,0,-3
4721036000,2026-06-30,경상북도,영주시,봉현면,2435,1256,1179,2431,1253,1178,-4,-3,-1
4721037000,2026-06-30,경상북도,영주시,순흥면,1810,913,897,1805,915,890,-5,2,-7
4721038000,2026-06-30,경상북도,영주시,단산면,1670,831,839,1673,833,840,3,2,1
4721039000,2026-06-30,경상북도,영주시,부석면,2701,1357,1344,2703,1360,1343,2,3,-1
4721051000,2026-06-30,경상북도,영주시,상망동,6782,3355,3427,6756,3342,3414,-26,-13,-13
4721052500,2026-06-30,경상북도,영주시,하망동,5613,2724,2889,5602,2715,2887,-11,-9,-2
4721055000,2026-06-30,경상북도,영주시,영주1동,3363,1643,1720,3353,1636,1717,-10,-7,-3
4721056000,2026-06-30,경상북도,영주시,영주2동,4371,2052,2319,4355,2044,2311,-16,-8,-8
4721059000,2026-06-30,경상북도,영주시,휴천1동,6884,3410,3474,6884,3409,3475,0,-1,1
4721060000,2026-06-30,경상북도,영주시,휴천2동,9554,4677,4877,9557,4678,4879,3,1,2
4721061000,2026-06-30,경상북도,영주시,휴천3동,6771,3317,3454,6760,3304,3456,-11,-13,2
4721062000,2026-06-30,경상북도,영주시,가흥1동,14855,7534,7321,14873,7541,7332,18,7,11
4721063000,2026-06-30,경상북도,영주시,가흥2동,9864,4848,5016,9886,4861,5025,22,13,9
4723025000,2026-06-30,경상북도,영천시,금호읍,9849,5249,4600,9813,5233,4580,-36,-16,-20
4723031000,2026-06-30,경상북도,영천시,청통면,3761,1988,1773,3756,1984,1772,-5,-4,-1
4723032000,2026-06-30,경상북도,영천시,신녕면,3464,1696,1768,3460,1694,1766,-4,-2,-2
4723033000,2026-06-30,경상북도,영천시,화산면,2862,1513,1349,2851,1507,1344,-11,-6,-5
4723034000,2026-06-30,경상북도,영천시,화북면,2134,1097,1037,2124,1092,1032,-10,-5,-5
4723035000,2026-06-30,경상북도,영천시,화남면,3115,1652,1463,3104,1648,1456,-11,-4,-7
4723036000,2026-06-30,경상북도,영천시,자양면,1227,650,577,1227,650,577,0,0,0
4723037000,2026-06-30,경상북도,영천시,임고면,3935,2031,1904,3935,2031,1904,0,0,0
4723038000,2026-06-30,경상북도,영천시,고경면,5322,2868,2454,5273,2833,2440,-49,-35,-14
4723039000,2026-06-30,경상북도,영천시,북안면,4091,2177,1914,4083,2177,1906,-8,0,-8
4723040000,2026-06-30,경상북도,영천시,대창면,2858,1528,1330,2841,1523,1318,-17,-5,-12
4723051000,2026-06-30,경상북도,영천시,동부동,25357,12458,12899,25290,12426,12864,-67,-32,-35
4723052000,2026-06-30,경상북도,영천시,중앙동,8689,4409,4280,8692,4416,4276,3,7,-4
4723053500,2026-06-30,경상북도,영천시,서부동,4228,2129,2099,4216,2124,2092,-12,-5,-7
4723054000,2026-06-30,경상북도,영천시,완산동,9739,4748,4991,9732,4738,4994,-7,-10,3
4723055500,2026-06-30,경상북도,영천시,남부동,3700,2022,1678,3710,2026,1684,10,4,6
4725025000,2026-06-30,경상북도,상주시,함창읍,5912,2881,3031,5880,2863,3017,-32,-18,-14
4725031000,2026-06-30,경상북도,상주시,중동면,1274,643,631,1275,646,629,1,3,-2
4725032500,2026-06-30,경상북도,상주시,사벌국면,3563,1786,1777,3558,1786,1772,-5,0,-5
4725033000,2026-06-30,경상북도,상주시,낙동면,2740,1359,1381,2730,1355,1375,-10,-4,-6
4725033500,2026-06-30,경상북도,상주시,낙동면동부출장소,888,445,443,886,444,442,-2,-1,-1
4725034000,2026-06-30,경상북도,상주시,청리면,2338,1117,1221,2344,1125,1219,6,8,-2
4725035000,2026-06-30,경상북도,상주시,공성면,3674,1827,1847,3667,1826,1841,-7,-1,-6
4725036000,2026-06-30,경상북도,상주시,외남면,1468,749,719,1470,752,718,2,3,-1
4725037000,2026-06-30,경상북도,상주시,내서면,1759,911,848,1762,910,852,3,-1,4
4725038000,2026-06-30,경상북도,상주시,모동면,2433,1260,1173,2423,1254,1169,-10,-6,-4
4725039000,2026-06-30,경상북도,상주시,모서면,1558,790,768,1549,786,763,-9,-4,-5
4725039500,2026-06-30,경상북도,상주시,모서면서부출장소,678,333,345,679,333,346,1,0,1
4725040000,2026-06-30,경상북도,상주시,화동면,1802,926,876,1793,926,867,-9,0,-9
4725041000,2026-06-30,경상북도,상주시,화서면,2687,1317,1370,2682,1316,1366,-5,-1,-4
4725042000,2026-06-30,경상북도,상주시,화북면,1100,558,542,1100,558,542,0,0,0
4725042600,2026-06-30,경상북도,상주시,화북면서부출장소,296,162,134,296,162,134,0,0,0
4725043000,2026-06-30,경상북도,상주시,외서면,2397,1156,1241,2382,1150,1232,-15,-6,-9
4725044000,2026-06-30,경상북도,상주시,은척면,1093,532,561,1098,535,563,5,3,2
4725044500,2026-06-30,경상북도,상주시,은척면북부출장소,338,176,162,340,178,162,2,2,0
4725045000,2026-06-30,경상북도,상주시,공검면,1904,932,972,1890,925,965,-14,-7,-7
4725046000,2026-06-30,경상북도,상주시,이안면,1862,934,928,1855,929,926,-7,-5,-2
4725047000,2026-06-30,경상북도,상주시,화남면,751,380,371,753,382,371,2,2,0
4725052000,2026-06-30,경상북도,상주시,남원동,10757,5325,5432,10718,5309,5409,-39,-16,-23
4725053000,2026-06-30,경상북도,상주시,북문동,9040,4500,4540,9025,4495,4530,-15,-5,-10
4725054000,2026-06-30,경상북도,상주시,계림동,8632,4161,4471,8639,4156,4483,7,-5,12
4725055000,2026-06-30,경상북도,상주시,동문동,7196,3464,3732,7187,3451,3736,-9,-13,4
4725056000,2026-06-30,경상북도,상주시,동성동,3091,1494,1597,3091,1495,1596,0,1,-1
4725057000,2026-06-30,경상북도,상주시,신흥동,8151,4093,4058,8156,4102,4054,5,9,-4
4728025000,2026-06-30,경상북도,문경시,문경읍,5475,2610,2865,5453,2600,2853,-22,-10,-12
4728025100,2026-06-30,경상북도,문경시,문경읍갈평출장소,1033,533,500,1037,531,506,4,-2,6
4728025300,2026-06-30,경상북도,문경시,가은읍,2929,1457,1472,2911,1448,1463,-18,-9,-9
4728025400,2026-06-30,경상북도,문경시,가은읍북부출장소,817,434,383,817,437,380,0,3,-3
4728031000,2026-06-30,경상북도,문경시,영순면,2234,1181,1053,2231,1176,1055,-3,-5,2
4728032000,2026-06-30,경상북도,문경시,산양면,2839,1446,1393,2831,1441,1390,-8,-5,-3
4728033000,2026-06-30,경상북도,문경시,호계면,2154,1070,1084,2164,1072,1092,10,2,8
4728034000,2026-06-30,경상북도,문경시,산북면,2503,1278,1225,2499,1279,1220,-4,1,-5
4728035000,2026-06-30,경상북도,문경시,동로면,1808,945,863,1817,950,867,9,5,4
4728036000,2026-06-30,경상북도,문경시,마성면,3218,1561,1657,3231,1573,1658,13,12,1
4728037000,2026-06-30,경상북도,문경시,농암면,2403,1166,1237,2404,1163,1241,1,-3,4
4728057000,2026-06-30,경상북도,문경시,점촌1동,5113,2457,2656,5109,2451,2658,-4,-6,2
4728058000,2026-06-30,경상북도,문경시,점촌2동,6264,2977,3287,6272,2983,3289,8,6,2
4728059000,2026-06-30,경상북도,문경시,점촌3동,8034,3912,4122,8031,3917,4114,-3,5,-8
4728060000,2026-06-30,경상북도,문경시,점촌4동,2802,1415,1387,2796,1414,1382,-6,-1,-5
4728061000,2026-06-30,경상북도,문경시,점촌5동,15166,7431,7735,15171,7442,7729,5,11,-6
4729025000,2026-06-30,경상북도,경산시,하양읍,32905,16560,16345,32861,16548,16313,-44,-12,-32
4729025300,2026-06-30,경상북도,경산시,진량읍,32712,17187,15525,32667,17166,15501,-45,-21,-24
4729025600,2026-06-30,경상북도,경산시,압량읍,22103,11805,10298,22080,11811,10269,-23,6,-29
4729031000,2026-06-30,경상북도,경산시,와촌면,5047,2718,2329,5020,2709,2311,-27,-9,-18
4729033000,2026-06-30,경상북도,경산시,자인면,4990,2579,2411,4970,2563,2407,-20,-16,-4
4729034000,2026-06-30,경상북도,경산시,용성면,3121,1672,1449,3113,1669,1444,-8,-3,-5
4729035000,2026-06-30,경상북도,경산시,남산면,3399,1749,1650,3394,1745,1649,-5,-4,-1
4729037000,2026-06-30,경상북도,경산시,남천면,2590,1341,1249,2580,1336,1244,-10,-5,-5
4729051000,2026-06-30,경상북도,경산시,중방동,10685,5141,5544,10699,5151,5548,14,10,4
4729052000,2026-06-30,경상북도,경산시,중앙동,5478,2735,2743,5472,2724,2748,-6,-11,5
4729053000,2026-06-30,경상북도,경산시,남부동,18119,8812,9307,18067,8780,9287,-52,-32,-20
4729054100,2026-06-30,경상북도,경산시,서부1동,29604,13950,15654,29562,13931,15631,-42,-19,-23
4729054200,2026-06-30,경상북도,경산시,서부2동,41405,19704,21701,41489,19740,21749,84,36,48
4729055000,2026-06-30,경상북도,경산시,북부동,16292,8711,7581,16261,8693,7568,-31,-18,-13
4729056000,2026-06-30,경상북도,경산시,동부동,35189,17694,17495,35171,17688,17483,-18,-6,-12
4773025000,2026-06-30,경상북도,의성군,의성읍,12010,5973,6037,12011,5970,6041,1,-3,4
4773031000,2026-06-30,경상북도,의성군,단촌면,1818,906,912,1822,910,912,4,4,0
4773032000,2026-06-30,경상북도,의성군,점곡면,1481,755,726,1477,757,720,-4,2,-6
4773033000,2026-06-30,경상북도,의성군,옥산면,1655,834,821,1650,831,819,-5,-3,-2
4773034000,2026-06-30,경상북도,의성군,사곡면,1496,748,748,1500,751,749,4,3,1
4773035000,2026-06-30,경상북도,의성군,춘산면,1458,758,700,1463,763,700,5,5,0
4773036000,2026-06-30,경상북도,의성군,가음면,1426,735,691,1437,741,696,11,6,5
4773037000,2026-06-30,경상북도,의성군,금성면,3954,2000,1954,3966,2010,1956,12,10,2
4773038000,2026-06-30,경상북도,의성군,봉양면,3825,1943,1882,3828,1946,1882,3,3,0
4773039000,2026-06-30,경상북도,의성군,비안면,2482,1252,1230,2483,1255,1228,1,3,-2
4773040000,2026-06-30,경상북도,의성군,구천면,1624,840,784,1631,845,786,7,5,2
4773041000,2026-06-30,경상북도,의성군,단밀면,1592,803,789,1597,807,790,5,4,1
4773042000,2026-06-30,경상북도,의성군,단북면,1624,813,811,1623,814,809,-1,1,-2
4773043000,2026-06-30,경상북도,의성군,안계면,4237,2048,2189,4232,2050,2182,-5,2,-7
4773044000,2026-06-30,경상북도,의성군,다인면,3537,1770,1767,3551,1783,1768,14,13,1
4773045000,2026-06-30,경상북도,의성군,신평면,796,409,387,797,411,386,1,2,-1
4773046000,2026-06-30,경상북도,의성군,안평면,2047,1074,973,2053,1076,977,6,2,4
4773047000,2026-06-30,경상북도,의성군,안사면,831,419,412,831,418,413,0,-1,1
4775025000,2026-06-30,경상북도,청송군,청송읍,4822,2389,2433,5005,2494,2511,183,105,78
4775031500,2026-06-30,경상북도,청송군,주왕산면,1754,873,881,1779,880,899,25,7,18
4775032000,2026-06-30,경상북도,청송군,부남면,2304,1147,1157,2354,1170,1184,50,23,27
4775033000,2026-06-30,경상북도,청송군,현동면,1960,991,969,1994,1012,982,34,21,13
4775034000,2026-06-30,경상북도,청송군,현서면,2392,1212,1180,2454,1238,1216,62,26,36
4775035000,2026-06-30,경상북도,청송군,안덕면,2401,1231,1170,2450,1249,1201,49,18,31
4775036000,2026-06-30,경상북도,청송군,파천면,1627,840,787,1671,860,811,44,20,24
4775037000,2026-06-30,경상북도,청송군,진보면,6020,3067,2953,6313,3257,3056,293,190,103
4776025000,2026-06-30,경상북도,영양군,영양읍,7107,3573,3534,7112,3572,3540,5,-1,6
4776031000,2026-06-30,경상북도,영양군,입암면,2053,1017,1036,2038,1009,1029,-15,-8,-7
4776032000,2026-06-30,경상북도,영양군,청기면,1594,820,774,1598,826,772,4,6,-2
4776033000,2026-06-30,경상북도,영양군,일월면,1677,846,831,1684,852,832,7,6,1
4776034000,2026-06-30,경상북도,영양군,수비면,1626,820,806,1632,823,809,6,3,3
4776035000,2026-06-30,경상북도,영양군,석보면,1912,981,931,1908,979,929,-4,-2,-2
4777025000,2026-06-30,경상북도,영덕군,영덕읍,10024,4868,5156,10062,4880,5182,38,12,26
4777031000,2026-06-30,경상북도,영덕군,강구면,5427,2578,2849,5409,2571,2838,-18,-7,-11
4777032000,2026-06-30,경상북도,영덕군,남정면,2168,1074,1094,2171,1076,1095,3,2,1
4777033000,2026-06-30,경상북도,영덕군,달산면,1050,506,544,1055,508,547,5,2,3
4777034000,2026-06-30,경상북도,영덕군,지품면,1370,699,671,1378,702,676,8,3,5
4777034500,2026-06-30,경상북도,영덕군,지품면원전출장소,510,248,262,509,248,261,-1,0,-1
4777035000,2026-06-30,경상북도,영덕군,축산면,858,415,443,854,412,442,-4,-3,-1
4777035500,2026-06-30,경상북도,영덕군,축산면축산출장소,1458,676,782,1476,687,789,18,11,7
4777036000,2026-06-30,경상북도,영덕군,영해면,5740,2672,3068,5716,2659,3057,-24,-13,-11
4777037000,2026-06-30,경상북도,영덕군,병곡면,2443,1184,1259,2456,1191,1265,13,7,6
4777038000,2026-06-30,경상북도,영덕군,창수면,1477,738,739,1474,731,743,-3,-7,4
4782025000,2026-06-30,경상북도,청도군,화양읍,6856,3380,3476,6819,3359,3460,-37,-21,-16
4782025100,2026-06-30,경상북도,청도군,화양읍남성현출장소,1061,525,536,1051,519,532,-10,-6,-4
4782025300,2026-06-30,경상북도,청도군,청도읍,9428,4677,4751,9422,4673,4749,-6,-4,-2
4782025400,2026-06-30,경상북도,청도군,청도읍유호출장소,1478,742,736,1475,742,733,-3,0,-3
4782031000,2026-06-30,경상북도,청도군,각남면,2097,1018,1079,2105,1024,1081,8,6,2
4782032000,2026-06-30,경상북도,청도군,풍각면,3650,1839,1811,3647,1836,1811,-3,-3,0
4782033000,2026-06-30,경상북도,청도군,각북면,2274,1162,1112,2274,1163,1111,0,1,-1
4782034000,2026-06-30,경상북도,청도군,이서면,4429,2215,2214,4425,2218,2207,-4,3,-7
4782035000,2026-06-30,경상북도,청도군,운문면,1905,976,929,1911,980,931,6,4,2
4782036000,2026-06-30,경상북도,청도군,금천면,3176,1646,1530,3189,1656,1533,13,10,3
4782037000,2026-06-30,경상북도,청도군,매전면,3704,1898,1806,3703,1898,1805,-1,0,-1
4783025300,2026-06-30,경상북도,고령군,대가야읍,9212,4669,4543,9173,4645,4528,-39,-24,-15
4783031000,2026-06-30,경상북도,고령군,덕곡면,1404,698,706,1400,699,701,-4,1,-5
4783032000,2026-06-30,경상북도,고령군,운수면,1707,871,836,1707,866,841,0,-5,5
4783033000,2026-06-30,경상북도,고령군,성산면,2430,1341,1089,2434,1344,1090,4,3,1
4783034000,2026-06-30,경상북도,고령군,다산면,8395,4347,4048,8406,4358,4048,11,11,0
4783035000,2026-06-30,경상북도,고령군,개진면,1781,995,786,1787,1002,785,6,7,-1
4783036000,2026-06-30,경상북도,고령군,우곡면,1543,811,732,1534,806,728,-9,-5,-4
4783037000,2026-06-30,경상북도,고령군,쌍림면,3109,1573,1536,3104,1572,1532,-5,-1,-4
4784025000,2026-06-30,경상북도,성주군,성주읍,13037,6600,6437,13030,6596,6434,-7,-4,-3
4784031000,2026-06-30,경상북도,성주군,선남면,5732,3148,2584,5725,3148,2577,-7,0,-7
4784032000,2026-06-30,경상북도,성주군,용암면,3461,1907,1554,3453,1909,1544,-8,2,-10
4784033000,2026-06-30,경상북도,성주군,수륜면,3128,1606,1522,3116,1598,1518,-12,-8,-4
4784034000,2026-06-30,경상북도,성주군,가천면,1878,972,906,1867,968,899,-11,-4,-7
4784035500,2026-06-30,경상북도,성주군,금수강산면,1166,617,549,1160,617,543,-6,0,-6
4784036000,2026-06-30,경상북도,성주군,대가면,2264,1185,1079,2251,1179,1072,-13,-6,-7
4784037000,2026-06-30,경상북도,성주군,벽진면,2750,1465,1285,2755,1469,1286,5,4,1
4784038000,2026-06-30,경상북도,성주군,초전면,4044,2085,1959,4018,2069,1949,-26,-16,-10
4784039000,2026-06-30,경상북도,성주군,월항면,3092,1661,1431,3086,1654,1432,-6,-7,1
4785025000,2026-06-30,경상북도,칠곡군,왜관읍,29624,14915,14709,29627,14905,14722,3,-10,13
4785025300,2026-06-30,경상북도,칠곡군,북삼읍,22108,11618,10490,22092,11607,10485,-16,-11,-5
4785025600,2026-06-30,경상북도,칠곡군,석적읍,29083,16098,12985,29059,16105,12954,-24,7,-31
4785031000,2026-06-30,경상북도,칠곡군,지천면,3648,2028,1620,3633,2017,1616,-15,-11,-4
4785032000,2026-06-30,경상북도,칠곡군,동명면,4821,2462,2359,4840,2474,2366,19,12,7
4785033000,2026-06-30,경상북도,칠곡군,가산면,3137,1699,1438,3116,1681,1435,-21,-18,-3
4785036000,2026-06-30,경상북도,칠곡군,약목면,8364,4347,4017,8355,4342,4013,-9,-5,-4
4785037000,2026-06-30,경상북도,칠곡군,기산면,2833,1455,1378,2815,1448,1367,-18,-7,-11
4790025000,2026-06-30,경상북도,예천군,예천읍,13415,6603,6812,13383,6585,6798,-32,-18,-14
4790025300,2026-06-30,경상북도,예천군,호명읍,20841,10225,10616,20834,10210,10624,-7,-15,8
4790031000,2026-06-30,경상북도,예천군,용문면,2030,1030,1000,2038,1037,1001,8,7,1
4790034000,2026-06-30,경상북도,예천군,감천면,2361,1189,1172,2355,1190,1165,-6,1,-7
4790035000,2026-06-30,경상북도,예천군,보문면,1480,747,733,1475,747,728,-5,0,-5
4790037000,2026-06-30,경상북도,예천군,유천면,2299,1178,1121,2315,1187,1128,16,9,7
4790038000,2026-06-30,경상북도,예천군,용궁면,2147,1068,1079,2147,1069,1078,0,1,-1
4790039000,2026-06-30,경상북도,예천군,개포면,1406,688,718,1396,682,714,-10,-6,-4
4790040000,2026-06-30,경상북도,예천군,지보면,2449,1253,1196,2442,1247,1195,-7,-6,-1
4790041000,2026-06-30,경상북도,예천군,풍양면,2683,1307,1376,2680,1307,1373,-3,0,-3
4790042000,2026-06-30,경상북도,예천군,효자면,1138,588,550,1143,589,554,5,1,4
4790043000,2026-06-30,경상북도,예천군,은풍면,1218,620,598,1214,618,596,-4,-2,-2
4792025000,2026-06-30,경상북도,봉화군,봉화읍,8808,4360,4448,8798,4353,4445,-10,-7,-3
4792031000,2026-06-30,경상북도,봉화군,물야면,2808,1446,1362,2820,1455,1365,12,9,3
4792032000,2026-06-30,경상북도,봉화군,봉성면,1852,907,945,1859,912,947,7,5,2
4792033000,2026-06-30,경상북도,봉화군,법전면,1823,944,879,1815,941,874,-8,-3,-5
4792034000,2026-06-30,경상북도,봉화군,춘양면,4055,2037,2018,4049,2034,2015,-6,-3,-3
4792035000,2026-06-30,경상북도,봉화군,소천면,2011,1038,973,2021,1044,977,10,6,4
4792036000,2026-06-30,경상북도,봉화군,재산면,1351,700,651,1349,699,650,-2,-1,-1
4792037000,2026-06-30,경상북도,봉화군,명호면,2017,1090,927,2014,1089,925,-3,-1,-2
4792038000,2026-06-30,경상북도,봉화군,상운면,1592,813,779,1596,817,779,4,4,0
4792039000,2026-06-30,경상북도,봉화군,석포면,1790,1044,746,1801,1055,746,11,11,0
4793025000,2026-06-30,경상북도,울진군,울진읍,13878,7038,6840,13903,7047,6856,25,9,16
4793025300,2026-06-30,경상북도,울진군,평해읍,2468,1193,1275,2466,1189,1277,-2,-4,2
4793031000,2026-06-30,경상북도,울진군,북면,6899,3801,3098,6946,3827,3119,47,26,21
4793031500,2026-06-30,경상북도,울진군,북면하당출장소,604,309,295,603,308,295,-1,-1,0
4793033000,2026-06-30,경상북도,울진군,근남면,2662,1377,1285,2679,1387,1292,17,10,7
4793035000,2026-06-30,경상북도,울진군,기성면,2228,1106,1122,2234,1113,1121,6,7,-1
4793036000,2026-06-30,경상북도,울진군,온정면,1510,747,763,1515,748,767,5,1,4
4793037000,2026-06-30,경상북도,울진군,죽변면,5956,3187,2769,5958,3189,2769,2,2,0
4793038000,2026-06-30,경상북도,울진군,후포면,6829,3375,3454,6831,3375,3456,2,0,2
4793039000,2026-06-30,경상북도,울진군,금강송면,1201,601,600,1202,603,599,1,2,-1
4793040000,2026-06-30,경상북도,울진군,매화면,1861,905,956,1858,903,955,-3,-2,-1
4794025000,2026-06-30,경상북도,울릉군,울릉읍,6060,3439,2621,6075,3447,2628,15,8,7
4794031000,2026-06-30,경상북도,울릉군,서면,917,502,415,921,505,416,4,3,1
4794031500,2026-06-30,경상북도,울릉군,서면태하출장소,459,254,205,456,253,203,-3,-1,-2
4794032000,2026-06-30,경상북도,울릉군,북면,1320,741,579,1316,740,576,-4,-1,-3
4812125000,2026-06-30,경상남도,창원시 의창구,동읍,18166,9244,8922,18123,9204,8919,-43,-40,-3
4812131000,2026-06-30,경상남도,창원시 의창구,북면,44335,22327,22008,44259,22281,21978,-76,-46,-30
4812132000,2026-06-30,경상남도,창원시 의창구,대산면,6447,3299,3148,6439,3287,3152,-8,-12,4
4812151000,2026-06-30,경상남도,창원시 의창구,의창동,47000,23605,23395,46840,23518,23322,-160,-87,-73
4812152000,2026-06-30,경상남도,창원시 의창구,팔룡동,26726,13569,13157,28091,14268,13823,1365,699,666
4812153000,2026-06-30,경상남도,창원시 의창구,명곡동,37635,19016,18619,37562,18979,18583,-73,-37,-36
4812154000,2026-06-30,경상남도,창원시 의창구,봉림동,28115,14947,13168,28063,14941,13122,-52,-6,-46
4812351000,2026-06-30,경상남도,창원시 성산구,반송동,37648,18885,18763,37648,18876,18772,0,-9,9
4812351500,2026-06-30,경상남도,창원시 성산구,용지동,24715,12499,12216,24498,12400,12098,-217,-99,-118
4812352000,2026-06-30,경상남도,창원시 성산구,중앙동,44126,23814,20312,44123,23820,20303,-3,6,-9
4812353000,2026-06-30,경상남도,창원시 성산구,상남동,25458,12659,12799,25350,12604,12746,-108,-55,-53
4812354000,2026-06-30,경상남도,창원시 성산구,사파동,42603,21122,21481,42503,21061,21442,-100,-61,-39
4812355000,2026-06-30,경상남도,창원시 성산구,가음정동,38246,19220,19026,38141,19169,18972,-105,-51,-54
4812356000,2026-06-30,경상남도,창원시 성산구,성주동,26494,13779,12715,26444,13759,12685,-50,-20,-30
4812357000,2026-06-30,경상남도,창원시 성산구,웅남동,6630,3515,3115,6585,3492,3093,-45,-23,-22
4812531000,2026-06-30,경상남도,창원시 마산합포구,구산면,3745,1915,1830,3748,1915,1833,3,0,3
4812532000,2026-06-30,경상남도,창원시 마산합포구,진동면,11176,5722,5454,11175,5722,5453,-1,0,-1
4812533000,2026-06-30,경상남도,창원시 마산합포구,진북면,2994,1591,1403,2999,1592,1407,5,1,4
4812534000,2026-06-30,경상남도,창원시 마산합포구,진전면,3541,1770,1771,3548,1771,1777,7,1,6
4812551000,2026-06-30,경상남도,창원시 마산합포구,현동,14699,7291,7408,14683,7280,7403,-16,-11,-5
4812552000,2026-06-30,경상남도,창원시 마산합포구,가포동,5255,2681,2574,5265,2674,2591,10,-7,17
4812553000,2026-06-30,경상남도,창원시 마산합포구,월영동,40366,19810,20556,40304,19778,20526,-62,-32,-30
4812554000,2026-06-30,경상남도,창원시 마산합포구,문화동,10465,5226,5239,10440,5218,5222,-25,-8,-17
4812556500,2026-06-30,경상남도,창원시 마산합포구,반월중앙동,12729,6101,6628,12681,6079,6602,-48,-22,-26
4812557000,2026-06-30,경상남도,창원시 마산합포구,완월동,8018,3889,4129,8005,3876,4129,-13,-13,0
4812558000,2026-06-30,경상남도,창원시 마산합포구,자산동,8596,4119,4477,8555,4099,4456,-41,-20,-21
4812561000,2026-06-30,경상남도,창원시 마산합포구,교방동,18470,9066,9404,18435,9040,9395,-35,-26,-9
4812563000,2026-06-30,경상남도,창원시 마산합포구,오동동,17499,8680,8819,17482,8675,8807,-17,-5,-12
4812564000,2026-06-30,경상남도,창원시 마산합포구,합포동,6256,3125,3131,6232,3108,3124,-24,-17,-7
4812565000,2026-06-30,경상남도,창원시 마산합포구,산호동,10958,5451,5507,10935,5431,5504,-23,-20,-3
4812725000,2026-06-30,경상남도,창원시 마산회원구,내서읍,57006,28568,28438,56865,28496,28369,-141,-72,-69
4812751000,2026-06-30,경상남도,창원시 마산회원구,회원1동,9097,4450,4647,9074,4439,4635,-23,-11,-12
4812752000,2026-06-30,경상남도,창원시 마산회원구,회원2동,9182,4495,4687,9163,4481,4682,-19,-14,-5
4812754500,2026-06-30,경상남도,창원시 마산회원구,석전동,15202,7515,7687,15154,7496,7658,-48,-19,-29
4812755000,2026-06-30,경상남도,창원시 마산회원구,회성동,4933,2487,2446,4940,2481,2459,7,-6,13
4812756000,2026-06-30,경상남도,창원시 마산회원구,양덕1동,9903,4910,4993,9896,4901,4995,-7,-9,2
4812757000,2026-06-30,경상남도,창원시 마산회원구,양덕2동,33755,16600,17155,33725,16578,17147,-30,-22,-8
4812758000,2026-06-30,경상남도,창원시 마산회원구,합성1동,8310,4179,4131,8315,4184,4131,5,5,0
4812759000,2026-06-30,경상남도,창원시 마산회원구,합성2동,8316,4119,4197,8293,4106,4187,-23,-13,-10
4812760000,2026-06-30,경상남도,창원시 마산회원구,구암1동,7702,3833,3869,7696,3829,3867,-6,-4,-2
4812761000,2026-06-30,경상남도,창원시 마산회원구,구암2동,8447,4198,4249,8431,4189,4242,-16,-9,-7
4812762000,2026-06-30,경상남도,창원시 마산회원구,봉암동,2632,1453,1179,2623,1443,1180,-9,-10,1
4812953000,2026-06-30,경상남도,창원시 진해구,충무동,14953,7758,7195,14923,7758,7165,-30,0,-30
4812954000,2026-06-30,경상남도,창원시 진해구,여좌동,7532,3728,3804,7503,3708,3795,-29,-20,-9
4812955000,2026-06-30,경상남도,창원시 진해구,태백동,3369,1677,1692,3350,1664,1686,-19,-13,-6
4812956000,2026-06-30,경상남도,창원시 진해구,경화동,9445,4769,4676,9423,4757,4666,-22,-12,-10
4812957000,2026-06-30,경상남도,창원시 진해구,병암동,6681,3277,3404,6671,3275,3396,-10,-2,-8
4812958000,2026-06-30,경상남도,창원시 진해구,석동,16621,8547,8074,16602,8535,8067,-19,-12,-7
4812959000,2026-06-30,경상남도,창원시 진해구,이동,8083,4320,3763,8071,4305,3766,-12,-15,3
4812960000,2026-06-30,경상남도,창원시 진해구,자은동,19454,9737,9717,19399,9709,9690,-55,-28,-27
4812961000,2026-06-30,경상남도,창원시 진해구,덕산동,8855,4328,4527,8850,4327,4523,-5,-1,-4
4812962000,2026-06-30,경상남도,창원시 진해구,풍호동,24095,11976,12119,24073,11970,12103,-22,-6,-16
4812963000,2026-06-30,경상남도,창원시 진해구,웅천동,14144,7141,7003,14195,7172,7023,51,31,20
4812964000,2026-06-30,경상남도,창원시 진해구,웅동1동,7456,3845,3611,7439,3835,3604,-17,-10,-7
4812965000,2026-06-30,경상남도,창원시 진해구,웅동2동,42475,23325,19150,42443,23322,19121,-32,-3,-29
4817025000,2026-06-30,경상남도,진주시,문산읍,7392,3707,3685,7379,3698,3681,-13,-9,-4
4817031000,2026-06-30,경상남도,진주시,내동면,3852,1905,1947,3840,1900,1940,-12,-5,-7
4817032000,2026-06-30,경상남도,진주시,정촌면,8685,4396,4289,8649,4379,4270,-36,-17,-19
4817033000,2026-06-30,경상남도,진주시,금곡면,2005,960,1045,1998,954,1044,-7,-6,-1
4817035000,2026-06-30,경상남도,진주시,진성면,1682,866,816,1684,868,816,2,2,0
4817036000,2026-06-30,경상남도,진주시,일반성면,2277,1133,1144,2270,1129,1141,-7,-4,-3
4817037000,2026-06-30,경상남도,진주시,이반성면,1427,722,705,1434,727,707,7,5,2
4817038000,2026-06-30,경상남도,진주시,사봉면,1327,669,658,1324,666,658,-3,-3,0
4817039000,2026-06-30,경상남도,진주시,지수면,1300,656,644,1301,657,644,1,1,0
4817040000,2026-06-30,경상남도,진주시,대곡면,2775,1392,1383,2776,1393,1383,1,1,0
4817041000,2026-06-30,경상남도,진주시,금산면,19284,9570,9714,19263,9563,9700,-21,-7,-14
4817042000,2026-06-30,경상남도,진주시,집현면,4200,2124,2076,4208,2133,2075,8,9,-1
4817043000,2026-06-30,경상남도,진주시,미천면,1428,722,706,1428,725,703,0,3,-3
4817044000,2026-06-30,경상남도,진주시,명석면,3663,1814,1849,3659,1810,1849,-4,-4,0
4817045000,2026-06-30,경상남도,진주시,대평면,952,453,499,947,450,497,-5,-3,-2
4817046000,2026-06-30,경상남도,진주시,수곡면,2005,998,1007,2003,999,1004,-2,1,-3
4817051500,2026-06-30,경상남도,진주시,천전동,26688,13082,13606,26656,13065,13591,-32,-17,-15
4817055500,2026-06-30,경상남도,진주시,성북동,9222,4587,4635,9203,4582,4621,-19,-5,-14
4817056500,2026-06-30,경상남도,진주시,중앙동,9844,4719,5125,9821,4710,5111,-23,-9,-14
4817059500,2026-06-30,경상남도,진주시,상봉동,12301,6066,6235,12277,6049,6228,-24,-17,-7
4817067300,2026-06-30,경상남도,진주시,상대동,17613,8755,8858,17582,8736,8846,-31,-19,-12
4817067800,2026-06-30,경상남도,진주시,하대동,21746,10931,10815,21712,10909,10803,-34,-22,-12
4817068000,2026-06-30,경상남도,진주시,상평동,10308,5194,5114,10286,5181,5105,-22,-13,-9
4817069500,2026-06-30,경상남도,진주시,초장동,27332,13727,13605,27312,13719,13593,-20,-8,-12
4817071000,2026-06-30,경상남도,진주시,평거동,24793,11764,13029,24777,11747,13030,-16,-17,1
4817071500,2026-06-30,경상남도,진주시,신안동,10742,5079,5663,10748,5086,5662,6,7,-1
4817072000,2026-06-30,경상남도,진주시,이현동,9634,4758,4876,9631,4762,4869,-3,4,-7
4817073000,2026-06-30,경상남도,진주시,판문동,19689,9290,10399,19682,9301,10381,-7,11,-18
4817074000,2026-06-30,경상남도,진주시,가호동,37152,18913,18239,37105,18912,18193,-47,-1,-46
4817075000,2026-06-30,경상남도,진주시,충무공동,33666,16561,17105,33696,16596,17100,30,35,-5
4822025000,2026-06-30,경상남도,통영시,산양읍,4056,2161,1895,4056,2161,1895,0,0,0
4822031000,2026-06-30,경상남도,통영시,용남면,11225,5544,5681,11210,5536,5674,-15,-8,-7
4822033000,2026-06-30,경상남도,통영시,도산면,2543,1336,1207,2557,1343,1214,14,7,7
4822034000,2026-06-30,경상남도,통영시,광도면,31795,16213,15582,31860,16249,15611,65,36,29
4822035000,2026-06-30,경상남도,통영시,욕지면,1879,1081,798,1883,1085,798,4,4,0
4822036000,2026-06-30,경상남도,통영시,한산면,1799,938,861,1796,942,854,-3,4,-7
4822037000,2026-06-30,경상남도,통영시,사량면,1320,665,655,1323,667,656,3,2,1
4822051000,2026-06-30,경상남도,통영시,도천동,7778,3886,3892,7772,3877,3895,-6,-9,3
4822053000,2026-06-30,경상남도,통영시,명정동,2363,1128,1235,2363,1128,1235,0,0,0
4822055000,2026-06-30,경상남도,통영시,중앙동,3132,1529,1603,3128,1525,1603,-4,-4,0
4822059000,2026-06-30,경상남도,통영시,정량동,7537,3801,3736,7530,3798,3732,-7,-3,-4
4822060000,2026-06-30,경상남도,통영시,북신동,9396,4426,4970,9397,4432,4965,1,6,-5
4822066500,2026-06-30,경상남도,통영시,미수동,9698,4755,4943,9715,4770,4945,17,15,2
4822067000,2026-06-30,경상남도,통영시,봉평동,8612,4394,4218,8616,4399,4217,4,5,-1
4822070000,2026-06-30,경상남도,통영시,무전동,12685,6308,6377,12684,6302,6382,-1,-6,5
4824025000,2026-06-30,경상남도,사천시,사천읍,16535,8856,7679,16505,8855,7650,-30,-1,-29
4824031000,2026-06-30,경상남도,사천시,정동면,13295,6681,6614,13304,6673,6631,9,-8,17
4824032000,2026-06-30,경상남도,사천시,사남면,18208,9500,8708,18252,9513,8739,44,13,31
4824033000,2026-06-30,경상남도,사천시,용현면,8591,4349,4242,8651,4384,4267,60,35,25
4824034000,2026-06-30,경상남도,사천시,축동면,1445,770,675,1451,775,676,6,5,1
4824035000,2026-06-30,경상남도,사천시,곤양면,2959,1551,1408,2955,1550,1405,-4,-1,-3
4824036000,2026-06-30,경상남도,사천시,곤명면,2567,1297,1270,2579,1304,1275,12,7,5
4824037000,2026-06-30,경상남도,사천시,서포면,3149,1573,1576,3135,1570,1565,-14,-3,-11
4824051000,2026-06-30,경상남도,사천시,동서동,4925,2350,2575,4922,2349,2573,-3,-1,-2
4824052000,2026-06-30,경상남도,사천시,선구동,4423,2175,2248,4407,2170,2237,-16,-5,-11
4824053000,2026-06-30,경상남도,사천시,동서금동,6469,3121,3348,6556,3161,3395,87,40,47
4824055000,2026-06-30,경상남도,사천시,벌용동,14019,6801,7218,13991,6787,7204,-28,-14,-14
4824057000,2026-06-30,경상남도,사천시,향촌동,6447,3413,3034,6417,3399,3018,-30,-14,-16
4824059500,2026-06-30,경상남도,사천시,남양동,4567,2247,2320,4548,2230,2318,-19,-17,-2
4824089000,2026-06-30,경상남도,사천시,신수출장소,209,103,106,209,103,106,0,0,0
4825025000,2026-06-30,경상남도,김해시,진영읍,52350,26969,25381,52201,26914,25287,-149,-55,-94
4825032000,2026-06-30,경상남도,김해시,주촌면,21532,11000,10532,21646,11061,10585,114,61,53
4825033000,2026-06-30,경상남도,김해시,진례면,5375,2895,2480,5370,2888,2482,-5,-7,2
4825034000,2026-06-30,경상남도,김해시,한림면,6324,3469,2855,6310,3457,2853,-14,-12,-2
4825035000,2026-06-30,경상남도,김해시,생림면,3302,1774,1528,3294,1773,1521,-8,-1,-7
4825036000,2026-06-30,경상남도,김해시,상동면,2851,1578,1273,2852,1579,1273,1,1,0
4825037000,2026-06-30,경상남도,김해시,대동면,4870,2526,2344,4848,2512,2336,-22,-14,-8
4825051000,2026-06-30,경상남도,김해시,동상동,8240,4265,3975,8231,4257,3974,-9,-8,-1
4825052000,2026-06-30,경상남도,김해시,회현동,7914,3931,3983,7917,3942,3975,3,11,-8
4825053000,2026-06-30,경상남도,김해시,부원동,8706,4452,4254,8722,4461,4261,16,9,7
4825054000,2026-06-30,경상남도,김해시,내외동,66389,33024,33365,66323,32988,33335,-66,-36,-30
4825055000,2026-06-30,경상남도,김해시,북부동,80405,40161,40244,80471,40194,40277,66,33,33
4825056500,2026-06-30,경상남도,김해시,칠산서부동,8457,4506,3951,8427,4489,3938,-30,-17,-13
4825058000,2026-06-30,경상남도,김해시,활천동,35437,18150,17287,35394,18113,17281,-43,-37,-6
4825059000,2026-06-30,경상남도,김해시,삼안동,34920,17869,17051,34840,17830,17010,-80,-39,-41
4825060000,2026-06-30,경상남도,김해시,불암동,6397,3224,3173,6393,3221,3172,-4,-3,-1
4825061000,2026-06-30,경상남도,김해시,장유1동,71048,35515,35533,71266,35629,35637,218,114,104
4825062000,2026-06-30,경상남도,김해시,장유2동,36483,18512,17971,36659,18610,18049,176,98,78
4825063000,2026-06-30,경상남도,김해시,장유3동,71665,35531,36134,71613,35516,36097,-52,-15,-37
4827025000,2026-06-30,경상남도,밀양시,삼랑진읍,4834,2438,2396,4844,2452,2392,10,14,-4
4827025100,2026-06-30,경상남도,밀양시,삼랑진임천출장소,1381,713,668,1387,714,673,6,1,5
4827025300,2026-06-30,경상남도,밀양시,하남읍,6423,3229,3194,6413,3223,3190,-10,-6,-4
4827031000,2026-06-30,경상남도,밀양시,부북면,5251,2750,2501,5270,2761,2509,19,11,8
4827032000,2026-06-30,경상남도,밀양시,상동면,3056,1505,1551,3052,1505,1547,-4,0,-4
4827033000,2026-06-30,경상남도,밀양시,산외면,2711,1403,1308,2712,1405,1307,1,2,-1
4827034000,2026-06-30,경상남도,밀양시,산내면,3589,1854,1735,3585,1849,1736,-4,-5,1
4827035000,2026-06-30,경상남도,밀양시,단장면,4173,2107,2066,4179,2110,2069,6,3,3
4827036000,2026-06-30,경상남도,밀양시,상남면,7482,3794,3688,7466,3788,3678,-16,-6,-10
4827037000,2026-06-30,경상남도,밀양시,초동면,3169,1598,1571,3165,1596,1569,-4,-2,-2
4827038000,2026-06-30,경상남도,밀양시,무안면,4470,2278,2192,4467,2273,2194,-3,-5,2
4827039000,2026-06-30,경상남도,밀양시,청도면,1660,843,817,1652,841,811,-8,-2,-6
4827051000,2026-06-30,경상남도,밀양시,내일동,2391,1163,1228,2373,1155,1218,-18,-8,-10
4827052000,2026-06-30,경상남도,밀양시,내이동,17083,8570,8513,17068,8562,8506,-15,-8,-7
4827053000,2026-06-30,경상남도,밀양시,삼문동,18479,8819,9660,18476,8817,9659,-3,-2,-1
4827054000,2026-06-30,경상남도,밀양시,가곡동,7196,3376,3820,7213,3389,3824,17,13,4
4827055000,2026-06-30,경상남도,밀양시,교동,5271,2537,2734,5269,2538,2731,-2,1,-3
4831031000,2026-06-30,경상남도,거제시,일운면,7793,3985,3808,7808,3996,3812,15,11,4
4831032000,2026-06-30,경상남도,거제시,동부면,2750,1417,1333,2741,1411,1330,-9,-6,-3
4831033000,2026-06-30,경상남도,거제시,남부면,1381,708,673,1375,711,664,-6,3,-9
4831034000,2026-06-30,경상남도,거제시,거제면,6712,3368,3344,6726,3374,3352,14,6,8
4831035000,2026-06-30,경상남도,거제시,둔덕면,2529,1288,1241,2504,1275,1229,-25,-13,-12
4831036000,2026-06-30,경상남도,거제시,사등면,10586,5497,5089,10559,5491,5068,-27,-6,-21
4831036600,2026-06-30,경상남도,거제시,사등면가조출장소,1010,516,494,1013,520,493,3,4,-1
4831037000,2026-06-30,경상남도,거제시,연초면,9570,5263,4307,9495,5222,4273,-75,-41,-34
4831038000,2026-06-30,경상남도,거제시,하청면,2846,1498,1348,2827,1489,1338,-19,-9,-10
4831038500,2026-06-30,경상남도,거제시,하청면칠천출장소,1017,540,477,1016,539,477,-1,-1,0
4831039000,2026-06-30,경상남도,거제시,장목면,2648,1364,1284,2634,1360,1274,-14,-4,-10
4831039500,2026-06-30,경상남도,거제시,장목면외포출장소,1189,603,586,1187,601,586,-2,-2,0
4831051000,2026-06-30,경상남도,거제시,장승포동,5028,2791,2237,5026,2787,2239,-2,-4,2
4831053000,2026-06-30,경상남도,거제시,능포동,8024,4368,3656,8014,4357,3657,-10,-11,1
4831054000,2026-06-30,경상남도,거제시,아주동,24471,13303,11168,24526,13326,11200,55,23,32
4831055000,2026-06-30,경상남도,거제시,옥포1동,7173,3846,3327,7159,3836,3323,-14,-10,-4
4831056000,2026-06-30,경상남도,거제시,옥포2동,23206,12298,10908,23205,12302,10903,-1,4,-5
4831057000,2026-06-30,경상남도,거제시,장평동,19011,10852,8159,19026,10874,8152,15,22,-7
4831058000,2026-06-30,경상남도,거제시,고현동,35603,18294,17309,35600,18296,17304,-3,2,-5
4831059000,2026-06-30,경상남도,거제시,상문동,34517,17484,17033,34432,17434,16998,-85,-50,-35
4831060000,2026-06-30,경상남도,거제시,수양동,22157,11261,10896,22156,11265,10891,-1,4,-5
4833025300,2026-06-30,경상남도,양산시,물금읍,117260,58048,59212,117313,58082,59231,53,34,19
4833031000,2026-06-30,경상남도,양산시,동면,57834,29234,28600,57769,29186,28583,-65,-48,-17
4833032000,2026-06-30,경상남도,양산시,원동면,3078,1570,1508,3055,1555,1500,-23,-15,-8
4833033000,2026-06-30,경상남도,양산시,상북면,13602,6927,6675,13588,6910,6678,-14,-17,3
4833034000,2026-06-30,경상남도,양산시,하북면,7394,3855,3539,7378,3840,3538,-16,-15,-1
4833051000,2026-06-30,경상남도,양산시,중앙동,10776,5720,5056,10865,5761,5104,89,41,48
4833051500,2026-06-30,경상남도,양산시,양주동,29425,14034,15391,29390,14027,15363,-35,-7,-28
4833052000,2026-06-30,경상남도,양산시,삼성동,19444,10304,9140,19406,10272,9134,-38,-32,-6
4833053000,2026-06-30,경상남도,양산시,강서동,8104,4082,4022,8075,4067,4008,-29,-15,-14
4833054000,2026-06-30,경상남도,양산시,서창동,25655,13447,12208,25602,13412,12190,-53,-35,-18
4833055000,2026-06-30,경상남도,양산시,소주동,19384,9647,9737,19396,9668,9728,12,21,-9
4833056000,2026-06-30,경상남도,양산시,평산동,28198,13717,14481,28241,13723,14518,43,6,37
4833057000,2026-06-30,경상남도,양산시,덕계동,21279,10537,10742,21311,10561,10750,32,24,8
4872025000,2026-06-30,경상남도,의령군,의령읍,8796,4424,4372,8830,4442,4388,34,18,16
4872031000,2026-06-30,경상남도,의령군,가례면,1539,777,762,1553,782,771,14,5,9
4872032000,2026-06-30,경상남도,의령군,칠곡면,1132,551,581,1131,550,581,-1,-1,0
4872033000,2026-06-30,경상남도,의령군,대의면,1017,509,508,1013,505,508,-4,-4,0
4872034000,2026-06-30,경상남도,의령군,화정면,1431,714,717,1434,718,716,3,4,-1
4872035000,2026-06-30,경상남도,의령군,용덕면,1358,706,652,1366,709,657,8,3,5
4872036000,2026-06-30,경상남도,의령군,정곡면,1291,649,642,1291,650,641,0,1,-1
4872037000,2026-06-30,경상남도,의령군,지정면,1704,861,843,1707,858,849,3,-3,6
4872038000,2026-06-30,경상남도,의령군,낙서면,660,319,341,658,318,340,-2,-1,-1
4872039000,2026-06-30,경상남도,의령군,부림면,2533,1236,1297,2527,1233,1294,-6,-3,-3
4872040000,2026-06-30,경상남도,의령군,봉수면,937,519,418,938,515,423,1,-4,5
4872041500,2026-06-30,경상남도,의령군,궁류면,1007,497,510,1012,495,517,5,-2,7
4872042000,2026-06-30,경상남도,의령군,유곡면,1076,530,546,1071,527,544,-5,-3,-2
4873025000,2026-06-30,경상남도,함안군,가야읍,16393,8359,8034,16377,8343,8034,-16,-16,0
4873025300,2026-06-30,경상남도,함안군,칠원읍,17378,8850,8528,17335,8825,8510,-43,-25,-18
4873031000,2026-06-30,경상남도,함안군,함안면,2243,1156,1087,2235,1153,1082,-8,-3,-5
4873032000,2026-06-30,경상남도,함안군,군북면,5533,2903,2630,5519,2899,2620,-14,-4,-10
4873033000,2026-06-30,경상남도,함안군,법수면,2583,1352,1231,2578,1346,1232,-5,-6,1
4873034000,2026-06-30,경상남도,함안군,대산면,2982,1518,1464,2983,1518,1465,1,0,1
4873035000,2026-06-30,경상남도,함안군,칠서면,4749,2515,2234,4749,2521,2228,0,6,-6
4873036000,2026-06-30,경상남도,함안군,칠북면,1755,931,824,1745,929,816,-10,-2,-8
4873038000,2026-06-30,경상남도,함안군,산인면,2482,1259,1223,2469,1254,1215,-13,-5,-8
4873039000,2026-06-30,경상남도,함안군,여항면,887,470,417,877,465,412,-10,-5,-5
4874025000,2026-06-30,경상남도,창녕군,창녕읍,14981,7477,7504,14957,7455,7502,-24,-22,-2
4874025300,2026-06-30,경상남도,창녕군,남지읍,11160,5618,5542,11142,5599,5543,-18,-19,1
4874031000,2026-06-30,경상남도,창녕군,고암면,1745,898,847,1742,898,844,-3,0,-3
4874032000,2026-06-30,경상남도,창녕군,성산면,1468,738,730,1462,735,727,-6,-3,-3
4874033000,2026-06-30,경상남도,창녕군,대합면,3452,1775,1677,3428,1753,1675,-24,-22,-2
4874034000,2026-06-30,경상남도,창녕군,이방면,2263,1071,1192,2261,1071,1190,-2,0,-2
4874035000,2026-06-30,경상남도,창녕군,유어면,1558,769,789,1567,776,791,9,7,2
4874036000,2026-06-30,경상남도,창녕군,대지면,2268,1190,1078,2282,1193,1089,14,3,11
4874037000,2026-06-30,경상남도,창녕군,계성면,2041,1041,1000,2048,1048,1000,7,7,0
4874038000,2026-06-30,경상남도,창녕군,영산면,4766,2441,2325,4738,2424,2314,-28,-17,-11
4874039000,2026-06-30,경상남도,창녕군,장마면,1702,880,822,1705,884,821,3,4,-1
4874040000,2026-06-30,경상남도,창녕군,도천면,2407,1212,1195,2394,1203,1191,-13,-9,-4
4874041000,2026-06-30,경상남도,창녕군,길곡면,1416,720,696,1413,720,693,-3,0,-3
4874042000,2026-06-30,경상남도,창녕군,부곡면,3309,1643,1666,3306,1642,1664,-3,-1,-2
4882025000,2026-06-30,경상남도,고성군,고성읍,22413,11291,11122,22408,11280,11128,-5,-11,6
4882031000,2026-06-30,경상남도,고성군,삼산면,1679,872,807,1678,872,806,-1,0,-1
4882032000,2026-06-30,경상남도,고성군,하일면,1694,858,836,1695,860,835,1,2,-1
4882033000,2026-06-30,경상남도,고성군,하이면,2424,1266,1158,2407,1260,1147,-17,-6,-11
4882034000,2026-06-30,경상남도,고성군,상리면,1444,733,711,1440,733,707,-4,0,-4
4882035000,2026-06-30,경상남도,고성군,대가면,1532,793,739,1531,791,740,-1,-2,1
4882036000,2026-06-30,경상남도,고성군,영현면,820,401,419,821,403,418,1,2,-1
4882037000,2026-06-30,경상남도,고성군,영오면,1271,650,621,1273,653,620,2,3,-1
4882038000,2026-06-30,경상남도,고성군,개천면,1024,524,500,1018,520,498,-6,-4,-2
4882039000,2026-06-30,경상남도,고성군,구만면,929,465,464,922,460,462,-7,-5,-2
4882040000,2026-06-30,경상남도,고성군,회화면,3180,1605,1575,3193,1616,1577,13,11,2
4882041000,2026-06-30,경상남도,고성군,마암면,1595,807,788,1596,808,788,1,1,0
4882042000,2026-06-30,경상남도,고성군,동해면,2898,1492,1406,2896,1487,1409,-2,-5,3
4882043000,2026-06-30,경상남도,고성군,거류면,3946,2056,1890,3930,2055,1875,-16,-1,-15
4884025000,2026-06-30,경상남도,남해군,남해읍,12680,6191,6489,12706,6200,6506,26,9,17
4884031000,2026-06-30,경상남도,남해군,이동면,3527,1732,1795,3523,1728,1795,-4,-4,0
4884032000,2026-06-30,경상남도,남해군,상주면,1590,779,811,1580,777,803,-10,-2,-8
4884033000,2026-06-30,경상남도,남해군,삼동면,3771,1852,1919,3806,1883,1923,35,31,4
4884034000,2026-06-30,경상남도,남해군,미조면,2113,1072,1041,2106,1069,1037,-7,-3,-4
4884035000,2026-06-30,경상남도,남해군,남면,3403,1631,1772,3401,1637,1764,-2,6,-8
4884036000,2026-06-30,경상남도,남해군,서면,2595,1328,1267,2595,1324,1271,0,-4,4
4884037000,2026-06-30,경상남도,남해군,고현면,3217,1548,1669,3228,1553,1675,11,5,6
4884038000,2026-06-30,경상남도,남해군,설천면,2650,1285,1365,2647,1281,1366,-3,-4,1
4884039000,2026-06-30,경상남도,남해군,창선면,5545,2673,2872,5551,2675,2876,6,2,4
4885025000,2026-06-30,경상남도,하동군,하동읍,9034,4437,4597,9003,4424,4579,-31,-13,-18
4885031000,2026-06-30,경상남도,하동군,화개면,2709,1373,1336,2695,1367,1328,-14,-6,-8
4885032000,2026-06-30,경상남도,하동군,악양면,3205,1590,1615,3205,1593,1612,0,3,-3
4885033000,2026-06-30,경상남도,하동군,적량면,1771,893,878,1768,892,876,-3,-1,-2
4885034000,2026-06-30,경상남도,하동군,횡천면,1732,862,870,1722,858,864,-10,-4,-6
4885035000,2026-06-30,경상남도,하동군,고전면,1926,956,970,1914,948,966,-12,-8,-4
4885036000,2026-06-30,경상남도,하동군,금남면,3062,1604,1458,3046,1592,1454,-16,-12,-4
4885037000,2026-06-30,경상남도,하동군,진교면,5404,2695,2709,5398,2695,2703,-6,0,-6
4885038000,2026-06-30,경상남도,하동군,양보면,1545,759,786,1545,754,791,0,-5,5
4885039000,2026-06-30,경상남도,하동군,북천면,1448,724,724,1443,723,720,-5,-1,-4
4885040000,2026-06-30,경상남도,하동군,청암면,1280,671,609,1275,669,606,-5,-2,-3
4885041000,2026-06-30,경상남도,하동군,옥종면,3993,2049,1944,3987,2045,1942,-6,-4,-2
4885042000,2026-06-30,경상남도,하동군,금성면,2594,1354,1240,2595,1353,1242,1,-1,2
4886025000,2026-06-30,경상남도,산청군,산청읍,6422,3188,3234,6414,3187,3227,-8,-1,-7
4886031000,2026-06-30,경상남도,산청군,차황면,1305,659,646,1304,661,643,-1,2,-3
4886032000,2026-06-30,경상남도,산청군,오부면,943,468,475,945,467,478,2,-1,3
4886033000,2026-06-30,경상남도,산청군,생초면,1803,893,910,1801,893,908,-2,0,-2
4886034000,2026-06-30,경상남도,산청군,금서면,2794,1381,1413,2792,1377,1415,-2,-4,2
4886035000,2026-06-30,경상남도,산청군,삼장면,1733,846,887,1728,841,887,-5,-5,0
4886036000,2026-06-30,경상남도,산청군,시천면,3838,1933,1905,3840,1936,1904,2,3,-1
4886037000,2026-06-30,경상남도,산청군,단성면,5435,2747,2688,5430,2737,2693,-5,-10,5
4886038000,2026-06-30,경상남도,산청군,신안면,5419,2680,2739,5407,2677,2730,-12,-3,-9
4886039000,2026-06-30,경상남도,산청군,생비량면,1093,545,548,1096,548,548,3,3,0
4886040000,2026-06-30,경상남도,산청군,신등면,1887,958,929,1881,954,927,-6,-4,-2
4887025000,2026-06-30,경상남도,함양군,함양읍,16757,8195,8562,16733,8183,8550,-24,-12,-12
4887031000,2026-06-30,경상남도,함양군,마천면,1936,952,984,1918,944,974,-18,-8,-10
4887032000,2026-06-30,경상남도,함양군,휴천면,1413,710,703,1406,703,703,-7,-7,0
4887033000,2026-06-30,경상남도,함양군,유림면,1499,732,767,1498,732,766,-1,0,-1
4887034000,2026-06-30,경상남도,함양군,수동면,2101,1062,1039,2104,1065,1039,3,3,0
4887035000,2026-06-30,경상남도,함양군,지곡면,1894,922,972,1890,920,970,-4,-2,-2
4887036000,2026-06-30,경상남도,함양군,안의면,3950,1894,2056,3944,1892,2052,-6,-2,-4
4887037000,2026-06-30,경상남도,함양군,서하면,1278,613,665,1275,612,663,-3,-1,-2
4887038000,2026-06-30,경상남도,함양군,서상면,1649,807,842,1646,803,843,-3,-4,1
4887039000,2026-06-30,경상남도,함양군,백전면,1537,812,725,1522,798,724,-15,-14,-1
4887040000,2026-06-30,경상남도,함양군,병곡면,1203,602,601,1205,601,604,2,-1,3
4888025000,2026-06-30,경상남도,거창군,거창읍,39644,19563,20081,39646,19559,20087,2,-4,6
4888031000,2026-06-30,경상남도,거창군,주상면,1426,716,710,1412,712,700,-14,-4,-10
4888032000,2026-06-30,경상남도,거창군,웅양면,1728,846,882,1730,847,883,2,1,1
4888033000,2026-06-30,경상남도,거창군,고제면,1281,659,622,1279,660,619,-2,1,-3
4888034000,2026-06-30,경상남도,거창군,북상면,1488,723,765,1493,726,767,5,3,2
4888035000,2026-06-30,경상남도,거창군,위천면,1815,891,924,1812,895,917,-3,4,-7
4888036000,2026-06-30,경상남도,거창군,마리면,1854,905,949,1856,908,948,2,3,-1
4888037000,2026-06-30,경상남도,거창군,남상면,2182,1066,1116,2173,1063,1110,-9,-3,-6
4888038000,2026-06-30,경상남도,거창군,남하면,1340,658,682,1333,655,678,-7,-3,-4
4888039000,2026-06-30,경상남도,거창군,신원면,1437,706,731,1444,710,734,7,4,3
4888040000,2026-06-30,경상남도,거창군,가조면,3396,1633,1763,3383,1623,1760,-13,-10,-3
4888041000,2026-06-30,경상남도,거창군,가북면,1283,644,639,1285,647,638,2,3,-1
4889025000,2026-06-30,경상남도,합천군,합천읍,10315,5061,5254,10298,5045,5253,-17,-16,-1
4889031000,2026-06-30,경상남도,합천군,봉산면,1324,679,645,1327,680,647,3,1,2
4889032000,2026-06-30,경상남도,합천군,묘산면,1369,669,700,1378,674,704,9,5,4
4889033000,2026-06-30,경상남도,합천군,가야면,3726,1852,1874,3723,1852,1871,-3,0,-3
4889034000,2026-06-30,경상남도,합천군,야로면,2156,1076,1080,2142,1071,1071,-14,-5,-9
4889035000,2026-06-30,경상남도,합천군,율곡면,1992,1024,968,1995,1026,969,3,2,1
4889036000,2026-06-30,경상남도,합천군,초계면,2082,1033,1049,2074,1027,1047,-8,-6,-2
4889037000,2026-06-30,경상남도,합천군,쌍책면,1121,544,577,1112,537,575,-9,-7,-2
4889038000,2026-06-30,경상남도,합천군,덕곡면,767,402,365,765,400,365,-2,-2,0
4889039000,2026-06-30,경상남도,합천군,청덕면,1425,716,709,1420,719,701,-5,3,-8
4889040000,2026-06-30,경상남도,합천군,적중면,1233,601,632,1223,599,624,-10,-2,-8
4889041000,2026-06-30,경상남도,합천군,대양면,1617,823,794,1613,821,792,-4,-2,-2
4889042000,2026-06-30,경상남도,합천군,쌍백면,1533,748,785,1531,748,783,-2,0,-2
4889043000,2026-06-30,경상남도,합천군,삼가면,2836,1338,1498,2832,1336,1496,-4,-2,-2
4889044000,2026-06-30,경상남도,합천군,가회면,1644,846,798,1638,844,794,-6,-2,-4
4889045000,2026-06-30,경상남도,합천군,대병면,1792,882,910,1788,884,904,-4,2,-6
4889046000,2026-06-30,경상남도,합천군,용주면,1985,1010,975,1995,1015,980,10,5,5
5011025000,2026-06-30,제주특별자치도,제주시,한림읍,20014,10273,9741,19999,10279,9720,-15,6,-21
5011025300,2026-06-30,제주특별자치도,제주시,애월읍,38347,19615,18732,38329,19592,18737,-18,-23,5
5011025600,2026-06-30,제주특별자치도,제주시,구좌읍,14909,7661,7248,14882,7649,7233,-27,-12,-15
5011025900,2026-06-30,제주특별자치도,제주시,조천읍,25892,13131,12761,25931,13143,12788,39,12,27
5011031000,2026-06-30,제주특별자치도,제주시,한경면,9497,4774,4723,9494,4774,4720,-3,0,-3
5011032000,2026-06-30,제주특별자치도,제주시,추자면,1507,838,669,1498,832,666,-9,-6,-3
5011033000,2026-06-30,제주특별자치도,제주시,우도면,1502,803,699,1496,799,697,-6,-4,-2
5011051000,2026-06-30,제주특별자치도,제주시,일도1동,2058,1081,977,2052,1077,975,-6,-4,-2
5011052000,2026-06-30,제주특별자치도,제주시,일도2동,30590,14955,15635,30585,14956,15629,-5,1,-6
5011053000,2026-06-30,제주특별자치도,제주시,이도1동,7575,3727,3848,7544,3719,3825,-31,-8,-23
5011054000,2026-06-30,제주특별자치도,제주시,이도2동,45583,22027,23556,45489,21980,23509,-94,-47,-47
5011055000,2026-06-30,제주특별자치도,제주시,삼도1동,12556,6130,6426,12593,6151,6442,37,21,16
5011056000,2026-06-30,제주특별자치도,제주시,삼도2동,7554,3899,3655,7539,3883,3656,-15,-16,1
5011057000,2026-06-30,제주특별자치도,제주시,용담1동,6277,3278,2999,6287,3280,3007,10,2,8
5011058000,2026-06-30,제주특별자치도,제주시,용담2동,13419,6761,6658,13425,6759,6666,6,-2,8
5011059000,2026-06-30,제주특별자치도,제주시,건입동,8362,4223,4139,8344,4219,4125,-18,-4,-14
5011060000,2026-06-30,제주특별자치도,제주시,화북동,22848,11319,11529,22781,11291,11490,-67,-28,-39
5011061000,2026-06-30,제주특별자치도,제주시,삼양동,26637,13293,13344,26662,13297,13365,25,4,21
5011062000,2026-06-30,제주특별자치도,제주시,봉개동,5164,2670,2494,5181,2679,2502,17,9,8
5011063000,2026-06-30,제주특별자치도,제주시,아라동,41002,20117,20885,41097,20159,20938,95,42,53
5011064000,2026-06-30,제주특별자치도,제주시,오라동,16032,8082,7950,16061,8089,7972,29,7,22
5011065000,2026-06-30,제주특별자치도,제주시,연동,42916,21161,21755,42905,21147,21758,-11,-14,3
5011066000,2026-06-30,제주특별자치도,제주시,노형동,54230,26392,27838,54215,26384,27831,-15,-8,-7
5011067000,2026-06-30,제주특별자치도,제주시,외도동,22317,11173,11144,22332,11179,11153,15,6,9
5011068000,2026-06-30,제주특별자치도,제주시,이호동,4208,2160,2048,4230,2180,2050,22,20,2
5011069000,2026-06-30,제주특별자치도,제주시,도두동,3175,1690,1485,3172,1689,1483,-3,-1,-2
5013025000,2026-06-30,제주특별자치도,서귀포시,대정읍,21605,10486,11119,21492,10443,11049,-113,-43,-70
5013025300,2026-06-30,제주특별자치도,서귀포시,남원읍,17699,9134,8565,17679,9139,8540,-20,5,-25
5013025900,2026-06-30,제주특별자치도,서귀포시,성산읍,14554,7613,6941,14548,7608,6940,-6,-5,-1
5013031000,2026-06-30,제주특별자치도,서귀포시,안덕면,12279,6314,5965,12293,6319,5974,14,5,9
5013032000,2026-06-30,제주특별자치도,서귀포시,표선면,12797,6567,6230,12820,6574,6246,23,7,16
5013051000,2026-06-30,제주특별자치도,서귀포시,송산동,3713,1927,1786,3714,1923,1791,1,-4,5
5013052000,2026-06-30,제주특별자치도,서귀포시,정방동,2018,998,1020,2008,995,1013,-10,-3,-7
5013053000,2026-06-30,제주특별자치도,서귀포시,중앙동,2940,1376,1564,2917,1366,1551,-23,-10,-13
5013054000,2026-06-30,제주특별자치도,서귀포시,천지동,3273,1650,1623,3261,1642,1619,-12,-8,-4
5013055000,2026-06-30,제주특별자치도,서귀포시,효돈동,5184,2614,2570,5186,2608,2578,2,-6,8
5013056000,2026-06-30,제주특별자치도,서귀포시,영천동,5022,2556,2466,4998,2544,2454,-24,-12,-12
5013057000,2026-06-30,제주특별자치도,서귀포시,동홍동,22420,10871,11549,22416,10851,11565,-4,-20,16
5013058000,2026-06-30,제주특별자치도,서귀포시,서홍동,10996,5466,5530,11004,5459,5545,8,-7,15
5013059000,2026-06-30,제주특별자치도,서귀포시,대륜동,14837,7445,7392,14798,7436,7362,-39,-9,-30
5013060000,2026-06-30,제주특별자치도,서귀포시,대천동,13734,6972,6762,13788,7002,6786,54,30,24
5013061000,2026-06-30,제주특별자치도,서귀포시,중문동,12027,6092,5935,12023,6101,5922,-4,9,-13
5013062000,2026-06-30,제주특별자치도,서귀포시,예래동,3700,1914,1786,3724,1928,1796,24,14,10
5111025000,2026-06-30,강원특별자치도,춘천시,신북읍,6787,3402,3385,6789,3403,3386,2,1,1
5111031000,2026-06-30,강원특별자치도,춘천시,동면,18542,9081,9461,18539,9076,9463,-3,-5,2
5111032000,2026-06-30,강원특별자치도,춘천시,동산면,1336,752,584,1326,747,579,-10,-5,-5
5111033000,2026-06-30,강원특별자치도,춘천시,신동면,2517,1305,1212,2520,1304,1216,3,-1,4
5111034000,2026-06-30,강원특별자치도,춘천시,남면,1014,553,461,1006,551,455,-8,-2,-6
5111035000,2026-06-30,강원특별자치도,춘천시,서면,3509,1834,1675,3507,1832,1675,-2,-2,0
5111036000,2026-06-30,강원특별자치도,춘천시,사북면,2233,1111,1122,2236,1110,1126,3,-1,4
5111038000,2026-06-30,강원특별자치도,춘천시,북산면,920,520,400,918,521,397,-2,1,-3
5111039000,2026-06-30,강원특별자치도,춘천시,동내면,22843,11455,11388,22904,11498,11406,61,43,18
5111040000,2026-06-30,강원특별자치도,춘천시,남산면,3220,1701,1519,3232,1713,1519,12,12,0
5111052000,2026-06-30,강원특별자치도,춘천시,교동,3881,2057,1824,3865,2051,1814,-16,-6,-10
5111053000,2026-06-30,강원특별자치도,춘천시,조운동,2420,1173,1247,2408,1172,1236,-12,-1,-11
5111054500,2026-06-30,강원특별자치도,춘천시,약사명동,5338,2586,2752,5318,2578,2740,-20,-8,-12
5111057000,2026-06-30,강원특별자치도,춘천시,근화동,8844,4372,4472,8838,4362,4476,-6,-10,4
5111058000,2026-06-30,강원특별자치도,춘천시,소양동,10659,5191,5468,10680,5209,5471,21,18,3
5111060000,2026-06-30,강원특별자치도,춘천시,후평1동,10736,5349,5387,10730,5342,5388,-6,-7,1
5111061000,2026-06-30,강원특별자치도,춘천시,후평2동,13563,6370,7193,13538,6360,7178,-25,-10,-15
5111061100,2026-06-30,강원특별자치도,춘천시,후평3동,18795,8930,9865,18798,8920,9878,3,-10,13
5111062000,2026-06-30,강원특별자치도,춘천시,효자1동,3904,1943,1961,3891,1938,1953,-13,-5,-8
5111063000,2026-06-30,강원특별자치도,춘천시,효자2동,12384,6665,5719,12349,6636,5713,-35,-29,-6
5111064000,2026-06-30,강원특별자치도,춘천시,효자3동,4292,2134,2158,4290,2136,2154,-2,2,-4
5111065000,2026-06-30,강원특별자치도,춘천시,석사동,32100,15814,16286,32078,15801,16277,-22,-13,-9
5111066000,2026-06-30,강원특별자치도,춘천시,퇴계동,45124,21528,23596,45084,21505,23579,-40,-23,-17
5111067500,2026-06-30,강원특별자치도,춘천시,강남동,25209,12255,12954,25168,12228,12940,-41,-27,-14
5111070500,2026-06-30,강원특별자치도,춘천시,신사우동,24990,12398,12592,25015,12408,12607,25,10,15
5113025000,2026-06-30,강원특별자치도,원주시,문막읍,16829,8659,8170,16770,8629,8141,-59,-30,-29
5113031000,2026-06-30,강원특별자치도,원주시,소초면,7772,4175,3597,7797,4182,3615,25,7,18
5113032000,2026-06-30,강원특별자치도,원주시,호저면,3168,1668,1500,3162,1670,1492,-6,2,-8
5113033000,2026-06-30,강원특별자치도,원주시,지정면,33039,16225,16814,33081,16243,16838,42,18,24
5113035000,2026-06-30,강원특별자치도,원주시,부론면,2147,1100,1047,2141,1095,1046,-6,-5,-1
5113036000,2026-06-30,강원특별자치도,원주시,귀래면,2037,1054,983,2053,1064,989,16,10,6
5113037000,2026-06-30,강원특별자치도,원주시,흥업면,9581,5109,4472,9553,5090,4463,-28,-19,-9
5113038000,2026-06-30,강원특별자치도,원주시,판부면,7806,4115,3691,7811,4110,3701,5,-5,10
5113039000,2026-06-30,강원특별자치도,원주시,신림면,3505,1840,1665,3501,1836,1665,-4,-4,0
5113051500,2026-06-30,강원특별자치도,원주시,중앙동,2054,1090,964,2050,1086,964,-4,-4,0
5113052000,2026-06-30,강원특별자치도,원주시,원인동,5159,2471,2688,5295,2545,2750,136,74,62
5113053000,2026-06-30,강원특별자치도,원주시,개운동,11432,5482,5950,11449,5487,5962,17,5,12
5113054100,2026-06-30,강원특별자치도,원주시,명륜1동,7417,3489,3928,7402,3477,3925,-15,-12,-3
5113054200,2026-06-30,강원특별자치도,원주시,명륜2동,17790,8622,9168,17776,8620,9156,-14,-2,-12
5113055000,2026-06-30,강원특별자치도,원주시,단구동,40604,19796,20808,40636,19828,20808,32,32,0
5113056000,2026-06-30,강원특별자치도,원주시,일산동,7948,3750,4198,7951,3743,4208,3,-7,10
5113057500,2026-06-30,강원특별자치도,원주시,학성동,4018,1959,2059,4018,1963,2055,0,4,-4
5113059000,2026-06-30,강원특별자치도,원주시,단계동,26335,12776,13559,26244,12746,13498,-91,-30,-61
5113060000,2026-06-30,강원특별자치도,원주시,우산동,12982,6889,6093,12959,6873,6086,-23,-16,-7
5113061000,2026-06-30,강원특별자치도,원주시,태장1동,12261,6121,6140,12274,6122,6152,13,1,12
5113062000,2026-06-30,강원특별자치도,원주시,태장2동,24106,12064,12042,24080,12057,12023,-26,-7,-19
5113063500,2026-06-30,강원특별자치도,원주시,봉산동,6958,3423,3535,6943,3419,3524,-15,-4,-11
5113065000,2026-06-30,강원특별자치도,원주시,행구동,8159,4028,4131,8163,4029,4134,4,1,3
5113066000,2026-06-30,강원특별자치도,원주시,무실동,38620,18945,19675,38665,18949,19716,45,4,41
5113067500,2026-06-30,강원특별자치도,원주시,반곡관설동,52843,25752,27091,53037,25829,27208,194,77,117
5115025000,2026-06-30,강원특별자치도,강릉시,주문진읍,15214,7449,7765,15188,7439,7749,-26,-10,-16
5115031000,2026-06-30,강원특별자치도,강릉시,성산면,3310,1686,1624,3302,1678,1624,-8,-8,0
5115032000,2026-06-30,강원특별자치도,강릉시,왕산면,1469,793,676,1468,790,678,-1,-3,2
5115033000,2026-06-30,강원특별자치도,강릉시,구정면,4023,2054,1969,4024,2054,1970,1,0,1
5115034000,2026-06-30,강원특별자치도,강릉시,강동면,3640,1927,1713,3629,1921,1708,-11,-6,-5
5115035000,2026-06-30,강원특별자치도,강릉시,옥계면,3164,1637,1527,3163,1639,1524,-1,2,-3
5115036000,2026-06-30,강원특별자치도,강릉시,사천면,5227,2671,2556,5228,2666,2562,1,-5,6
5115037000,2026-06-30,강원특별자치도,강릉시,연곡면,6287,3137,3150,6296,3134,3162,9,-3,12
5115051000,2026-06-30,강원특별자치도,강릉시,홍제동,13911,6728,7183,13890,6718,7172,-21,-10,-11
5115052000,2026-06-30,강원특별자치도,강릉시,중앙동,3992,1892,2100,4000,1898,2102,8,6,2
5115054000,2026-06-30,강원특별자치도,강릉시,옥천동,2890,1462,1428,2892,1464,1428,2,2,0
5115055000,2026-06-30,강원특별자치도,강릉시,교1동,27454,13427,14027,27468,13438,14030,14,11,3
5115056000,2026-06-30,강원특별자치도,강릉시,교2동,10410,5124,5286,10443,5140,5303,33,16,17
5115057100,2026-06-30,강원특별자치도,강릉시,포남1동,10255,5040,5215,10258,5040,5218,3,0,3
5115057200,2026-06-30,강원특별자치도,강릉시,포남2동,11041,5459,5582,11025,5439,5586,-16,-20,4
5115058000,2026-06-30,강원특별자치도,강릉시,초당동,4075,1954,2121,4079,1957,2122,4,3,1
5115059000,2026-06-30,강원특별자치도,강릉시,송정동,9167,4365,4802,9169,4365,4804,2,0,2
5115060000,2026-06-30,강원특별자치도,강릉시,내곡동,18005,9165,8840,17950,9128,8822,-55,-37,-18
5115061500,2026-06-30,강원특별자치도,강릉시,강남동,15545,7764,7781,15512,7763,7749,-33,-1,-32
5115064500,2026-06-30,강원특별자치도,강릉시,성덕동,25192,12345,12847,25151,12341,12810,-41,-4,-37
5115066500,2026-06-30,강원특별자치도,강릉시,경포동,11519,5941,5578,11531,5951,5580,12,10,2
5117051000,2026-06-30,강원특별자치도,동해시,천곡동,28264,13914,14350,28315,13961,14354,51,47,4
5117052000,2026-06-30,강원특별자치도,동해시,송정동,3300,1831,1469,3296,1828,1468,-4,-3,-1
5117053000,2026-06-30,강원특별자치도,동해시,북삼동,21319,11030,10289,21313,11024,10289,-6,-6,0
5117054000,2026-06-30,강원특별자치도,동해시,부곡동,4416,2138,2278,4399,2123,2276,-17,-15,-2
5117055000,2026-06-30,강원특별자치도,동해시,동호동,4525,2301,2224,4522,2293,2229,-3,-8,5
5117057000,2026-06-30,강원특별자치도,동해시,발한동,2769,1420,1349,2760,1416,1344,-9,-4,-5
5117059000,2026-06-30,강원특별자치도,동해시,묵호동,2603,1277,1326,2594,1273,1321,-9,-4,-5
5117060000,2026-06-30,강원특별자치도,동해시,북평동,12962,6645,6317,12964,6650,6314,2,5,-3
5117063000,2026-06-30,강원특별자치도,동해시,망상동,3074,1570,1504,3068,1567,1501,-6,-3,-3
5117065000,2026-06-30,강원특별자치도,동해시,삼화동,2376,1233,1143,2358,1227,1131,-18,-6,-12
5119051500,2026-06-30,강원특별자치도,태백시,황지동,7597,3806,3791,7593,3805,3788,-4,-1,-3
5119052500,2026-06-30,강원특별자치도,태백시,황연동,3562,1826,1736,3553,1826,1727,-9,0,-9
5119053500,2026-06-30,강원특별자치도,태백시,삼수동,4700,2376,2324,4693,2367,2326,-7,-9,2
5119054000,2026-06-30,강원특별자치도,태백시,상장동,11271,5733,5538,11287,5750,5537,16,17,-1
5119058500,2026-06-30,강원특별자치도,태백시,문곡소도동,3159,1558,1601,3148,1551,1597,-11,-7,-4
5119059500,2026-06-30,강원특별자치도,태백시,장성동,2921,1437,1484,2901,1431,1470,-20,-6,-14
5119060500,2026-06-30,강원특별자치도,태백시,구문소동,2075,1080,995,2073,1077,996,-2,-3,1
5119061500,2026-06-30,강원특별자치도,태백시,철암동,1568,832,736,1563,830,733,-5,-2,-3
5121051000,2026-06-30,강원특별자치도,속초시,영랑동,4314,2254,2060,4345,2265,2080,31,11,20
5121052000,2026-06-30,강원특별자치도,속초시,동명동,5225,2580,2645,5234,2584,2650,9,4,5
5121054000,2026-06-30,강원특별자치도,속초시,금호동,5305,2613,2692,5321,2618,2703,16,5,11
5121056000,2026-06-30,강원특별자치도,속초시,교동,8438,4146,4292,8436,4144,4292,-2,-2,0
5121057000,2026-06-30,강원특별자치도,속초시,노학동,19749,9842,9907,19730,9822,9908,-19,-20,1
5121058000,2026-06-30,강원특별자치도,속초시,조양동,28394,13732,14662,28448,13768,14680,54,36,18
5121059000,2026-06-30,강원특별자치도,속초시,청호동,4589,2321,2268,4600,2325,2275,11,4,7
5121060000,2026-06-30,강원특별자치도,속초시,대포동,2791,1463,1328,2779,1450,1329,-12,-13,1
5123025000,2026-06-30,강원특별자치도,삼척시,도계읍,8501,4394,4107,8446,4350,4096,-55,-44,-11
5123025300,2026-06-30,강원특별자치도,삼척시,원덕읍,3095,1688,1407,3084,1682,1402,-11,-6,-5
5123025400,2026-06-30,강원특별자치도,삼척시,원덕읍임원출장소,1416,700,716,1415,697,718,-1,-3,2
5123031000,2026-06-30,강원특별자치도,삼척시,근덕면,4519,2342,2177,4524,2346,2178,5,4,1
5123032000,2026-06-30,강원특별자치도,삼척시,하장면,1149,628,521,1149,630,519,0,2,-2
5123033000,2026-06-30,강원특별자치도,삼척시,노곡면,684,379,305,682,377,305,-2,-2,0
5123034000,2026-06-30,강원특별자치도,삼척시,미로면,1693,901,792,1678,897,781,-15,-4,-11
5123035000,2026-06-30,강원특별자치도,삼척시,가곡면,633,335,298,632,335,297,-1,0,-1
5123036000,2026-06-30,강원특별자치도,삼척시,신기면,607,340,267,607,340,267,0,0,0
5123051000,2026-06-30,강원특별자치도,삼척시,남양동,6391,3134,3257,6377,3124,3253,-14,-10,-4
5123053000,2026-06-30,강원특별자치도,삼척시,교동,15137,7780,7357,15159,7787,7372,22,7,15
5123054000,2026-06-30,강원특별자치도,삼척시,정라동,9545,4871,4674,9514,4860,4654,-31,-11,-20
5123057000,2026-06-30,강원특별자치도,삼척시,성내동,7038,3448,3590,7027,3447,3580,-11,-1,-10
5172025000,2026-06-30,강원특별자치도,홍천군,홍천읍,33311,16831,16480,33298,16820,16478,-13,-11,-2
5172031000,2026-06-30,강원특별자치도,홍천군,화촌면,4094,2213,1881,4099,2215,1884,5,2,3
5172032000,2026-06-30,강원특별자치도,홍천군,두촌면,2381,1204,1177,2386,1207,1179,5,3,2
5172033000,2026-06-30,강원특별자치도,홍천군,내촌면,2370,1236,1134,2368,1235,1133,-2,-1,-1
5172034000,2026-06-30,강원특별자치도,홍천군,서석면,3557,1828,1729,3555,1827,1728,-2,-1,-1
5172035200,2026-06-30,강원특별자치도,홍천군,영귀미면,4035,2106,1929,4023,2099,1924,-12,-7,-5
5172036000,2026-06-30,강원특별자치도,홍천군,남면,5470,2923,2547,5472,2937,2535,2,14,-12
5172037000,2026-06-30,강원특별자치도,홍천군,서면,3784,1996,1788,3789,1997,1792,5,1,4
5172038000,2026-06-30,강원특별자치도,홍천군,북방면,4021,2098,1923,4007,2099,1908,-14,1,-15
5172039000,2026-06-30,강원특별자치도,홍천군,내면,2866,1532,1334,2852,1524,1328,-14,-8,-6
5173025000,2026-06-30,강원특별자치도,횡성군,횡성읍,20269,10267,10002,20265,10255,10010,-4,-12,8
5173031000,2026-06-30,강원특별자치도,횡성군,우천면,4310,2287,2023,4295,2287,2008,-15,0,-15
5173032000,2026-06-30,강원특별자치도,횡성군,안흥면,3145,1631,1514,3145,1636,1509,0,5,-5
5173033000,2026-06-30,강원특별자치도,횡성군,둔내면,5915,3135,2780,5906,3137,2769,-9,2,-11
5173034000,2026-06-30,강원특별자치도,횡성군,갑천면,2478,1300,1178,2481,1301,1180,3,1,2
5173035000,2026-06-30,강원특별자치도,횡성군,청일면,2382,1215,1167,2380,1215,1165,-2,0,-2
5173036000,2026-06-30,강원특별자치도,횡성군,공근면,3355,1781,1574,3354,1780,1574,-1,-1,0
5173037000,2026-06-30,강원특별자치도,횡성군,서원면,2003,1083,920,2004,1087,917,1,4,-3
5173038000,2026-06-30,강원특별자치도,횡성군,강림면,1739,909,830,1745,914,831,6,5,1
5175025000,2026-06-30,강원특별자치도,영월군,영월읍,19190,9790,9400,19163,9768,9395,-27,-22,-5
5175025300,2026-06-30,강원특별자치도,영월군,상동읍,991,530,461,987,525,462,-4,-5,1
5175031200,2026-06-30,강원특별자치도,영월군,산솔면,1336,721,615,1331,723,608,-5,2,-7
5175032500,2026-06-30,강원특별자치도,영월군,김삿갓면,1769,930,839,1779,932,847,10,2,8
5175033000,2026-06-30,강원특별자치도,영월군,북면,1948,1038,910,1937,1032,905,-11,-6,-5
5175034000,2026-06-30,강원특별자치도,영월군,남면,2078,1111,967,2079,1111,968,1,0,1
5175035500,2026-06-30,강원특별자치도,영월군,한반도면,1110,583,527,1115,589,526,5,6,-1
5175035900,2026-06-30,강원특별자치도,영월군,한반도면쌍용출장소,1455,773,682,1441,762,679,-14,-11,-3
5175036000,2026-06-30,강원특별자치도,영월군,주천면,3788,1970,1818,3784,1967,1817,-4,-3,-1
5175038000,2026-06-30,강원특별자치도,영월군,무릉도원면,2092,1098,994,2098,1101,997,6,3,3
5176025000,2026-06-30,강원특별자치도,평창군,평창읍,8284,4266,4018,8274,4259,4015,-10,-7,-3
5176031000,2026-06-30,강원특별자치도,평창군,미탄면,1460,808,652,1459,808,651,-1,0,-1
5176032000,2026-06-30,강원특별자치도,평창군,방림면,788,424,364,786,424,362,-2,0,-2
5176032500,2026-06-30,강원특별자치도,평창군,방림면계촌출장소,1698,877,821,1703,881,822,5,4,1
5176033000,2026-06-30,강원특별자치도,평창군,대화면,4913,2521,2392,4919,2528,2391,6,7,-1
5176034000,2026-06-30,강원특별자치도,평창군,봉평면,5560,2882,2678,5553,2875,2678,-7,-7,0
5176035000,2026-06-30,강원특별자치도,평창군,용평면,2967,1512,1455,2960,1505,1455,-7,-7,0
5176036000,2026-06-30,강원특별자치도,평창군,진부면,8404,4265,4139,8388,4246,4142,-16,-19,3
5176038000,2026-06-30,강원특별자치도,평창군,대관령면,5843,3143,2700,5855,3162,2693,12,19,-7
5177025000,2026-06-30,강원특별자치도,정선군,정선읍,10299,5312,4987,10293,5312,4981,-6,0,-6
5177025300,2026-06-30,강원특별자치도,정선군,고한읍,4699,2503,2196,4708,2499,2209,9,-4,13
5177025600,2026-06-30,강원특별자치도,정선군,사북읍,4386,2305,2081,4381,2301,2080,-5,-4,-1
5177025900,2026-06-30,강원특별자치도,정선군,신동읍,1734,909,825,1739,911,828,5,2,3
5177026000,2026-06-30,강원특별자치도,정선군,신동읍함백출장소,1512,774,738,1522,778,744,10,4,6
5177032000,2026-06-30,강원특별자치도,정선군,남면,3188,1743,1445,3193,1752,1441,5,9,-4
5177034000,2026-06-30,강원특별자치도,정선군,북평면,2496,1272,1224,2501,1275,1226,5,3,2
5177035000,2026-06-30,강원특별자치도,정선군,임계면,3365,1810,1555,3359,1807,1552,-6,-3,-3
5177036000,2026-06-30,강원특별자치도,정선군,화암면,1534,835,699,1536,840,696,2,5,-3
5177037000,2026-06-30,강원특별자치도,정선군,여량면,1900,1006,894,1896,1004,892,-4,-2,-2
5178025000,2026-06-30,강원특별자치도,철원군,철원읍,4709,2380,2329,4707,2372,2335,-2,-8,6
5178025300,2026-06-30,강원특별자치도,철원군,김화읍,2936,1574,1362,2947,1581,1366,11,7,4
5178025600,2026-06-30,강원특별자치도,철원군,갈말읍,11379,6046,5333,11373,6050,5323,-6,4,-10
5178025900,2026-06-30,강원특별자치도,철원군,동송읍,13847,6957,6890,13828,6946,6882,-19,-11,-8
5178031000,2026-06-30,강원특별자치도,철원군,서면,1603,901,702,1607,904,703,4,3,1
5178031500,2026-06-30,강원특별자치도,철원군,서면와수출장소,3339,1673,1666,3333,1665,1668,-6,-8,2
5178032000,2026-06-30,강원특별자치도,철원군,근남면,1824,937,887,1825,939,886,1,2,-1
5178033000,2026-06-30,강원특별자치도,철원군,근북면,90,44,46,91,45,46,1,1,0
5179025000,2026-06-30,강원특별자치도,화천군,화천읍,7991,4155,3836,8114,4223,3891,123,68,55
5179031000,2026-06-30,강원특별자치도,화천군,간동면,2495,1358,1137,2514,1369,1145,19,11,8
5179032000,2026-06-30,강원특별자치도,화천군,하남면,2812,1472,1340,2830,1481,1349,18,9,9
5179033000,2026-06-30,강원특별자치도,화천군,상서면,3434,2053,1381,3470,2075,1395,36,22,14
5179034000,2026-06-30,강원특별자치도,화천군,사내면,5596,2931,2665,5651,2966,2685,55,35,20
5180025000,2026-06-30,강원특별자치도,양구군,양구읍,13046,6649,6397,13035,6642,6393,-11,-7,-4
5180031500,2026-06-30,강원특별자치도,양구군,국토정중앙면,3220,1792,1428,3241,1803,1438,21,11,10
5180032000,2026-06-30,강원특별자치도,양구군,동면,1788,975,813,1782,972,810,-6,-3,-3
5180033000,2026-06-30,강원특별자치도,양구군,방산면,1113,627,486,1122,640,482,9,13,-4
5180034000,2026-06-30,강원특별자치도,양구군,해안면,1191,660,531,1192,661,531,1,1,0
5181025000,2026-06-30,강원특별자치도,인제군,인제읍,9737,5148,4589,9740,5157,4583,3,9,-6
5181025100,2026-06-30,강원특별자치도,인제군,인제읍귀둔출장소,463,237,226,464,237,227,1,0,1
5181031000,2026-06-30,강원특별자치도,인제군,남면,3695,2080,1615,3687,2079,1608,-8,-1,-7
5181032000,2026-06-30,강원특별자치도,인제군,북면,7548,4125,3423,7571,4137,3434,23,12,11
5181033000,2026-06-30,강원특별자치도,인제군,기린면,4963,2753,2210,4957,2753,2204,-6,0,-6
5181034000,2026-06-30,강원특별자치도,인제군,서화면,2356,1386,970,2354,1389,965,-2,3,-5
5181035000,2026-06-30,강원특별자치도,인제군,상남면,1990,1117,873,1998,1123,875,8,6,2
5182025000,2026-06-30,강원특별자치도,고성군,간성읍,7346,3830,3516,7330,3829,3501,-16,-1,-15
5182025300,2026-06-30,강원특별자치도,고성군,거진읍,5412,2680,2732,5399,2668,2731,-13,-12,-1
5182031000,2026-06-30,강원특별자치도,고성군,현내면,2034,1002,1032,2028,1001,1027,-6,-1,-5
5182032000,2026-06-30,강원특별자치도,고성군,죽왕면,3216,1675,1541,3212,1676,1536,-4,1,-5
5182033000,2026-06-30,강원특별자치도,고성군,토성면,9181,4735,4446,9235,4762,4473,54,27,27
5183025000,2026-06-30,강원특별자치도,양양군,양양읍,12645,6386,6259,12622,6383,6239,-23,-3,-20
5183031000,2026-06-30,강원특별자치도,양양군,서면,2578,1325,1253,2565,1323,1242,-13,-2,-11
5183032000,2026-06-30,강원특별자치도,양양군,손양면,2151,1087,1064,2146,1083,1063,-5,-4,-1
5183033000,2026-06-30,강원특별자치도,양양군,현북면,2639,1370,1269,2615,1357,1258,-24,-13,-11
5183034000,2026-06-30,강원특별자치도,양양군,현남면,2896,1526,1370,2880,1518,1362,-16,-8,-8
5183035000,2026-06-30,강원특별자치도,양양군,강현면,4508,2304,2204,4498,2300,2198,-10,-4,-6
5211151000,2026-06-30,전북특별자치도,전주시 완산구,중앙동,9468,4649,4819,9421,4631,4790,-47,-18,-29
5211153000,2026-06-30,전북특별자치도,전주시 완산구,풍남동,3312,1615,1697,3321,1625,1696,9,10,-1
5211160500,2026-06-30,전북특별자치도,전주시 완산구,노송동,9832,4807,5025,9816,4804,5012,-16,-3,-13
5211163500,2026-06-30,전북특별자치도,전주시 완산구,완산동,4674,2282,2392,4673,2277,2396,-1,-5,4
5211165000,2026-06-30,전북특별자치도,전주시 완산구,동서학동,5548,2699,2849,5532,2694,2838,-16,-5,-11
5211166000,2026-06-30,전북특별자치도,전주시 완산구,서서학동,7590,3674,3916,7569,3666,3903,-21,-8,-13
5211167100,2026-06-30,전북특별자치도,전주시 완산구,중화산1동,13187,6195,6992,13162,6195,6967,-25,0,-25
5211167200,2026-06-30,전북특별자치도,전주시 완산구,중화산2동,18572,9356,9216,18549,9336,9213,-23,-20,-3
5211168000,2026-06-30,전북특별자치도,전주시 완산구,서신동,37867,18445,19422,37842,18422,19420,-25,-23,-2
5211169100,2026-06-30,전북특별자치도,전주시 완산구,평화1동,11434,5435,5999,11418,5429,5989,-16,-6,-10
5211169200,2026-06-30,전북특별자치도,전주시 완산구,평화2동,41713,19935,21778,41689,19923,21766,-24,-12,-12
5211170100,2026-06-30,전북특별자치도,전주시 완산구,삼천1동,10676,5177,5499,10581,5133,5448,-95,-44,-51
5211170200,2026-06-30,전북특별자치도,전주시 완산구,삼천2동,11376,5400,5976,11364,5390,5974,-12,-10,-2
5211170300,2026-06-30,전북특별자치도,전주시 완산구,삼천3동,19933,9503,10430,19931,9495,10436,-2,-8,6
5211171100,2026-06-30,전북특별자치도,전주시 완산구,효자1동,11687,5559,6128,11668,5555,6113,-19,-4,-15
5211171200,2026-06-30,전북특별자치도,전주시 완산구,효자2동,8611,4095,4516,8538,4057,4481,-73,-38,-35
5211171300,2026-06-30,전북특별자치도,전주시 완산구,효자3동,13450,6259,7191,13466,6259,7207,16,0,16
5211171400,2026-06-30,전북특별자치도,전주시 완산구,효자4동,38857,18922,19935,38823,18904,19919,-34,-18,-16
5211173000,2026-06-30,전북특별자치도,전주시 완산구,효자5동,36247,18121,18126,36166,18087,18079,-81,-34,-47
5211352500,2026-06-30,전북특별자치도,전주시 덕진구,진북동,11920,5733,6187,11878,5704,6174,-42,-29,-13
5211354000,2026-06-30,전북특별자치도,전주시 덕진구,인후1동,16691,8009,8682,16641,7984,8657,-50,-25,-25
5211355000,2026-06-30,전북특별자치도,전주시 덕진구,인후2동,9860,4826,5034,9869,4815,5054,9,-11,20
5211356000,2026-06-30,전북특별자치도,전주시 덕진구,인후3동,29127,14318,14809,29063,14297,14766,-64,-21,-43
5211357000,2026-06-30,전북특별자치도,전주시 덕진구,덕진동,19830,10134,9696,19776,10106,9670,-54,-28,-26
5211357500,2026-06-30,전북특별자치도,전주시 덕진구,금암동,18006,9212,8794,17943,9180,8763,-63,-32,-31
5211360000,2026-06-30,전북특별자치도,전주시 덕진구,팔복동,7094,3861,3233,7089,3849,3240,-5,-12,7
5211361100,2026-06-30,전북특별자치도,전주시 덕진구,우아1동,11422,5709,5713,11406,5701,5705,-16,-8,-8
5211361200,2026-06-30,전북특별자치도,전주시 덕진구,우아2동,13479,7160,6319,13470,7148,6322,-9,-12,3
5211362000,2026-06-30,전북특별자치도,전주시 덕진구,호성동,17839,8466,9373,17815,8452,9363,-24,-14,-10
5211364100,2026-06-30,전북특별자치도,전주시 덕진구,송천1동,32260,15949,16311,32242,15931,16311,-18,-18,0
5211364200,2026-06-30,전북특별자치도,전주시 덕진구,송천2동,23973,11655,12318,23941,11637,12304,-32,-18,-14
5211364300,2026-06-30,전북특별자치도,전주시 덕진구,송천3동,32928,16328,16600,32937,16324,16613,9,-4,13
5211365000,2026-06-30,전북특별자치도,전주시 덕진구,조촌동,12138,6179,5959,12123,6170,5953,-15,-9,-6
5211366500,2026-06-30,전북특별자치도,전주시 덕진구,여의동,15299,7701,7598,15284,7684,7600,-15,-17,2
5211367000,2026-06-30,전북특별자치도,전주시 덕진구,혁신동,35860,17623,18237,35868,17633,18235,8,10,-2
5213025000,2026-06-30,전북특별자치도,군산시,옥구읍,2792,1417,1375,2777,1409,1368,-15,-8,-7
5213031000,2026-06-30,전북특별자치도,군산시,옥산면,4177,2146,2031,4159,2137,2022,-18,-9,-9
5213032000,2026-06-30,전북특별자치도,군산시,회현면,2975,1534,1441,2957,1521,1436,-18,-13,-5
5213033000,2026-06-30,전북특별자치도,군산시,임피면,2329,1216,1113,2337,1219,1118,8,3,5
5213034000,2026-06-30,전북특별자치도,군산시,서수면,2258,1131,1127,2260,1131,1129,2,0,2
5213035000,2026-06-30,전북특별자치도,군산시,대야면,4323,2140,2183,4304,2134,2170,-19,-6,-13
5213036000,2026-06-30,전북특별자치도,군산시,개정면,2647,1334,1313,2647,1333,1314,0,-1,1
5213037000,2026-06-30,전북특별자치도,군산시,성산면,2460,1213,1247,2453,1213,1240,-7,0,-7
5213038000,2026-06-30,전북특별자치도,군산시,나포면,1961,1009,952,1967,1013,954,6,4,2
5213039000,2026-06-30,전북특별자치도,군산시,옥도면,2690,1517,1173,2672,1505,1167,-18,-12,-6
5213040000,2026-06-30,전북특별자치도,군산시,옥서면,2496,1289,1207,2493,1288,1205,-3,-1,-2
5213051500,2026-06-30,전북특별자치도,군산시,해신동,1862,906,956,1874,914,960,12,8,4
5213053000,2026-06-30,전북특별자치도,군산시,월명동,4390,2158,2232,4349,2137,2212,-41,-21,-20
5213055000,2026-06-30,전북특별자치도,군산시,신풍동,5697,2805,2892,5667,2791,2876,-30,-14,-16
5213056000,2026-06-30,전북특별자치도,군산시,삼학동,4854,2380,2474,4831,2367,2464,-23,-13,-10
5213060500,2026-06-30,전북특별자치도,군산시,중앙동,3908,1963,1945,3886,1946,1940,-22,-17,-5
5213064000,2026-06-30,전북특별자치도,군산시,흥남동,11027,5507,5520,10987,5485,5502,-40,-22,-18
5213065000,2026-06-30,전북특별자치도,군산시,조촌동,25990,13019,12971,26483,13236,13247,493,217,276
5213066000,2026-06-30,전북특별자치도,군산시,경암동,6542,3248,3294,6502,3235,3267,-40,-13,-27
5213067000,2026-06-30,전북특별자치도,군산시,구암동,16054,8141,7913,16168,8191,7977,114,50,64
5213068000,2026-06-30,전북특별자치도,군산시,개정동,2355,1203,1152,2334,1193,1141,-21,-10,-11
5213069000,2026-06-30,전북특별자치도,군산시,수송동,53510,26868,26642,53497,26872,26625,-13,4,-17
5213070100,2026-06-30,전북특별자치도,군산시,나운1동,12387,6192,6195,12335,6168,6167,-52,-24,-28
5213070200,2026-06-30,전북특별자치도,군산시,나운2동,20216,9704,10512,20162,9696,10466,-54,-8,-46
5213070300,2026-06-30,전북특별자치도,군산시,나운3동,29656,14839,14817,29516,14778,14738,-140,-61,-79
5213071000,2026-06-30,전북특별자치도,군산시,소룡동,15616,8867,6749,15544,8805,6739,-72,-62,-10
5213072000,2026-06-30,전북특별자치도,군산시,미성동,10477,6061,4416,10430,6032,4398,-47,-29,-18
5214025000,2026-06-30,전북특별자치도,익산시,함열읍,5899,2901,2998,5907,2905,3002,8,4,4
5214031000,2026-06-30,전북특별자치도,익산시,오산면,6499,3213,3286,6461,3185,3276,-38,-28,-10
5214032000,2026-06-30,전북특별자치도,익산시,황등면,6225,3145,3080,6203,3127,3076,-22,-18,-4
5214033000,2026-06-30,전북특별자치도,익산시,함라면,1943,968,975,1933,963,970,-10,-5,-5
5214034000,2026-06-30,전북특별자치도,익산시,웅포면,1386,715,671,1383,710,673,-3,-5,2
5214035000,2026-06-30,전북특별자치도,익산시,성당면,1669,855,814,1659,851,808,-10,-4,-6
5214036000,2026-06-30,전북특별자치도,익산시,용안면,2298,1174,1124,2287,1167,1120,-11,-7,-4
5214037000,2026-06-30,전북특별자치도,익산시,낭산면,2679,1402,1277,2686,1408,1278,7,6,1
5214038000,2026-06-30,전북특별자치도,익산시,망성면,2609,1305,1304,2601,1302,1299,-8,-3,-5
5214039000,2026-06-30,전북특별자치도,익산시,여산면,2921,1497,1424,2904,1487,1417,-17,-10,-7
5214040000,2026-06-30,전북특별자치도,익산시,금마면,4945,2550,2395,4949,2556,2393,4,6,-2
5214041000,2026-06-30,전북특별자치도,익산시,왕궁면,4964,2560,2404,4971,2569,2402,7,9,-2
5214042000,2026-06-30,전북특별자치도,익산시,춘포면,4211,2205,2006,4181,2187,1994,-30,-18,-12
5214043000,2026-06-30,전북특별자치도,익산시,삼기면,2303,1187,1116,2304,1193,1111,1,6,-5
5214044000,2026-06-30,전북특별자치도,익산시,용동면,1336,653,683,1340,657,683,4,4,0
5214052000,2026-06-30,전북특별자치도,익산시,중앙동,2984,1595,1389,2978,1593,1385,-6,-2,-4
5214053000,2026-06-30,전북특별자치도,익산시,평화동,5845,3051,2794,5887,3069,2818,42,18,24
5214056000,2026-06-30,전북특별자치도,익산시,인화동,5704,2865,2839,5697,2856,2841,-7,-9,2
5214057000,2026-06-30,전북특별자치도,익산시,동산동,19347,9457,9890,19313,9432,9881,-34,-25,-9
5214058000,2026-06-30,전북특별자치도,익산시,마동,18433,9251,9182,18425,9253,9172,-8,2,-10
5214059500,2026-06-30,전북특별자치도,익산시,남중동,11060,5658,5402,11096,5669,5427,36,11,25
5214061000,2026-06-30,전북특별자치도,익산시,모현동,35249,17015,18234,35172,16983,18189,-77,-32,-45
5214062000,2026-06-30,전북특별자치도,익산시,송학동,11421,5644,5777,11428,5645,5783,7,1,6
5214064600,2026-06-30,전북특별자치도,익산시,영등1동,19375,9458,9917,19350,9440,9910,-25,-18,-7
5214064700,2026-06-30,전북특별자치도,익산시,영등2동,11932,5805,6127,11912,5786,6126,-20,-19,-1
5214065200,2026-06-30,전북특별자치도,익산시,어양동,21428,10458,10970,21441,10471,10970,13,13,0
5214065600,2026-06-30,전북특별자치도,익산시,신동,15384,7746,7638,15475,7786,7689,91,40,51
5214067000,2026-06-30,전북특별자치도,익산시,팔봉동,5926,3065,2861,5915,3056,2859,-11,-9,-2
5214069000,2026-06-30,전북특별자치도,익산시,삼성동,30843,15297,15546,30900,15334,15566,57,37,20
5218025000,2026-06-30,전북특별자치도,정읍시,신태인읍,4832,2374,2458,4826,2370,2456,-6,-4,-2
5218031000,2026-06-30,전북특별자치도,정읍시,북면,3761,1912,1849,3775,1921,1854,14,9,5
5218032000,2026-06-30,전북특별자치도,정읍시,입암면,2533,1274,1259,2536,1275,1261,3,1,2
5218033000,2026-06-30,전북특별자치도,정읍시,소성면,1862,954,908,1858,955,903,-4,1,-5
5218034000,2026-06-30,전북특별자치도,정읍시,고부면,2537,1283,1254,2527,1280,1247,-10,-3,-7
5218035000,2026-06-30,전북특별자치도,정읍시,영원면,1562,801,761,1568,806,762,6,5,1
5218036000,2026-06-30,전북특별자치도,정읍시,덕천면,1583,815,768,1575,811,764,-8,-4,-4
5218037000,2026-06-30,전북특별자치도,정읍시,이평면,1838,937,901,1829,934,895,-9,-3,-6
5218038000,2026-06-30,전북특별자치도,정읍시,정우면,2290,1168,1122,2291,1168,1123,1,0,1
5218039000,2026-06-30,전북특별자치도,정읍시,태인면,3099,1570,1529,3092,1568,1524,-7,-2,-5
5218040000,2026-06-30,전북특별자치도,정읍시,감곡면,2574,1350,1224,2581,1354,1227,7,4,3
5218041000,2026-06-30,전북특별자치도,정읍시,옹동면,1556,802,754,1549,798,751,-7,-4,-3
5218042000,2026-06-30,전북특별자치도,정읍시,칠보면,2066,1077,989,2057,1072,985,-9,-5,-4
5218043000,2026-06-30,전북특별자치도,정읍시,산내면,1149,581,568,1159,584,575,10,3,7
5218044000,2026-06-30,전북특별자치도,정읍시,산외면,1898,991,907,1904,992,912,6,1,5
5218051000,2026-06-30,전북특별자치도,정읍시,수성동,15594,7898,7696,15631,7922,7709,37,24,13
5218052000,2026-06-30,전북특별자치도,정읍시,장명동,2600,1299,1301,2607,1306,1301,7,7,0
5218053500,2026-06-30,전북특별자치도,정읍시,내장상동,20217,9816,10401,20196,9797,10399,-21,-19,-2
5218054500,2026-06-30,전북특별자치도,정읍시,시기동,2890,1349,1541,2899,1353,1546,9,4,5
5218056500,2026-06-30,전북특별자치도,정읍시,초산동,9590,4768,4822,9615,4773,4842,25,5,20
5218057000,2026-06-30,전북특별자치도,정읍시,연지동,5452,2684,2768,5454,2687,2767,2,3,-1
5218058000,2026-06-30,전북특별자치도,정읍시,농소동,5219,2596,2623,5245,2609,2636,26,13,13
5218059500,2026-06-30,전북특별자치도,정읍시,상교동,3981,2056,1925,3964,2043,1921,-17,-13,-4
5219025000,2026-06-30,전북특별자치도,남원시,운봉읍,3472,1703,1769,3459,1700,1759,-13,-3,-10
5219031000,2026-06-30,전북특별자치도,남원시,주천면,2426,1238,1188,2407,1227,1180,-19,-11,-8
5219032000,2026-06-30,전북특별자치도,남원시,수지면,1015,516,499,1015,516,499,0,0,0
5219033000,2026-06-30,전북특별자치도,남원시,송동면,1771,903,868,1774,903,871,3,0,3
5219034000,2026-06-30,전북특별자치도,남원시,주생면,1661,824,837,1661,822,839,0,-2,2
5219035000,2026-06-30,전북특별자치도,남원시,금지면,2033,969,1064,2017,965,1052,-16,-4,-12
5219036000,2026-06-30,전북특별자치도,남원시,대강면,1368,669,699,1357,664,693,-11,-5,-6
5219037000,2026-06-30,전북특별자치도,남원시,대산면,1425,738,687,1420,736,684,-5,-2,-3
5219038000,2026-06-30,전북특별자치도,남원시,사매면,1404,728,676,1404,728,676,0,0,0
5219039000,2026-06-30,전북특별자치도,남원시,덕과면,901,459,442,900,461,439,-1,2,-3
5219040000,2026-06-30,전북특별자치도,남원시,보절면,1260,633,627,1253,628,625,-7,-5,-2
5219041000,2026-06-30,전북특별자치도,남원시,산동면,1573,799,774,1564,793,771,-9,-6,-3
5219042000,2026-06-30,전북특별자치도,남원시,이백면,2060,1003,1057,2054,1002,1052,-6,-1,-5
5219045000,2026-06-30,전북특별자치도,남원시,아영면,1767,913,854,1763,911,852,-4,-2,-2
5219046000,2026-06-30,전북특별자치도,남원시,산내면,1962,975,987,1965,975,990,3,0,3
5219047000,2026-06-30,전북특별자치도,남원시,인월면,2643,1307,1336,2644,1310,1334,1,3,-2
5219051000,2026-06-30,전북특별자치도,남원시,동충동,2804,1351,1453,2788,1341,1447,-16,-10,-6
5219052000,2026-06-30,전북특별자치도,남원시,죽항동,2789,1301,1488,2788,1296,1492,-1,-5,4
5219054000,2026-06-30,전북특별자치도,남원시,노암동,5745,2814,2931,5751,2823,2928,6,9,-3
5219055000,2026-06-30,전북특별자치도,남원시,금동,5710,2700,3010,5703,2704,2999,-7,4,-11
5219056000,2026-06-30,전북특별자치도,남원시,왕정동,5335,2589,2746,5352,2594,2758,17,5,12
5219057000,2026-06-30,전북특별자치도,남원시,향교동,6340,3207,3133,6316,3192,3124,-24,-15,-9
5219059000,2026-06-30,전북특별자치도,남원시,도통동,16473,8029,8444,16457,8019,8438,-16,-10,-6
5221025000,2026-06-30,전북특별자치도,김제시,만경읍,2524,1311,1213,2529,1317,1212,5,6,-1
5221032000,2026-06-30,전북특별자치도,김제시,죽산면,2283,1136,1147,2281,1131,1150,-2,-5,3
5221033000,2026-06-30,전북특별자치도,김제시,백산면,3956,2060,1896,3941,2052,1889,-15,-8,-7
5221034000,2026-06-30,전북특별자치도,김제시,용지면,3290,1709,1581,3272,1703,1569,-18,-6,-12
5221035000,2026-06-30,전북특별자치도,김제시,백구면,3541,1771,1770,3531,1768,1763,-10,-3,-7
5221036000,2026-06-30,전북특별자치도,김제시,부량면,1263,627,636,1257,625,632,-6,-2,-4
5221038000,2026-06-30,전북특별자치도,김제시,공덕면,2415,1280,1135,2416,1282,1134,1,2,-1
5221039000,2026-06-30,전북특별자치도,김제시,청하면,1636,834,802,1625,831,794,-11,-3,-8
5221040000,2026-06-30,전북특별자치도,김제시,성덕면,1668,880,788,1674,884,790,6,4,2
5221041000,2026-06-30,전북특별자치도,김제시,진봉면,2379,1162,1217,2380,1159,1221,1,-3,4
5221042000,2026-06-30,전북특별자치도,김제시,금구면,5829,3002,2827,5871,3022,2849,42,20,22
5221043000,2026-06-30,전북특별자치도,김제시,봉남면,2069,1019,1050,2064,1018,1046,-5,-1,-4
5221044000,2026-06-30,전북특별자치도,김제시,황산면,1837,945,892,1837,946,891,0,1,-1
5221045000,2026-06-30,전북특별자치도,김제시,금산면,4360,2197,2163,4352,2190,2162,-8,-7,-1
5221046000,2026-06-30,전북특별자치도,김제시,광활면,1226,627,599,1220,624,596,-6,-3,-3
5221051000,2026-06-30,전북특별자치도,김제시,요촌동,10838,5441,5397,10824,5431,5393,-14,-10,-4
5221052000,2026-06-30,전북특별자치도,김제시,신풍동,12296,5969,6327,12269,5956,6313,-27,-13,-14
5221054000,2026-06-30,전북특별자치도,김제시,검산동,11920,5864,6056,11949,5871,6078,29,7,22
5221058000,2026-06-30,전북특별자치도,김제시,교월동,6335,3139,3196,6339,3142,3197,4,3,1
5271025000,2026-06-30,전북특별자치도,완주군,삼례읍,22355,11593,10762,22332,11582,10750,-23,-11,-12
5271025300,2026-06-30,전북특별자치도,완주군,봉동읍,24118,12620,11498,24085,12601,11484,-33,-19,-14
5271025600,2026-06-30,전북특별자치도,완주군,용진읍,10953,5524,5429,10986,5531,5455,33,7,26
5271032000,2026-06-30,전북특별자치도,완주군,상관면,3946,2057,1889,3962,2061,1901,16,4,12
5271033000,2026-06-30,전북특별자치도,완주군,이서면,15338,7624,7714,15371,7632,7739,33,8,25
5271034000,2026-06-30,전북특별자치도,완주군,소양면,5589,2875,2714,5594,2866,2728,5,-9,14
5271035000,2026-06-30,전북특별자치도,완주군,구이면,5491,2783,2708,5508,2800,2708,17,17,0
5271036000,2026-06-30,전북특별자치도,완주군,고산면,4224,2180,2044,4236,2193,2043,12,13,-1
5271037000,2026-06-30,전북특별자치도,완주군,비봉면,1727,908,819,1729,905,824,2,-3,5
5271038000,2026-06-30,전북특별자치도,완주군,운주면,1845,932,913,1858,936,922,13,4,9
5271039000,2026-06-30,전북특별자치도,완주군,화산면,2493,1323,1170,2487,1322,1165,-6,-1,-5
5271040000,2026-06-30,전북특별자치도,완주군,동상면,1035,545,490,1036,545,491,1,0,1
5271041000,2026-06-30,전북특별자치도,완주군,경천면,919,459,460,918,461,457,-1,2,-3
5272025000,2026-06-30,전북특별자치도,진안군,진안읍,9663,4913,4750,9782,4961,4821,119,48,71
5272031000,2026-06-30,전북특별자치도,진안군,용담면,869,440,429,878,441,437,9,1,8
5272032000,2026-06-30,전북특별자치도,진안군,안천면,1034,514,520,1037,516,521,3,2,1
5272033000,2026-06-30,전북특별자치도,진안군,동향면,1325,661,664,1334,660,674,9,-1,10
5272034000,2026-06-30,전북특별자치도,진안군,상전면,821,415,406,840,420,420,19,5,14
5272035000,2026-06-30,전북특별자치도,진안군,백운면,1958,1035,923,1992,1055,937,34,20,14
5272036000,2026-06-30,전북특별자치도,진안군,성수면,1692,865,827,1726,885,841,34,20,14
5272037000,2026-06-30,전북특별자치도,진안군,마령면,1692,868,824,1698,872,826,6,4,2
5272038000,2026-06-30,전북특별자치도,진안군,부귀면,2881,1477,1404,2915,1490,1425,34,13,21
5272039000,2026-06-30,전북특별자치도,진안군,정천면,1069,560,509,1085,570,515,16,10,6
5272040000,2026-06-30,전북특별자치도,진안군,주천면,1410,740,670,1402,736,666,-8,-4,-4
5273025000,2026-06-30,전북특별자치도,무주군,무주읍,9365,4677,4688,9417,4706,4711,52,29,23
5273031000,2026-06-30,전북특별자치도,무주군,무풍면,2100,1069,1031,2101,1073,1028,1,4,-3
5273032000,2026-06-30,전북특별자치도,무주군,설천면,3837,1962,1875,3880,1987,1893,43,25,18
5273033000,2026-06-30,전북특별자치도,무주군,적상면,2564,1290,1274,2571,1300,1271,7,10,-3
5273034000,2026-06-30,전북특별자치도,무주군,안성면,4002,1996,2006,4018,2006,2012,16,10,6
5273035000,2026-06-30,전북특별자치도,무주군,부남면,1334,698,636,1339,700,639,5,2,3
5274025000,2026-06-30,전북특별자치도,장수군,장수읍,7241,3617,3624,7263,3633,3630,22,16,6
5274031000,2026-06-30,전북특별자치도,장수군,산서면,1914,974,940,1911,973,938,-3,-1,-2
5274032000,2026-06-30,전북특별자치도,장수군,번암면,2185,1121,1064,2182,1120,1062,-3,-1,-2
5274033500,2026-06-30,전북특별자치도,장수군,장계면,4195,2139,2056,4194,2139,2055,-1,0,-1
5274034000,2026-06-30,전북특별자치도,장수군,천천면,2006,994,1012,2008,997,1011,2,3,-1
5274035000,2026-06-30,전북특별자치도,장수군,계남면,2097,1052,1045,2098,1055,1043,1,3,-2
5274036000,2026-06-30,전북특별자치도,장수군,계북면,1506,777,729,1513,782,731,7,5,2
5275025000,2026-06-30,전북특별자치도,임실군,임실읍,7075,3623,3452,7058,3623,3435,-17,0,-17
5275031000,2026-06-30,전북특별자치도,임실군,청웅면,1211,612,599,1211,613,598,0,1,-1
5275032000,2026-06-30,전북특별자치도,임실군,운암면,1520,802,718,1532,811,721,12,9,3
5275033000,2026-06-30,전북특별자치도,임실군,신평면,1362,724,638,1370,730,640,8,6,2
5275034000,2026-06-30,전북특별자치도,임실군,성수면,1535,808,727,1546,817,729,11,9,2
5275035500,2026-06-30,전북특별자치도,임실군,오수면,3358,1719,1639,3347,1714,1633,-11,-5,-6
5275036000,2026-06-30,전북특별자치도,임실군,신덕면,1242,660,582,1246,659,587,4,-1,5
5275037000,2026-06-30,전북특별자치도,임실군,삼계면,1387,728,659,1380,726,654,-7,-2,-5
5275038000,2026-06-30,전북특별자치도,임실군,관촌면,3002,1562,1440,3002,1564,1438,0,2,-2
5275039000,2026-06-30,전북특별자치도,임실군,강진면,1378,726,652,1375,724,651,-3,-2,-1
5275040000,2026-06-30,전북특별자치도,임실군,덕치면,1111,583,528,1111,588,523,0,5,-5
5275041000,2026-06-30,전북특별자치도,임실군,지사면,1166,586,580,1164,588,576,-2,2,-4
5277025000,2026-06-30,전북특별자치도,순창군,순창읍,10841,5298,5543,10847,5298,5549,6,0,6
5277031000,2026-06-30,전북특별자치도,순창군,인계면,1505,749,756,1503,747,756,-2,-2,0
5277032000,2026-06-30,전북특별자치도,순창군,동계면,1932,970,962,1932,969,963,0,-1,1
5277033000,2026-06-30,전북특별자치도,순창군,풍산면,1593,810,783,1584,803,781,-9,-7,-2
5277034000,2026-06-30,전북특별자치도,순창군,금과면,1774,905,869,1767,904,863,-7,-1,-6
5277035000,2026-06-30,전북특별자치도,순창군,팔덕면,1438,743,695,1438,740,698,0,-3,3
5277036000,2026-06-30,전북특별자치도,순창군,쌍치면,1962,982,980,1954,981,973,-8,-1,-7
5277037000,2026-06-30,전북특별자치도,순창군,복흥면,2075,1011,1064,2070,1010,1060,-5,-1,-4
5277038000,2026-06-30,전북특별자치도,순창군,적성면,1238,608,630,1241,607,634,3,-1,4
5277039000,2026-06-30,전북특별자치도,순창군,유등면,1020,514,506,1025,520,505,5,6,-1
5277040000,2026-06-30,전북특별자치도,순창군,구림면,2233,1119,1114,2223,1119,1104,-10,0,-10
5279025000,2026-06-30,전북특별자치도,고창군,고창읍,20479,10102,10377,20494,10117,10377,15,15,0
5279031000,2026-06-30,전북특별자치도,고창군,고수면,2199,1135,1064,2194,1134,1060,-5,-1,-4
5279032000,2026-06-30,전북특별자치도,고창군,아산면,2395,1241,1154,2393,1245,1148,-2,4,-6
5279033000,2026-06-30,전북특별자치도,고창군,무장면,2622,1335,1287,2610,1324,1286,-12,-11,-1
5279034000,2026-06-30,전북특별자치도,고창군,공음면,2183,1096,1087,2175,1092,1083,-8,-4,-4
5279035000,2026-06-30,전북특별자치도,고창군,상하면,2159,1106,1053,2150,1099,1051,-9,-7,-2
5279036000,2026-06-30,전북특별자치도,고창군,해리면,2414,1212,1202,2415,1215,1200,1,3,-2
5279037000,2026-06-30,전북특별자치도,고창군,성송면,1591,826,765,1589,823,766,-2,-3,1
5279038000,2026-06-30,전북특별자치도,고창군,대산면,2795,1396,1399,2800,1403,1397,5,7,-2
5279039000,2026-06-30,전북특별자치도,고창군,심원면,2236,1132,1104,2219,1120,1099,-17,-12,-5
5279040000,2026-06-30,전북특별자치도,고창군,흥덕면,2847,1430,1417,2844,1430,1414,-3,0,-3
5279041000,2026-06-30,전북특별자치도,고창군,성내면,1737,917,820,1741,919,822,4,2,2
5279042000,2026-06-30,전북특별자치도,고창군,신림면,1992,1016,976,1983,1012,971,-9,-4,-5
5279043000,2026-06-30,전북특별자치도,고창군,부안면,2499,1249,1250,2464,1236,1228,-35,-13,-22
5280025000,2026-06-30,전북특별자치도,부안군,부안읍,19797,9662,10135,19803,9667,10136,6,5,1
5280031000,2026-06-30,전북특별자치도,부안군,주산면,1685,852,833,1688,854,834,3,2,1
5280032000,2026-06-30,전북특별자치도,부안군,동진면,2452,1268,1184,2442,1267,1175,-10,-1,-9
5280033000,2026-06-30,전북특별자치도,부안군,행안면,1974,1035,939,1966,1033,933,-8,-2,-6
5280034000,2026-06-30,전북특별자치도,부안군,계화면,2903,1467,1436,2898,1460,1438,-5,-7,2
5280035000,2026-06-30,전북특별자치도,부안군,보안면,2151,1100,1051,2140,1095,1045,-11,-5,-6
5280036000,2026-06-30,전북특별자치도,부안군,변산면,4042,2108,1934,4037,2107,1930,-5,-1,-4
5280037000,2026-06-30,전북특별자치도,부안군,진서면,2062,1049,1013,2058,1050,1008,-4,1,-5
5280038000,2026-06-30,전북특별자치도,부안군,백산면,2219,1098,1121,2221,1103,1118,2,5,-3
5280039000,2026-06-30,전북특별자치도,부안군,상서면,1946,970,976,1939,965,974,-7,-5,-2
5280040000,2026-06-30,전북특별자치도,부안군,하서면,2338,1176,1162,2328,1166,1162,-10,-10,0
5280041000,2026-06-30,전북특별자치도,부안군,줄포면,2380,1204,1176,2365,1194,1171,-15,-10,-5
5280042000,2026-06-30,전북특별자치도,부안군,위도면,1060,584,476,1061,582,479,1,-2,3
